n,strategy_name,dataset_source,order_json,candidate_family,candidate_source,generation_method,selection_bucket,priority_role,u2_range,peeq_max,surface_t_proxy,surface_t_proxy_mpa,mises_max,u2_rank_combined172_within_n,peeq_rank_combined172_within_n,surfaceT_rank_combined172_within_n,mises_rank_combined172_within_n,u2_cost_minmax_combined172_within_n,peeq_cost_minmax_combined172_within_n,surfaceT_cost_minmax_combined172_within_n,mises_cost_minmax_combined172_within_n,target_u2_score_combined172_rank,target_peeq_score_combined172_rank,target_surfaceT_score_combined172_rank,target_mises_score_combined172_rank,target_reward_combined172_u2_primary,reward_rank_combined172_within_n,combined172_pareto_flag_u2_peeq,combined172_pareto_flag_u2_peeq_surfaceT_mises,is_probe60,is_batch20,is_batch28,is_shortlist64_run27,teacher_validation_status
12,N12_A01_raster_left_to_right,probe60_run08,"[0,1,2,3,4,5,6,7,8,9,10,11]",raster,,,,,0.0001314298706347472,0.172713503241539,585930688.0,585.930688,579938304.0,30.0,31.0,32.0,7.0,0.8005559020052946,0.9253590101392108,1.0,0.17857142857142858,0.06451612903225812,0.032258064516129004,0.0,0.8064516129032258,0.08870967741935487,32.0,False,False,True,False,False,False,PASS_ODB_EXTRACTED
12,N12_A02_odd_even_interlaced,probe60_run08,"[0,2,4,6,8,10,1,3,5,7,9,11]",odd_even,,,,,4.044348497700412e-05,0.14851008355617523,585297728.0,585.297728,579939584.0,10.0,14.0,29.0,26.5,0.1265925005322361,0.2339174440572509,0.8777563532087412,0.8928571428571429,0.7096774193548387,0.5806451612903225,0.09677419354838712,0.17741935483870963,0.5959677419354839,13.0,False,False,True,False,False,False,PASS_ODB_EXTRACTED
12,N12_A03_greedy_maximin_distance,probe60_run08,"[0,11,5,8,2,1,3,4,6,7,9,10]",maximin,,,,,8.175894481610158e-05,0.16098161041736603,585035712.0,585.035712,579939584.0,23.0,25.0,28.0,26.5,0.43262848212759913,0.5902031332877555,0.8271531691881736,0.8928571428571429,0.29032258064516125,0.22580645161290325,0.12903225806451613,0.17741935483870963,0.25564516129032255,26.0,False,False,True,False,False,False,PASS_ODB_EXTRACTED
12,N12_A04_method_c_u2_first_engineering,probe60_run08,"[0,2,4,6,8,10,5,3,1,7,9,11]",method_c,,,,,4.4116221033618785e-05,0.1464761346578598,581743296.0,581.743296,579939584.0,12.0,7.0,13.0,26.5,0.15379755618462665,0.1758117371007936,0.19128844062098288,0.8928571428571429,0.6451612903225806,0.8064516129032258,0.6129032258064516,0.17741935483870963,0.6508064516129033,9.0,False,True,True,False,False,False,PASS_ODB_EXTRACTED
12,N12_A05_center_out,probe60_run08,"[5,6,4,7,3,8,2,9,1,10,0,11]",center_out,,,,,0.0001583552163992863,0.16032162308692932,580972800.0,580.9728,579938048.0,32.0,24.0,3.0,2.5,1.0,0.5713486623376292,0.04248244833382775,0.03571428571428571,0.0,0.25806451612903225,0.935483870967742,0.9516129032258065,0.19274193548387097,29.0,False,True,True,False,False,False,PASS_ODB_EXTRACTED
12,N12_A06_edge_in_alternating,probe60_run08,"[0,11,1,10,2,9,3,8,4,7,5,6]",edge_in,,,,,0.00010128901044481609,0.17532625794410706,580798976.0,580.798976,579937984.0,27.0,32.0,2.0,1.0,0.5772935258807723,1.0,0.008911796697320281,0.0,0.16129032258064513,0.0,0.967741935483871,1.0,0.25161290322580643,27.0,False,True,True,False,False,False,PASS_ODB_EXTRACTED
12,N12_A07_regular_jump_coprime,probe60_run08,"[0,5,10,3,8,1,6,11,4,9,2,7]",regular_jump,,,,,6.379491514962865e-05,0.15351411700248718,581880128.0,581.880128,579938432.0,18.0,18.0,15.0,12.0,0.29956353564515037,0.37687231439471663,0.21771482250568575,0.25,0.4516129032258065,0.4516129032258065,0.5483870967741935,0.6451612903225806,0.47096774193548385,19.0,False,True,True,False,False,False,PASS_ODB_EXTRACTED
12,N12_A08_block_interleaved_quarters,probe60_run08,"[0,3,6,9,1,4,7,10,2,5,8,11]",block_interleaved,,,,,3.6826456380367745e-05,0.14324450492858887,582462656.0,582.462656,579939584.0,4.0,4.0,19.0,26.5,0.0998000867156871,0.08349076964860555,0.33021853060417283,0.8928571428571429,0.9032258064516129,0.9032258064516129,0.4193548387096774,0.17741935483870963,0.8185483870967744,5.0,False,False,True,False,False,False,PASS_ODB_EXTRACTED
12,N12_A09_center_edge_alternating,probe60_run08,"[5,0,6,11,4,1,7,10,3,2,8,9]",center_edge,,,,,0.00010808459228428546,0.1680927276611328,580752832.0,580.752832,579938304.0,28.0,30.0,1.0,7.0,0.6276304352811026,0.793353023160379,0.0,0.17857142857142858,0.12903225806451613,0.06451612903225812,1.0,0.8064516129032258,0.2370967741935484,28.0,False,True,True,False,False,False,PASS_ODB_EXTRACTED
12,N12_A10_graph_pointer_policy_zero_shot_or_proxy_best,probe60_run08,"[0,11,2,5,4,8,6,1,10,3,7,9]",graph_pointer_proxy,,,,,5.570924804487731e-05,0.15651747584342957,583114560.0,583.11456,579938304.0,17.0,20.0,27.0,7.0,0.2396705784109131,0.4626720554016904,0.45612083456936614,0.17857142857142858,0.4838709677419355,0.3870967741935484,0.16129032258064513,0.8064516129032258,0.4483870967741936,20.0,False,True,True,False,False,False,PASS_ODB_EXTRACTED
12,N12_A11_graph_pointer_policy_diverse_01,probe60_run08,"[0,5,11,10,1,3,8,2,9,6,4,7]",graph_pointer_proxy,,,,,7.328880428758566e-05,0.1638757288455963,582071168.0,582.071168,579939392.0,19.0,29.0,17.0,17.0,0.3698876151255084,0.6728821019812711,0.2546104024522891,0.7857142857142857,0.4193548387096774,0.09677419354838712,0.4838709677419355,0.4838709677419355,0.36451612903225805,22.0,False,False,True,False,False,False,PASS_ODB_EXTRACTED
12,N12_A12_graph_pointer_policy_diverse_02,probe60_run08,"[4,7,3,8,2,9,1,10,0,11,5,6]",graph_pointer_proxy,,,,,0.00013954683527117595,0.16334585845470428,581337984.0,581.337984,579938048.0,31.0,27.0,12.0,2.5,0.8606806894276917,0.6577448024731195,0.11301048155839019,0.03571428571428571,0.032258064516129004,0.16129032258064513,0.6451612903225806,0.9516129032258065,0.16532258064516125,31.0,False,True,True,False,False,False,PASS_ODB_EXTRACTED
12,N12_A13_graph_pointer_policy_anti_odd_even_novelty,probe60_run08,"[1,10,3,8,5,6,7,4,9,2,11,0]",graph_pointer_proxy,,,,,7.77201084929402e-05,0.14032196998596191,581967424.0,581.967424,579939328.0,20.0,1.0,16.0,15.5,0.40271161218411067,0.0,0.2345743102936814,0.75,0.3870967741935484,1.0,0.5161290322580645,0.532258064516129,0.5298387096774193,15.0,True,True,True,False,False,False,PASS_ODB_EXTRACTED
12,N12_A14_graph_pointer_policy_u2first_proxy,probe60_run08,"[0,5,2,6,4,7,8,3,10,1,9,11]",graph_pointer_proxy,,,,,0.00010109988033946138,0.15888875722885132,581829312.0,581.829312,579938368.0,26.0,22.0,14.0,10.5,0.5758925825615675,0.530414652773107,0.20790072184317215,0.21428571428571427,0.19354838709677424,0.32258064516129037,0.5806451612903225,0.6935483870967742,0.2830645161290323,24.0,False,False,True,False,False,False,PASS_ODB_EXTRACTED
12,N12_A15_graph_pointer_policy_balanced_dispersion_proxy,probe60_run08,"[0,5,11,6,4,8,7,2,3,1,9,10]",graph_pointer_proxy,,,,,9.216308080794988e-05,0.1593673974275589,581069312.0,581.069312,579938240.0,25.0,23.0,7.0,4.0,0.5096950325984676,0.5440884118074256,0.06112182339562939,0.14285714285714285,0.22580645161290325,0.29032258064516125,0.8064516129032258,0.9032258064516129,0.33064516129032256,23.0,False,True,True,False,False,False,PASS_ODB_EXTRACTED
16,N16_A01_raster_left_to_right,probe60_run08,"[0,1,2,3,4,5,6,7,8,9,10,11,12,13,14,15]",raster,,,,,0.00024349282352886803,0.17520761489868164,587841664.0,587.841664,579948288.0,30.0,31.0,32.0,22.5,0.850677556021455,0.8525228565562386,1.0,0.9230769230769231,0.06451612903225812,0.032258064516129004,0.0,0.30645161290322576,0.06370967741935488,32.0,False,False,True,False,False,False,PASS_ODB_EXTRACTED
16,N16_A02_odd_even_interlaced,probe60_run08,"[0,2,4,6,8,10,12,14,1,3,5,7,9,11,13,15]",odd_even,,,,,4.9715717977960594e-05,0.15370793640613556,585719808.0,585.719808,579947520.0,9.0,15.0,30.0,9.0,0.03768553655246089,0.15550042874913947,0.6943458499663498,0.46153846153846156,0.7419354838709677,0.5483870967741935,0.06451612903225812,0.7419354838709677,0.6354838709677421,13.0,False,True,True,False,False,False,PASS_ODB_EXTRACTED
16,N16_A03_greedy_maximin_distance,probe60_run08,"[0,15,7,11,3,5,9,13,1,2,4,6,8,10,12,14]",maximin,,,,,4.607185064742225e-05,0.1532730907201767,582927360.0,582.92736,579948160.0,5.0,14.0,23.0,16.5,0.02239768791157388,0.1414026739453375,0.29209267163890146,0.8461538461538461,0.8709677419354839,0.5806451612903225,0.29032258064516125,0.5,0.7362903225806452,7.0,False,True,True,False,False,False,PASS_ODB_EXTRACTED
16,N16_A04_method_c_u2_first_engineering,probe60_run08,"[0,2,4,6,8,10,12,14,7,5,3,1,9,11,13,15]",method_c,,,,,5.043179316999158e-05,0.15182757377624512,581727104.0,581.727104,579948352.0,10.0,8.0,12.0,28.5,0.04068983066040429,0.09453882293264411,0.1191953461357623,0.9615384615384616,0.7096774193548387,0.7741935483870968,0.6451612903225806,0.11290322580645162,0.6862903225806452,10.0,False,False,True,False,False,False,PASS_ODB_EXTRACTED
16,N16_A05_center_out,probe60_run08,"[7,8,6,9,5,10,4,11,3,12,2,13,1,14,0,15]",center_out,,,,,0.00027908391211894923,0.16641919314861298,582182080.0,582.18208,579946816.0,32.0,26.0,17.0,2.5,1.0,0.5676010579837921,0.18473480902377637,0.038461538461538464,0.0,0.19354838709677424,0.4838709677419355,0.9516129032258065,0.13467741935483873,31.0,False,False,True,False,False,False,PASS_ODB_EXTRACTED
16,N16_A06_edge_in_alternating,probe60_run08,"[0,15,1,14,2,13,3,12,4,11,5,10,6,9,7,8]",edge_in,,,,,0.00020532089024527522,0.1797565519809723,581764096.0,581.764096,579947776.0,27.0,32.0,13.0,10.0,0.6905271758254262,1.0,0.12452405756483419,0.6153846153846154,0.16129032258064513,0.0,0.6129032258064516,0.7096774193548387,0.20161290322580644,29.0,False,True,True,False,False,False,PASS_ODB_EXTRACTED
16,N16_A07_regular_jump_coprime,probe60_run08,"[0,5,10,15,4,9,14,3,8,13,2,7,12,1,6,11]",regular_jump,,,,,0.0002763091160886688,0.16533087193965912,581433216.0,581.433216,579946752.0,31.0,25.0,6.0,1.0,0.988358340775817,0.532317540066909,0.07686066986881045,0.0,0.032258064516129004,0.22580645161290325,0.8387096774193549,1.0,0.2,30.0,False,True,True,False,False,False,PASS_ODB_EXTRACTED
16,N16_A08_block_interleaved_quarters,probe60_run08,"[0,4,8,12,1,5,9,13,2,6,10,14,3,7,11,15]",block_interleaved,,,,,0.00016068820355030766,0.1505546271800995,582573376.0,582.573376,579948160.0,22.0,6.0,20.0,16.5,0.5032706989196143,0.05326972547977633,0.2411011441056892,0.8461538461538461,0.32258064516129037,0.8387096774193549,0.3870967741935484,0.5,0.44112903225806455,19.0,False,True,True,False,False,False,PASS_ODB_EXTRACTED
16,N16_A09_center_edge_alternating,probe60_run08,"[7,0,8,15,6,1,9,14,5,2,10,13,4,3,11,12]",center_edge,,,,,0.00021473178685482708,0.17430327832698822,580899648.0,580.899648,579946944.0,28.0,29.0,1.0,4.5,0.7300106009589669,0.8232041449775963,0.0,0.11538461538461539,0.12903225806451613,0.09677419354838712,1.0,0.8870967741935484,0.24758064516129036,27.0,False,True,True,False,False,False,PASS_ODB_EXTRACTED
16,N16_A10_graph_pointer_policy_zero_shot_or_proxy_best,probe60_run08,"[0,15,2,7,4,11,6,3,8,5,10,9,12,13,14,1]",graph_pointer_proxy,,,,,0.0001204781697197177,0.1701684147119522,581290304.0,581.290304,579948096.0,20.0,28.0,2.0,15.0,0.33456946605771787,0.6891513182526359,0.05627414284265551,0.8076923076923077,0.3870967741935484,0.12903225806451613,0.967741935483871,0.5483870967741935,0.40161290322580645,21.0,False,True,True,False,False,False,PASS_ODB_EXTRACTED
16,N16_A11_graph_pointer_policy_diverse_01,probe60_run08,"[0,5,15,10,1,14,4,2,9,13,3,12,8,11,7,6]",graph_pointer_proxy,,,,,0.00018299555517842236,0.17434175312519073,582880128.0,582.880128,579946944.0,26.0,30.0,22.0,4.5,0.5968612126058735,0.8244515030374763,0.28528888438171274,0.11538461538461539,0.19354838709677424,0.06451612903225812,0.32258064516129037,0.8870967741935484,0.21532258064516135,28.0,False,True,True,False,False,False,PASS_ODB_EXTRACTED
16,N16_A12_graph_pointer_policy_diverse_02,probe60_run08,"[9,5,10,4,11,3,12,2,13,1,14,0,15,7,8,6]",graph_pointer_proxy,,,,,0.00023973382963049517,0.16137175261974335,581517248.0,581.517248,579946816.0,29.0,21.0,10.0,2.5,0.8349066937623584,0.40396236669524993,0.08896551088329384,0.038461538461538464,0.09677419354838712,0.3548387096774194,0.7096774193548387,0.9516129032258065,0.25241935483870975,26.0,False,True,True,False,False,False,PASS_ODB_EXTRACTED
16,N16_A13_graph_pointer_policy_anti_odd_even_novelty,probe60_run08,"[1,14,3,12,5,10,7,8,9,6,11,4,13,2,15,0]",graph_pointer_proxy,,,,,0.00011749031591534731,0.15198101103305817,581337280.0,581.33728,579948288.0,19.0,9.0,5.0,22.5,0.32203392275198384,0.0995132791458834,0.06304105320414127,0.9230769230769231,0.4193548387096774,0.7419354838709677,0.8709677419354839,0.30645161290322576,0.5233870967741936,15.0,False,False,True,False,False,False,PASS_ODB_EXTRACTED
16,N16_A14_graph_pointer_policy_u2first_proxy,probe60_run08,"[0,7,2,8,4,6,9,5,10,12,14,11,1,3,13,15]",graph_pointer_proxy,,,,,0.00015728273911008728,0.1641508787870407,582433856.0,582.433856,579947264.0,21.0,23.0,19.0,8.0,0.4889830698180573,0.49406200557977753,0.22100323594759794,0.3076923076923077,0.3548387096774194,0.29032258064516125,0.4193548387096774,0.7741935483870968,0.3693548387096774,23.0,False,False,True,False,False,False,PASS_ODB_EXTRACTED
16,N16_A15_graph_pointer_policy_balanced_dispersion_proxy,probe60_run08,"[0,7,15,8,6,11,9,3,5,10,4,13,1,2,12,14]",graph_pointer_proxy,,,,,0.0001736121434987581,0.16458375751972198,582198912.0,582.198912,579947904.0,24.0,24.0,18.0,11.5,0.5574931005202326,0.5080959914974819,0.18715946491624336,0.6923076923076923,0.25806451612903225,0.25806451612903225,0.4516129032258065,0.6612903225806452,0.29758064516129035,24.0,False,False,True,False,False,False,PASS_ODB_EXTRACTED
24,N24_A01_raster_left_to_right,probe60_run08,"[0,1,2,3,4,5,6,7,8,9,10,11,12,13,14,15,16,17,18,19,20,21,22,23]",raster,,,,,0.0005523721708868834,0.18925029039382935,587159872.0,587.159872,579944256.0,51.0,54.0,50.0,23.5,0.8734600795804637,1.0,0.6468115942028986,0.696969696969697,0.05660377358490565,0.0,0.07547169811320753,0.5754716981132075,0.0731132075471698,53.0,False,False,True,False,False,False,PASS_ODB_EXTRACTED
24,N24_A02_odd_even_interlaced,probe60_run08,"[0,2,4,6,8,10,12,14,16,18,20,22,1,3,5,7,9,11,13,15,17,19,21,23]",odd_even,,,,,8.360300034837564e-05,0.15498611330986023,586226112.0,586.226112,579943936.0,27.0,17.0,45.0,15.0,0.07431611936549731,0.1425757740731184,0.5506982872200263,0.5454545454545454,0.5094339622641509,0.6981132075471699,0.16981132075471694,0.7358490566037736,0.5245283018867926,29.0,False,True,True,False,False,False,PASS_ODB_EXTRACTED
24,N24_A03_greedy_maximin_distance,probe60_run08,"[0,23,11,17,5,8,14,20,2,1,3,4,6,7,9,10,12,13,15,16,18,19,21,22]",maximin,,,,,0.0002935029126547306,0.16460579633712769,584637632.0,584.637632,579944576.0,44.0,42.0,37.0,34.5,0.432147345716368,0.3832980086419956,0.38719367588932807,0.8484848484848485,0.18867924528301883,0.2264150943396226,0.3207547169811321,0.3679245283018868,0.2183962264150943,47.0,False,False,True,False,False,False,PASS_ODB_EXTRACTED
24,N24_A04_method_c_u2_first_engineering,probe60_run08,"[0,2,4,6,8,10,12,14,16,18,20,22,11,9,7,5,3,1,13,15,17,19,21,23]",method_c,,,,,5.621172385872342e-05,0.15437763929367065,581727232.0,581.727232,579944640.0,5.0,15.0,14.0,42.0,0.02762027299800325,0.1273493654233668,0.08762187088274045,0.8787878787878788,0.9245283018867925,0.7358490566037736,0.7547169811320755,0.2264150943396226,0.8349056603773586,2.0,False,True,True,False,False,False,PASS_ODB_EXTRACTED
24,N24_A05_center_out,probe60_run08,"[11,12,10,13,9,14,8,15,7,16,6,17,5,18,4,19,3,20,2,21,1,22,0,23]",center_out,,,,,0.0006265991143266092,0.17296180129051208,588072192.0,588.072192,579944128.0,54.0,50.0,52.0,21.0,1.0,0.592398056818809,0.7407180500658761,0.6363636363636364,0.0,0.07547169811320753,0.037735849056603765,0.6226415094339622,0.049999999999999996,54.0,False,False,True,False,False,False,PASS_ODB_EXTRACTED
24,N24_A06_edge_in_alternating,probe60_run08,"[0,23,1,22,2,21,3,20,4,19,5,18,6,17,7,16,8,15,9,14,10,13,11,12]",edge_in,,,,,0.000525546938433763,0.18484757840633392,590591168.0,590.591168,579942784.0,49.0,53.0,54.0,1.0,0.8277292085173192,0.8898268617802749,1.0,0.0,0.09433962264150941,0.018867924528301883,0.0,1.0,0.1150943396226415,52.0,False,True,True,False,False,False,PASS_ODB_EXTRACTED
24,N24_A07_regular_jump_coprime,probe60_run08,"[0,11,22,9,20,7,18,5,16,3,14,1,12,23,10,21,8,19,6,17,4,15,2,13]",regular_jump,,,,,0.00023713416885584593,0.1627264767885208,583243392.0,583.243392,579943104.0,40.0,37.0,28.0,2.0,0.3360515613028256,0.33627005564943985,0.24368247694334652,0.15151515151515152,0.26415094339622647,0.3207547169811321,0.49056603773584906,0.9811320754716981,0.33396226415094343,41.0,False,True,True,False,False,False,PASS_ODB_EXTRACTED
24,N24_A08_block_interleaved_quarters,probe60_run08,"[0,6,12,18,1,7,13,19,2,8,14,20,3,9,15,21,4,10,16,22,5,11,17,23]",block_interleaved,,,,,0.0006247397857350734,0.15462736785411835,584995648.0,584.995648,579943744.0,53.0,16.0,40.0,11.5,0.9968302710430511,0.13359855439729015,0.42404479578392623,0.45454545454545453,0.018867924528301883,0.7169811320754718,0.26415094339622647,0.8018867924528301,0.22216981132075472,46.0,False,False,True,False,False,False,PASS_ODB_EXTRACTED
24,N24_A09_center_edge_alternating,probe60_run08,"[11,0,12,23,10,1,13,22,9,2,14,21,8,3,15,20,7,4,16,19,6,5,17,18]",center_edge,,,,,0.0005546370016418223,0.17539091408252716,581775744.0,581.775744,579943744.0,52.0,51.0,16.0,11.5,0.8773210967558025,0.6531839951554709,0.09261528326745717,0.45454545454545453,0.037735849056603765,0.05660377358490565,0.7169811320754718,0.8018867924528301,0.14764150943396226,51.0,False,False,True,False,False,False,PASS_ODB_EXTRACTED
24,N24_A10_graph_pointer_policy_zero_shot_or_proxy_best,probe60_run08,"[0,23,2,11,4,17,6,5,8,10,14,12,20,16,1,18,3,22,7,9,13,15,19,21]",graph_pointer_proxy,,,,,0.00018885933013734757,0.15415936708450317,583863616.0,583.863616,579943360.0,35.0,10.0,32.0,6.5,0.25375402934712615,0.12188733785071751,0.30752305665349144,0.2727272727272727,0.3584905660377359,0.8301886792452831,0.41509433962264153,0.8962264150943396,0.4853773584905661,31.0,False,True,True,False,False,False,PASS_ODB_EXTRACTED
24,N24_A11_graph_pointer_policy_diverse_01,probe60_run08,"[0,11,23,22,1,9,20,2,7,21,18,3,5,16,4,19,14,12,6,17,10,8,15,13]",graph_pointer_proxy,,,,,0.0002307547981672542,0.16373257339000702,589194880.0,589.19488,579943936.0,38.0,39.0,53.0,15.0,0.3251761968886001,0.36144654238142615,0.8562779973649539,0.5454545454545454,0.30188679245283023,0.28301886792452835,0.018867924528301883,0.7358490566037736,0.2915094339622642,42.0,False,False,True,False,False,False,PASS_ODB_EXTRACTED
24,N24_A12_graph_pointer_policy_diverse_02,probe60_run08,"[9,14,8,15,7,16,6,17,5,18,4,19,3,20,2,21,1,22,0,23,11,12,10,13]",graph_pointer_proxy,,,,,0.0005429062013035946,0.16415530443191528,583079232.0,583.079232,579943936.0,50.0,40.0,26.0,15.0,0.8573227717208752,0.3720249326195807,0.22678524374176548,0.5454545454545454,0.07547169811320753,0.26415094339622647,0.5283018867924528,0.7358490566037736,0.19150943396226416,48.0,False,False,True,False,False,False,PASS_ODB_EXTRACTED
24,N24_A13_graph_pointer_policy_anti_odd_even_novelty,probe60_run08,"[1,22,3,20,5,18,7,16,9,14,11,12,13,10,15,8,17,6,19,4,21,2,23,0]",graph_pointer_proxy,,,,,0.0002316626496394747,0.16216421127319336,581204672.0,581.204672,579944256.0,39.0,31.0,5.0,23.5,0.3267238755039917,0.32219996509791227,0.03383399209486166,0.696969696969697,0.28301886792452835,0.4339622641509434,0.9245283018867925,0.5754716981132075,0.3919811320754718,38.0,False,False,True,False,False,False,PASS_ODB_EXTRACTED
24,N24_A14_graph_pointer_policy_u2first_proxy,probe60_run08,"[0,11,2,12,4,10,6,13,8,9,14,15,16,7,18,20,22,17,1,5,3,19,21,23]",graph_pointer_proxy,,,,,0.00037357585802055837,0.1622905135154724,583235840.0,583.23584,579944640.0,45.0,32.0,27.0,42.0,0.5686533590965028,0.3253605430406878,0.24290513833992095,0.8787878787878788,0.16981132075471694,0.41509433962264153,0.5094339622641509,0.2264150943396226,0.25566037735849056,43.0,False,False,True,False,False,False,PASS_ODB_EXTRACTED
24,N24_A15_graph_pointer_policy_balanced_dispersion_proxy,probe60_run08,"[0,11,23,12,10,17,13,5,9,8,14,20,15,2,7,1,16,3,6,4,18,19,21,22]",graph_pointer_proxy,,,,,0.000441046652440491,0.1661432981491089,583990144.0,583.990144,579944128.0,48.0,47.0,34.0,21.0,0.6836755944317627,0.4217723399463343,0.3205467720685112,0.6363636363636364,0.1132075471698113,0.13207547169811318,0.37735849056603776,0.6226415094339622,0.16886792452830185,49.0,False,False,True,False,False,False,PASS_ODB_EXTRACTED
40,N40_A01_raster_left_to_right,probe60_run08,"[0,1,2,3,4,5,6,7,8,9,10,11,12,13,14,15,16,17,18,19,20,21,22,23,24,25,26,27,28,29,30,31,32,33,34,35,36,37,38,39]",raster,,,,,0.0015270577277988195,0.20001305639743805,585953088.0,585.953088,579928512.0,45.0,53.0,36.0,52.0,0.7275211219454973,0.9901310909115432,0.2775585198250836,0.8974358974358975,0.16981132075471694,0.018867924528301883,0.339622641509434,0.037735849056603765,0.14999999999999997,48.0,False,False,True,False,False,False,PASS_ODB_EXTRACTED
40,N40_A02_odd_even_interlaced,probe60_run08,"[0,2,4,6,8,10,12,14,16,18,20,22,24,26,28,30,32,34,36,38,1,3,5,7,9,11,13,15,17,19,21,23,25,27,29,31,33,35,37,39]",odd_even,,,,,0.00015956887364154682,0.15780819952487946,587307392.0,587.307392,579927744.0,13.0,16.0,41.0,51.0,0.049570374920753224,0.2410915488953576,0.3553191489361702,0.7435897435897436,0.7735849056603774,0.7169811320754718,0.24528301886792447,0.05660377358490565,0.6735849056603775,17.0,False,False,True,False,False,False,PASS_ODB_EXTRACTED
40,N40_A03_greedy_maximin_distance,probe60_run08,"[0,39,19,29,9,14,24,34,4,2,6,11,16,21,26,31,36,1,3,5,7,8,10,12,13,15,17,18,20,22,23,25,27,28,30,32,33,35,37,38]",maximin,,,,,0.0006838651936504903,0.16065658628940582,585288896.0,585.288896,579926656.0,28.0,25.0,31.0,37.5,0.30949723336044044,0.291643889921611,0.2394223349134605,0.5256410256410257,0.49056603773584906,0.5471698113207547,0.4339622641509434,0.3113207547169812,0.48726415094339626,31.0,False,False,True,False,False,False,PASS_ODB_EXTRACTED
40,N40_A04_method_c_u2_first_engineering,probe60_run08,"[0,2,4,6,8,10,12,14,16,18,20,22,24,26,28,30,32,34,36,38,19,17,15,13,11,9,7,5,3,1,21,23,25,27,29,31,33,35,37,39]",method_c,,,,,0.0001108189990191022,0.15395095944404602,582221504.0,582.221504,579926528.0,6.0,6.0,7.0,35.5,0.02540197763022005,0.17263437221736935,0.06330062837614375,0.5,0.9056603773584906,0.9056603773584906,0.8867924528301887,0.34905660377358494,0.8759433962264151,2.0,True,True,True,False,False,False,PASS_ODB_EXTRACTED
40,N40_A05_center_out,probe60_run08,"[19,20,18,21,17,22,16,23,15,24,14,25,13,26,12,27,11,28,10,29,9,30,8,31,7,32,6,33,5,34,4,35,3,36,2,37,1,38,0,39]",center_out,,,,,0.001834161696024239,0.17962194979190826,588607232.0,588.607232,579925632.0,51.0,51.0,46.0,12.0,0.8797719896872987,0.628235653162999,0.4299525961856466,0.32051282051282054,0.05660377358490565,0.05660377358490565,0.15094339622641506,0.7924528301886793,0.10283018867924527,54.0,False,False,True,False,False,False,PASS_ODB_EXTRACTED
40,N40_A06_edge_in_alternating,probe60_run08,"[0,39,1,38,2,37,3,36,4,35,5,34,6,33,7,32,8,31,9,30,10,29,11,28,12,27,13,26,14,25,15,24,16,23,17,22,18,21,19,20]",edge_in,,,,,0.0016398808220401406,0.20056912302970886,595556480.0,595.55648,579926400.0,46.0,54.0,51.0,31.0,0.7834546681605292,1.0,0.8289604233270863,0.47435897435897434,0.15094339622641506,0.0,0.05660377358490565,0.4339622641509434,0.12547169811320752,51.0,False,False,True,False,False,False,PASS_ODB_EXTRACTED
40,N40_A07_regular_jump_coprime,probe60_run08,"[0,13,26,39,12,25,38,11,24,37,10,23,36,9,22,35,8,21,34,7,20,33,6,19,32,5,18,31,4,17,30,3,16,29,2,15,28,1,14,27]",regular_jump,,,,,0.002076672622933984,0.1631038337945938,595582528.0,595.582528,579924032.0,54.0,34.0,52.0,1.0,1.0,0.3350769278779161,0.8304560320435086,0.0,0.0,0.37735849056603776,0.037735849056603765,1.0,0.12924528301886795,50.0,False,True,True,False,False,False,PASS_ODB_EXTRACTED
40,N40_A08_block_interleaved_quarters,probe60_run08,"[0,10,20,30,1,11,21,31,2,12,22,32,3,13,23,33,4,14,24,34,5,15,25,35,6,16,26,36,7,17,27,37,8,18,28,38,9,19,29,39]",block_interleaved,,,,,0.0020561176352202892,0.1575537621974945,594139136.0,594.139136,579924416.0,53.0,14.0,50.0,3.0,0.9898095920612301,0.23657586910637673,0.7475802006394003,0.07692307692307693,0.018867924528301883,0.7547169811320755,0.07547169811320753,0.9622641509433962,0.2188679245283019,46.0,False,True,True,False,False,False,PASS_ODB_EXTRACTED
40,N40_A09_center_edge_alternating,probe60_run08,"[19,0,20,39,18,1,21,38,17,2,22,37,16,3,23,36,15,4,24,35,14,5,25,34,13,6,26,33,12,7,27,32,11,8,28,31,10,9,29,30]",center_edge,,,,,0.0018988421652466059,0.177616149187088,588119552.0,588.119552,579924096.0,52.0,49.0,44.0,2.0,0.9118381906613737,0.5926372865828906,0.40195127328850183,0.01282051282051282,0.037735849056603765,0.09433962264150941,0.18867924528301883,0.9811320754716981,0.11132075471698112,53.0,False,True,True,False,False,False,PASS_ODB_EXTRACTED
40,N40_A10_graph_pointer_policy_zero_shot_or_proxy_best,probe60_run08,"[0,39,2,19,4,29,6,9,8,14,10,24,12,34,16,18,20,11,22,21,26,28,31,30,36,32,1,3,5,38,7,13,15,17,23,25,27,33,35,37]",graph_pointer_proxy,,,,,0.0007608353594150685,0.15650783479213715,585921600.0,585.9216,579925632.0,30.0,12.0,33.0,12.0,0.34765621448856954,0.21801305328978182,0.27575056039392937,0.32051282051282054,0.4528301886792453,0.7924528301886793,0.39622641509433965,0.7924528301886793,0.5320754716981132,24.0,False,True,True,False,False,False,PASS_ODB_EXTRACTED
40,N40_A11_graph_pointer_policy_diverse_01,probe60_run08,"[0,13,39,26,1,38,12,2,25,37,3,11,36,24,4,35,10,5,23,34,6,9,33,22,7,32,8,21,31,30,20,29,19,28,27,18,14,17,15,16]",graph_pointer_proxy,,,,,0.001706571551039815,0.1783028244972229,591114368.0,591.114368,579925952.0,47.0,50.0,48.0,17.5,0.8165174820968204,0.6048242005527774,0.5739058538198655,0.38461538461538464,0.13207547169811318,0.07547169811320753,0.1132075471698113,0.6886792452830188,0.14669811320754714,49.0,False,False,True,False,False,False,PASS_ODB_EXTRACTED
40,N40_A12_graph_pointer_policy_diverse_02,probe60_run08,"[15,24,14,25,13,26,12,27,11,28,10,29,9,30,8,31,7,32,6,33,5,34,4,35,3,36,2,37,1,38,0,39,19,20,18,21,17,22,16,23]",graph_pointer_proxy,,,,,0.0017555009108036757,0.17297148704528809,584625472.0,584.625472,579924800.0,50.0,47.0,22.0,5.0,0.8407748615281095,0.5102051718616157,0.20133024657332893,0.15384615384615385,0.07547169811320753,0.13207547169811318,0.6037735849056604,0.9245283018867925,0.18207547169811317,47.0,False,False,True,False,False,False,PASS_ODB_EXTRACTED
40,N40_A13_graph_pointer_policy_anti_odd_even_novelty,probe60_run08,"[1,38,3,36,5,34,7,32,9,30,11,28,13,26,15,24,17,22,19,20,21,18,23,16,25,14,27,12,29,10,31,8,33,6,35,4,37,2,39,0]",graph_pointer_proxy,,,,,0.0006711278786042385,0.1731724888086319,581541824.0,581.541824,579925760.0,26.0,48.0,2.0,15.0,0.30318254039278375,0.5137724927795404,0.024275162606107376,0.34615384615384615,0.5283018867924528,0.1132075471698113,0.9811320754716981,0.7358490566037736,0.5009433962264151,29.0,False,True,True,False,False,False,PASS_ODB_EXTRACTED
40,N40_A14_graph_pointer_policy_u2first_proxy,probe60_run08,"[0,19,2,20,4,18,6,21,8,17,10,22,12,16,14,23,15,24,25,13,26,28,30,27,32,11,34,36,38,29,1,9,3,5,7,31,33,35,37,39]",graph_pointer_proxy,,,,,0.0011768606042323881,0.1633206307888031,585949184.0,585.949184,579927232.0,41.0,35.0,35.0,44.0,0.5539062505657312,0.338924577965757,0.2773343622533348,0.6410256410256411,0.24528301886792447,0.3584905660377359,0.3584905660377359,0.18867924528301883,0.27641509433962264,43.0,False,False,True,False,False,False,PASS_ODB_EXTRACTED
40,N40_A15_graph_pointer_policy_balanced_dispersion_proxy,probe60_run08,"[0,19,39,20,18,29,21,9,17,14,22,24,16,34,23,4,15,2,6,11,25,13,26,12,31,27,36,1,28,3,10,5,7,8,30,32,33,35,37,38]",graph_pointer_proxy,,,,,0.001238039828649562,0.16922278702259064,585095872.0,585.095872,579926784.0,43.0,44.0,26.0,40.0,0.5842366629635548,0.4436743326116179,0.22833939661191344,0.5512820512820513,0.2075471698113207,0.18867924528301883,0.5283018867924528,0.26415094339622647,0.23867924528301881,45.0,False,False,True,False,False,False,PASS_ODB_EXTRACTED
12,S3B20_N12_B01_surrogate_top,batch20_run14,"[0,2,4,10,8,6,1,3,5,7,9,11]",mutation,,,surrogate_top,,3.767202088056365e-05,0.1479470580816269,585915072.0,585.915072,579939584.0,6.0,11.0,31.0,26.5,0.10606343614535424,0.21783297248560937,0.9969840798971621,0.8928571428571429,0.8387096774193549,0.6774193548387097,0.032258064516129004,0.17741935483870963,0.692741935483871,7.0,False,False,False,True,False,False,PASS_TEACHER_FIELDS_EXTRACTED
12,S3B20_N12_B02_diversity_top,batch20_run14,"[1,11,9,7,5,3,0,2,4,6,8,10]",regular_jump_sentinel,,,diversity_top,,2.3353248252533376e-05,0.14696112275123596,582776448.0,582.776448,579939520.0,1.0,8.0,22.0,20.0,0.0,0.189666842336931,0.3908212202116088,0.8571428571428571,1.0,0.7741935483870968,0.32258064516129037,0.3870967741935484,0.8564516129032259,1.0,True,True,False,True,False,False,PASS_TEACHER_FIELDS_EXTRACTED
12,S3B20_N12_B03_method_c_inspired,batch20_run14,"[0,5,11,6,8,4,2,7,1,3,9,10]",method_c_inspired,,,method_c_inspired,,7.903753157734172e-05,0.15747925639152527,581229056.0,581.229056,579938368.0,21.0,21.0,10.0,10.5,0.41247015942965476,0.4901481334537767,0.09197320280826658,0.21428571428571427,0.3548387096774194,0.3548387096774194,0.7096774193548387,0.6935483870967742,0.40725806451612906,21.0,False,True,False,True,False,False,PASS_TEACHER_FIELDS_EXTRACTED
12,S3B20_N12_B04_surrogate_top,batch20_run14,"[0,10,8,6,4,2,1,3,5,7,9,11]",regular_jump_sentinel,,,surrogate_top,,3.2932137401076034e-05,0.14267149567604065,582234944.0,582.234944,579939584.0,3.0,3.0,18.0,26.5,0.07095370000924724,0.06712108221964345,0.28624048254721646,0.8928571428571429,0.935483870967742,0.935483870967742,0.4516129032258065,0.17741935483870963,0.8491935483870969,2.0,True,True,False,True,False,False,PASS_TEACHER_FIELDS_EXTRACTED
12,S3B20_N12_B05_surrogate_top,batch20_run14,"[0,2,4,6,10,8,1,3,5,7,9,11]",mutation,,,surrogate_top,,3.931116134481272e-05,0.14962293207645416,585543936.0,585.543936,579939584.0,7.0,16.0,30.0,26.5,0.11820504035120738,0.26570922115637574,0.9253065361416,0.8928571428571429,0.8064516129032258,0.5161290322580645,0.06451612903225812,0.17741935483870963,0.642741935483871,10.0,False,False,False,True,False,False,PASS_TEACHER_FIELDS_EXTRACTED
16,S3B20_N16_B01_surrogate_top,batch20_run14,"[0,2,4,6,8,10,14,12,7,5,3,1,9,11,13,15]",mutation,,,surrogate_top,,5.233794854575535e-05,0.15044885873794556,581672320.0,581.67232,579948352.0,12.0,4.0,11.0,28.5,0.0486871072424758,0.049840698559161345,0.11130369045533747,0.9615384615384616,0.6451612903225806,0.9032258064516129,0.6774193548387097,0.11290322580645162,0.6733870967741936,11.0,False,False,False,True,False,False,PASS_TEACHER_FIELDS_EXTRACTED
16,S3B20_N16_B02_diversity_top,batch20_run14,"[1,9,11,13,15,0,2,4,6,8,10,12,14,7,5,3]",mutation,,,diversity_top,,7.41247381483845e-05,0.16351349651813507,581958912.0,581.958912,579947200.0,16.0,22.0,16.0,7.0,0.1400936024857143,0.4733979878984046,0.1525873751947561,0.2692307692307692,0.5161290322580645,0.32258064516129037,0.5161290322580645,0.8064516129032258,0.4919354838709678,17.0,False,True,False,True,False,False,PASS_TEACHER_FIELDS_EXTRACTED
16,S3B20_N16_B03_method_c_inspired,batch20_run14,"[0,15,7,11,3,5,9,13,1,2,4,12,10,8,6,14]",method_c_inspired,,,method_c_inspired,,6.606194119740394e-05,0.15563784539699554,582991360.0,582.99136,579948032.0,14.0,16.0,24.0,13.5,0.10626613067416917,0.21806833415862512,0.3013118955646314,0.7692307692307693,0.5806451612903225,0.5161290322580645,0.25806451612903225,0.5967741935483871,0.536290322580645,14.0,False,True,False,True,False,False,PASS_TEACHER_FIELDS_EXTRACTED
16,S3B20_N16_B04_surrogate_top,batch20_run14,"[0,2,4,6,8,14,12,10,7,5,3,1,9,11,13,15]",mutation,,,surrogate_top,,4.716870898846537e-05,0.1489115208387375,581447424.0,581.447424,579948288.0,6.0,1.0,8.0,22.5,0.0269995580614084,0.0,0.07890733758032249,0.9230769230769231,0.8387096774193549,1.0,0.7741935483870968,0.30645161290322576,0.8379032258064516,2.0,True,True,False,True,False,False,PASS_TEACHER_FIELDS_EXTRACTED
16,S3B20_N16_B05_surrogate_top,batch20_run14,"[0,2,4,6,8,14,12,10,7,1,3,5,9,11,13,15]",mutation,,,surrogate_top,,4.960947671861504e-05,0.15050330758094788,585404352.0,585.404352,579948288.0,8.0,5.0,29.0,22.5,0.03723980125395537,0.05160593726977379,0.648904295236427,0.9230769230769231,0.7741935483870968,0.8709677419354839,0.09677419354838712,0.30645161290322576,0.7024193548387097,9.0,False,False,False,True,False,False,PASS_TEACHER_FIELDS_EXTRACTED
24,S3B20_N24_B01_surrogate_top,batch20_run14,"[0,2,4,6,8,10,12,22,20,18,16,14,1,3,5,7,9,11,13,15,17,19,21,23]",mutation,,,surrogate_top,,7.634673784195911e-05,0.16024285554885864,586730944.0,586.730944,579944704.0,19.0,26.0,48.0,49.0,0.06194585544844918,0.27412010196182546,0.6026613965744401,0.9090909090909091,0.6603773584905661,0.5283018867924528,0.1132075471698113,0.09433962264150941,0.5509433962264152,24.0,False,False,False,True,False,False,PASS_TEACHER_FIELDS_EXTRACTED
24,S3B20_N24_B02_diversity_top,batch20_run14,"[3,5,7,9,11,13,15,17,19,21,23,0,2,4,6,8,10,12,14,16,18,20,22,1]",mutation,,,diversity_top,,7.592932161060162e-05,0.15607720613479614,581836224.0,581.836224,579944512.0,18.0,19.0,17.0,31.5,0.061234256475756865,0.1698791999964203,0.09884057971014493,0.8181818181818182,0.679245283018868,0.6603773584905661,0.6981132075471699,0.42452830188679247,0.6646226415094341,16.0,False,True,False,True,False,False,PASS_TEACHER_FIELDS_EXTRACTED
24,S3B20_N24_B03_method_c_inspired,batch20_run14,"[0,23,11,17,5,8,14,20,2,1,3,4,6,7,9,12,10,13,15,16,18,19,21,22]",method_c_inspired,,,method_c_inspired,,0.00025369730428792536,0.1650789976119995,584643072.0,584.643072,579944576.0,41.0,44.0,38.0,34.5,0.3642879097545877,0.3951393622463819,0.3877536231884058,0.8484848484848485,0.24528301886792447,0.18867924528301883,0.30188679245283023,0.3679245283018868,0.24575471698113202,44.0,False,False,False,True,False,False,PASS_TEACHER_FIELDS_EXTRACTED
24,S3B20_N24_B04_surrogate_top,batch20_run14,"[0,2,4,6,8,10,12,14,16,18,20,22,11,9,7,5,3,1,13,15,17,23,21,19]",mutation,,,surrogate_top,,5.741682798543479e-05,0.1594105213880539,581725376.0,581.725376,579944832.0,6.0,25.0,13.0,52.5,0.02967469923764952,0.25329183365724656,0.08743083003952569,0.9696969696969697,0.9056603773584906,0.5471698113207547,0.7735849056603774,0.028301886792452824,0.7768867924528301,6.0,False,True,False,True,False,False,PASS_TEACHER_FIELDS_EXTRACTED
24,S3B20_N24_B05_surrogate_top,batch20_run14,"[0,4,8,2,6,10,12,14,16,18,20,22,11,9,7,5,3,1,13,15,17,19,21,23]",mutation,,,surrogate_top,,9.08282927412074e-05,0.15368027985095978,581741824.0,581.741824,579944640.0,31.0,6.0,15.0,42.0,0.08663358633945721,0.10989869445310367,0.08912384716732542,0.8787878787878788,0.4339622641509434,0.9056603773584906,0.7358490566037736,0.2264150943396226,0.5481132075471699,25.0,False,False,False,True,False,False,PASS_TEACHER_FIELDS_EXTRACTED
40,S3B20_N40_B01_surrogate_top,batch20_run14,"[0,2,4,6,8,10,12,14,16,18,20,22,24,26,28,38,36,34,32,30,9,7,5,3,1,11,13,15,17,19,21,23,25,27,29,31,33,35,37,39]",mutation,,,surrogate_top,,0.00011389043356757611,0.16068832576274872,582971072.0,582.971072,579927616.0,8.0,26.0,11.0,50.0,0.026924682067806655,0.29220719287625396,0.10633888215191269,0.717948717948718,0.8679245283018868,0.5283018867924528,0.8113207547169812,0.07547169811320753,0.7547169811320754,8.0,False,False,False,True,False,False,PASS_TEACHER_FIELDS_EXTRACTED
40,S3B20_N40_B02_diversity_top,batch20_run14,"[1,21,23,25,27,29,31,33,35,37,39,0,2,4,6,8,10,12,14,16,18,20,22,24,26,28,30,32,34,36,38,19,17,15,13,11,9,7,5,3]",mutation,,,diversity_top,,8.922922461351845e-05,0.15504635870456696,585152448.0,585.152448,579926080.0,4.0,11.0,27.0,25.5,0.014698560456570572,0.1920752001510604,0.2315878440451255,0.41025641025641024,0.9433962264150944,0.8113207547169812,0.5094339622641509,0.5377358490566038,0.8533018867924528,3.0,False,True,False,True,False,False,PASS_TEACHER_FIELDS_EXTRACTED
40,S3B20_N40_B03_method_c_inspired,batch20_run14,"[0,39,19,29,9,14,24,34,4,2,6,26,21,16,11,31,36,1,3,5,7,8,10,12,13,15,17,18,20,22,23,25,27,28,30,32,33,35,37,38]",method_c_inspired,,,method_c_inspired,,0.0006816700476974802,0.16214661300182343,585965568.0,585.965568,579926656.0,27.0,30.0,37.0,37.5,0.308408960623045,0.31808845125803004,0.2782750891118216,0.5256410256410257,0.5094339622641509,0.4528301886792453,0.3207547169811321,0.3113207547169812,0.4693396226415095,32.0,False,False,False,True,False,False,PASS_TEACHER_FIELDS_EXTRACTED
40,S3B20_N40_B04_surrogate_top,batch20_run14,"[0,2,10,8,6,4,12,14,16,18,20,22,24,26,28,30,32,34,36,38,19,17,15,13,11,9,7,5,3,1,21,23,25,27,29,31,33,35,37,39]",mutation,,,surrogate_top,,0.00018071313115797238,0.15405847132205963,582236352.0,582.236352,579926464.0,16.0,7.0,8.0,33.0,0.060052921184267895,0.17454246180316713,0.06415316209164737,0.48717948717948717,0.7169811320754718,0.8867924528301887,0.8679245283018868,0.39622641509433965,0.7500000000000001,9.0,False,True,False,True,False,False,PASS_TEACHER_FIELDS_EXTRACTED
40,S3B20_N40_B05_surrogate_top,batch20_run14,"[0,2,4,6,8,10,12,14,16,18,20,22,24,26,28,30,32,34,36,38,19,17,15,13,11,9,7,5,3,1,21,23,35,33,31,29,27,25,37,39]",mutation,,,surrogate_top,,0.00011205847840756178,0.1585296392440796,582652032.0,582.652032,579927296.0,7.0,18.0,10.0,45.0,0.026016465985846022,0.2538954515005412,0.08802043141145775,0.6538461538461539,0.8867924528301887,0.679245283018868,0.8301886792452831,0.16981132075471694,0.8037735849056604,4.0,False,False,False,True,False,False,PASS_TEACHER_FIELDS_EXTRACTED
12,S3R19B28_N12_B01_surrogate_top,batch28_run20,"[1,11,9,7,5,3,2,0,4,6,8,10]",known_best_mutation,combined80_known_best_mutation,,surrogate_top,exploitation,3.746341781152296e-05,0.1469832807779312,581021440.0,581.02144,579938496.0,5.0,9.0,5.0,13.0,0.10451825075358327,0.1902998512620589,0.05187629783447048,0.2857142857142857,0.8709677419354839,0.7419354838709677,0.8709677419354839,0.6129032258064516,0.8322580645161292,4.0,False,True,False,False,True,False,PASS_TEACHER_FIELDS_EXTRACTED
12,S3R19B28_N12_B02_u2_primary_top,batch28_run20,"[1,5,7,9,11,3,0,2,4,6,8,10]",known_best_mutation,combined80_known_best_mutation,,U2_primary_top,exploitation,4.209233884466812e-05,0.14841888844966888,582993408.0,582.993408,579939520.0,11.0,12.0,24.0,20.0,0.1388060548255456,0.2313121887635169,0.43272273311579157,0.8571428571428571,0.6774193548387097,0.6451612903225806,0.25806451612903225,0.3870967741935484,0.614516129032258,12.0,False,False,False,False,True,False,PASS_TEACHER_FIELDS_EXTRACTED
12,S3R19B28_N12_B03_geometry_signal_top,batch28_run20,"[1,6,5,10,3,8,7,2,9,0,11,4]",known_best_mutation,combined80_known_best_mutation,,geometry_signal_top,diversity,8.043792149692308e-05,0.14243283867835999,581134528.0,581.134528,579939328.0,22.0,2.0,9.0,15.5,0.4228432668650891,0.0603031461437539,0.07371699792346485,0.75,0.32258064516129037,0.967741935483871,0.7419354838709677,0.532258064516129,0.5040322580645162,17.0,False,True,False,False,True,False,PASS_TEACHER_FIELDS_EXTRACTED
12,S3R19B28_N12_B04_method_c_inspired,batch28_run20,"[1,9,11,7,5,3,0,2,4,6,8,10]",known_best_mutation,combined80_known_best_mutation,,method_c_or_known_best_inspired,exploitation,2.9964902523715864e-05,0.14532160758972168,582802304.0,582.802304,579939584.0,2.0,6.0,23.0,26.5,0.04897450283091678,0.14282929022118276,0.3958147928408979,0.8928571428571429,0.967741935483871,0.8387096774193549,0.29032258064516125,0.17741935483870963,0.8346774193548387,3.0,True,True,False,False,True,False,PASS_TEACHER_FIELDS_EXTRACTED
16,S3R19B28_N16_B01_surrogate_top,batch28_run20,"[0,2,4,6,10,12,14,8,7,5,3,1,9,11,13,15]",known_best_mutation,combined80_known_best_mutation,,surrogate_top,exploitation,5.09631609020289e-05,0.14906533062458038,581331328.0,581.331328,579948288.0,11.0,2.0,4.0,22.5,0.04291918445491741,0.004986533653788089,0.06218366537904839,0.9230769230769231,0.6774193548387097,0.967741935483871,0.9032258064516129,0.30645161290322576,0.739516129032258,6.0,False,True,False,False,True,False,PASS_TEACHER_FIELDS_EXTRACTED
16,S3R19B28_N16_B02_u2_primary_top,batch28_run20,"[2,4,6,8,10,12,14,0,1,3,5,7,9,11,13,15]",regular_jump_non_coprime,regular_jump_sweep,,U2_primary_top,sentinel,4.3677982830558904e-05,0.1526079922914505,581782208.0,581.782208,579948352.0,4.0,13.0,14.0,28.5,0.012354213347122413,0.1198400946871339,0.12713309793581576,0.9615384615384616,0.9032258064516129,0.6129032258064516,0.5806451612903225,0.11290322580645162,0.7733870967741936,5.0,False,True,False,False,True,False,PASS_TEACHER_FIELDS_EXTRACTED
16,S3R19B28_N16_B03_geometry_signal_top,batch28_run20,"[1,10,3,12,5,14,7,0,9,2,11,4,13,6,15,8]",regular_jump_coprime,regular_jump_sweep,,geometry_signal_top,exploitation,0.00010790423175421893,0.16054724156856537,584084224.0,584.084224,579948032.0,18.0,20.0,26.0,13.5,0.28181549808928247,0.37723160907740433,0.45873936332039567,0.7692307692307693,0.4516129032258065,0.3870967741935484,0.19354838709677424,0.5967741935483871,0.42016129032258065,20.0,False,False,False,False,True,False,PASS_TEACHER_FIELDS_EXTRACTED
16,S3R19B28_N16_B04_method_c_inspired,batch28_run20,"[0,2,4,6,8,14,12,10,9,1,3,5,7,11,13,15]",known_best_mutation,combined80_known_best_mutation,,method_c_or_known_best_inspired,exploitation,4.279385166228167e-05,0.15260666608810425,585915328.0,585.915328,579948288.0,2.0,12.0,31.0,22.5,0.008644840240688246,0.11979709899878017,0.7225105790594548,0.9230769230769231,0.967741935483871,0.6451612903225806,0.032258064516129004,0.30645161290322576,0.7766129032258065,4.0,False,True,False,False,True,False,PASS_TEACHER_FIELDS_EXTRACTED
24,S3R19B28_N24_B01_surrogate_top,batch28_run20,"[2,4,6,8,10,12,14,16,18,20,22,11,9,7,5,3,1,13,15,17,19,21,23,0]",known_best_mutation,combined80_known_best_mutation,,surrogate_top,diversity,8.261122002295451e-05,0.15338687598705292,582211520.0,582.21152,579944448.0,26.0,4.0,20.0,29.0,0.07262536129791825,0.10255657792487699,0.1374703557312253,0.7878787878787878,0.5283018867924528,0.9433962264150944,0.6415094339622642,0.4716981132075472,0.6198113207547171,21.0,False,True,False,False,True,False,PASS_TEACHER_FIELDS_EXTRACTED
24,S3R19B28_N24_B02_u2_primary_top,batch28_run20,"[3,5,7,9,11,13,15,17,19,21,23,2,0,4,6,8,10,12,14,16,18,20,22,1]",known_best_mutation,combined80_known_best_mutation,,U2_primary_top,exploitation,8.019191227504052e-05,0.15613804757595062,582353856.0,582.353856,579944512.0,21.0,20.0,21.0,31.5,0.06850099626677567,0.17140169170717448,0.15212121212121213,0.8181818181818182,0.6226415094339622,0.6415094339622642,0.6226415094339622,0.42452830188679247,0.6165094339622642,22.0,False,False,False,False,True,False,PASS_TEACHER_FIELDS_EXTRACTED
24,S3R19B28_N24_B03_geometry_signal_top,batch28_run20,"[2,15,4,17,6,19,8,21,10,23,12,1,14,3,16,5,18,7,20,9,22,11,0,13]",regular_jump_coprime,regular_jump_sweep,,geometry_signal_top,exploitation,0.00023064971628627973,0.16196227073669434,583032192.0,583.032192,579943168.0,37.0,30.0,24.0,3.5,0.32499705637385107,0.31714662009077527,0.2219433465085639,0.18181818181818182,0.3207547169811321,0.4528301886792453,0.5660377358490566,0.9528301886792453,0.4033018867924529,37.0,False,True,False,False,True,False,PASS_TEACHER_FIELDS_EXTRACTED
24,S3R19B28_N24_B04_method_c_inspired,batch28_run20,"[3,5,7,9,11,13,15,17,19,21,23,0,2,4,6,8,10,12,22,20,18,16,14,1]",known_best_mutation,combined80_known_best_mutation,,method_c_or_known_best_inspired,exploitation,8.025430179259274e-05,0.16120918095111847,584544768.0,584.544768,579944384.0,23.0,29.0,36.0,26.0,0.06860735609004498,0.29830135715425676,0.377635046113307,0.7575757575757576,0.5849056603773585,0.4716981132075472,0.339622641509434,0.5283018867924528,0.5349056603773585,28.0,False,False,False,False,True,False,PASS_TEACHER_FIELDS_EXTRACTED
24,S3R19B28_N24_B05_diversity_top,batch28_run20,"[17,19,21,23,8,10,12,22,20,18,16,14,1,3,5,7,9,11,13,15,0,2,4,6]",known_best_mutation,combined80_known_best_mutation,,diversity_top,diversity,5.907966442464385e-05,0.16586512327194214,585390656.0,585.390656,579944768.0,7.0,46.0,43.0,51.0,0.0325094541249915,0.4148113124527368,0.464703557312253,0.9393939393939394,0.8867924528301887,0.15094339622641506,0.2075471698113207,0.05660377358490565,0.6301886792452831,20.0,False,False,False,False,True,False,PASS_TEACHER_FIELDS_EXTRACTED
24,S3R19B28_N24_B06_uncertainty_calibration,batch28_run20,"[11,21,7,17,3,13,23,9,19,5,15,1,0,2,4,6,8,10,12,14,16,18,20,22]",regular_jump_non_coprime,regular_jump_sweep,,uncertainty_calibration,sentinel,7.285496940312441e-05,0.15382911264896393,580991360.0,580.99136,579944640.0,14.0,8.0,2.0,42.0,0.05599319082428366,0.1136230753512209,0.011877470355731225,0.8787878787878788,0.7547169811320755,0.8679245283018868,0.9811320754716981,0.2264150943396226,0.7735849056603774,7.0,True,True,False,False,True,False,PASS_TEACHER_FIELDS_EXTRACTED
24,S3R19B28_N24_B07_control_sentinel,batch28_run20,"[20,13,6,23,16,9,2,19,12,5,22,15,8,1,18,11,4,21,14,7,0,17,10,3]",regular_jump_coprime,regular_jump_sweep,,negative_control_sentinel,exploitation,0.00038794981196588196,0.14928853511810303,582449344.0,582.449344,579944000.0,46.0,1.0,23.0,18.0,0.593157655030934,0.0,0.16194993412384717,0.5757575757575758,0.15094339622641506,1.0,0.5849056603773585,0.679245283018868,0.390566037735849,39.0,True,True,False,False,True,False,PASS_TEACHER_FIELDS_EXTRACTED
24,S3R19B28_N24_B08_known_best_mutation,batch28_run20,"[16,18,20,22,11,13,15,17,19,21,23,0,2,4,6,8,10,12,14,3,5,7,9,1]",known_best_mutation,combined80_known_best_mutation,,batch_fill,diversity,4.156047452852363e-05,0.16277655959129333,581362240.0,581.36224,579944896.0,2.0,38.0,8.0,54.0,0.002643252008371159,0.3375233239913073,0.05005270092226614,1.0,0.9811320754716981,0.30188679245283023,0.8679245283018868,0.0,0.7849056603773584,5.0,False,True,False,False,True,False,PASS_TEACHER_FIELDS_EXTRACTED
24,S3R19B28_N24_B09_known_best_mutation,batch28_run20,"[2,4,6,8,10,12,22,20,18,16,14,1,3,5,7,9,11,13,15,17,19,21,23,0]",known_best_mutation,combined80_known_best_mutation,,batch_fill,diversity,6.838659828645177e-05,0.15901342034339905,583970176.0,583.970176,579944576.0,11.0,24.0,33.0,34.5,0.04837564254186176,0.24335480656934852,0.31849143610013175,0.8484848484848485,0.8113207547169812,0.5660377358490566,0.39622641509433965,0.3679245283018868,0.6985849056603773,12.0,False,True,False,False,True,False,PASS_TEACHER_FIELDS_EXTRACTED
24,S3R19B28_N24_B10_known_best_mutation,batch28_run20,"[0,2,4,6,8,10,12,14,16,18,20,22,11,9,7,5,3,19,21,23,17,15,13,1]",known_best_mutation,combined80_known_best_mutation,,batch_fill,exploitation,4.000997159891995e-05,0.1574321687221527,582112512.0,582.112512,579944704.0,1.0,23.0,19.0,49.0,0.0,0.20378568328294405,0.12727931488801053,0.9090909090909091,1.0,0.5849056603773585,0.6603773584905661,0.09433962264150941,0.8377358490566038,1.0,True,True,False,False,True,False,PASS_TEACHER_FIELDS_EXTRACTED
40,S3R19B28_N40_B01_surrogate_top,batch28_run20,"[1,21,23,25,27,29,31,33,35,37,39,0,2,4,6,8,10,12,14,16,18,20,22,24,26,28,30,38,36,34,32,19,17,15,13,11,9,7,5,3]",known_best_mutation,combined80_known_best_mutation,,surrogate_top,exploitation,8.087984315352514e-05,0.16146886348724365,585938752.0,585.938752,579927040.0,2.0,28.0,34.0,42.5,0.01055924379538628,0.306059949715294,0.27673538382390767,0.6025641025641025,0.9811320754716981,0.49056603773584906,0.37735849056603776,0.21698113207547165,0.7844339622641509,5.0,False,True,False,False,True,False,PASS_TEACHER_FIELDS_EXTRACTED
40,S3R19B28_N40_B02_u2_primary_top,batch28_run20,"[0,2,4,6,8,10,12,14,16,18,20,22,24,26,28,30,32,34,36,1,21,23,25,27,29,31,33,35,37,39,38,19,17,15,13,11,9,7,5,3]",known_best_mutation,combined80_known_best_mutation,,U2_primary_top,exploitation,0.00013814787780574989,0.16916553676128387,583121664.0,583.121664,579926336.0,10.0,43.0,13.0,30.0,0.0389506319628905,0.44265827160141213,0.11498548487855069,0.46153846153846156,0.8301886792452831,0.2075471698113207,0.7735849056603774,0.4528301886792453,0.6811320754716981,14.0,False,True,False,False,True,False,PASS_TEACHER_FIELDS_EXTRACTED
40,S3R19B28_N40_B03_geometry_signal_top,batch28_run20,"[2,23,4,25,6,27,8,29,10,31,12,33,14,35,16,37,18,39,20,1,22,3,24,5,26,7,28,9,30,11,32,13,34,15,36,17,38,19,0,21]",regular_jump_coprime,regular_jump_sweep,,geometry_signal_top,exploitation,0.0007239246517656284,0.15773770213127136,585212224.0,585.212224,579926080.0,29.0,15.0,28.0,25.5,0.32935724133929956,0.2398403816284956,0.23502002719288576,0.41025641025641024,0.4716981132075472,0.7358490566037736,0.49056603773584906,0.5377358490566038,0.5297169811320755,26.0,False,False,False,False,True,False,PASS_TEACHER_FIELDS_EXTRACTED
40,S3R19B28_N40_B04_method_c_inspired,batch28_run20,"[0,2,4,6,8,10,12,14,16,18,20,22,24,26,28,30,32,34,36,38,19,1,21,23,25,27,29,31,33,35,37,39,17,15,13,11,9,7,5,3]",known_best_mutation,combined80_known_best_mutation,,method_c_or_known_best_inspired,exploitation,0.00014915617248334456,0.15665197372436523,583935936.0,583.935936,579926208.0,11.0,13.0,16.0,28.5,0.04440814013742185,0.22057118919600802,0.1617388748024841,0.4358974358974359,0.8113207547169812,0.7735849056603774,0.7169811320754718,0.4811320754716981,0.7778301886792452,7.0,False,True,False,False,True,False,PASS_TEACHER_FIELDS_EXTRACTED
40,S3R19B28_N40_B05_diversity_top,batch28_run20,"[2,35,28,21,14,7,0,33,26,19,12,5,38,31,24,17,10,3,36,29,22,15,8,1,34,27,20,13,6,39,32,25,18,11,4,37,30,23,16,9]",regular_jump_coprime,regular_jump_sweep,,diversity_top,exploitation,0.0009652040533865147,0.14422382414340973,585249728.0,585.249728,579926016.0,32.0,1.0,29.0,21.0,0.44897470664680883,0.0,0.2371734097673906,0.3974358974358974,0.41509433962264153,1.0,0.4716981132075472,0.6226415094339622,0.5481132075471699,23.0,True,True,False,False,True,False,PASS_TEACHER_FIELDS_EXTRACTED
40,S3R19B28_N40_B06_uncertainty_calibration,batch28_run20,"[19,37,15,33,11,29,7,25,3,21,39,17,35,13,31,9,27,5,23,1,0,2,4,6,8,10,12,14,16,18,20,22,24,26,28,30,32,34,36,38]",regular_jump_non_coprime,regular_jump_sweep,,uncertainty_calibration,sentinel,0.0002895531576996291,0.15241271257400513,581119040.0,581.11904,579926528.0,24.0,3.0,1.0,35.5,0.11401180872897243,0.1453340135282626,0.0,0.5,0.5660377358490566,0.9622641509433962,1.0,0.34905660377358494,0.6778301886792453,16.0,True,True,False,False,True,False,PASS_TEACHER_FIELDS_EXTRACTED
40,S3R19B28_N40_B07_control_sentinel,batch28_run20,"[28,5,22,39,16,33,10,27,4,21,38,15,32,9,26,3,20,37,14,31,8,25,2,19,36,13,30,7,24,1,18,35,12,29,6,23,0,17,34,11]",regular_jump_coprime,regular_jump_sweep,,negative_control_sentinel,exploitation,0.0017519929679110646,0.1497652232646942,589166208.0,589.166208,579925568.0,49.0,2.0,47.0,9.0,0.8390357522861324,0.09834714218956651,0.4620475508029251,0.3076923076923077,0.09433962264150941,0.9811320754716981,0.13207547169811318,0.8490566037735849,0.3132075471698113,41.0,False,True,False,False,True,False,PASS_TEACHER_FIELDS_EXTRACTED
40,S3R19B28_N40_B08_known_best_mutation,batch28_run20,"[1,21,23,25,27,28,30,32,34,36,38,0,2,4,6,8,10,12,14,16,18,20,22,24,26,29,31,33,35,37,39,19,17,15,13,11,9,7,5,3]",known_best_mutation,combined80_known_best_mutation,,batch_fill,diversity,0.00021076443340461992,0.1547115296125412,585281536.0,585.281536,579926016.0,21.0,10.0,30.0,21.0,0.07495125307578178,0.18613275067179827,0.23899974276999963,0.3974358974358974,0.6226415094339622,0.8301886792452831,0.4528301886792453,0.6226415094339622,0.6471698113207548,18.0,False,True,False,False,True,False,PASS_TEACHER_FIELDS_EXTRACTED
40,S3R19B28_N40_B09_known_best_mutation,batch28_run20,"[1,11,13,15,17,19,21,23,25,27,29,31,33,35,37,39,0,2,4,6,8,10,12,14,16,18,20,22,24,26,28,38,36,34,32,30,9,7,5,3]",known_best_mutation,combined80_known_best_mutation,,batch_fill,diversity,0.0001639029087527888,0.1643984466791153,587828288.0,587.828288,579925824.0,15.0,38.0,43.0,16.0,0.05171903034296411,0.35805334135180544,0.3852276485503252,0.358974358974359,0.7358490566037736,0.30188679245283023,0.2075471698113207,0.7169811320754718,0.5952830188679246,22.0,False,False,False,False,True,False,PASS_TEACHER_FIELDS_EXTRACTED
40,S3R19B28_N40_B10_known_best_mutation,batch28_run20,"[4,6,8,10,12,14,16,18,20,22,24,26,28,38,36,34,32,30,9,7,5,3,1,11,13,15,17,19,21,23,25,27,29,31,33,35,37,39,0,2]",known_best_mutation,combined80_known_best_mutation,,batch_fill,diversity,0.00015046871885715518,0.1597595065832138,584999872.0,584.999872,579926208.0,12.0,22.0,24.0,28.5,0.045058852420687884,0.27572277983925503,0.2228273251754676,0.4358974358974359,0.7924528301886793,0.6037735849056604,0.5660377358490566,0.4811320754716981,0.7165094339622641,13.0,False,False,False,False,True,False,PASS_TEACHER_FIELDS_EXTRACTED
12,S3R24L64_N12_B01_top_region,shortlist64_run27,"[1,11,9,5,7,3,2,0,4,6,8,10]",known_best_mutation,combined108_known_best_mutation,reverse_segment_065,top_region_local_search,top_region_local_search,3.981756117354962e-05,0.14761199057102203,581054144.0,581.054144,579938560.0,9.0,10.0,6.0,14.0,0.12195609550757683,0.208260787757684,0.058192425590823695,0.32142857142857145,0.7419354838709677,0.7096774193548387,0.8387096774193549,0.5806451612903225,0.7370967741935485,6.0,False,False,False,False,False,True,PASS_TEACHER_FIELDS_EXTRACTED
12,S3R24L64_N12_B02_top_region,shortlist64_run27,"[0,4,6,8,10,2,1,3,5,7,9,11]",known_best_mutation,combined108_known_best_mutation,reverse_segment_065,top_region_local_search,top_region_local_search,4.7434456064365804e-05,0.14851117134094238,583104000.0,583.104,579939584.0,15.0,15.0,26.0,26.5,0.17837671659464346,0.23394851981483958,0.45408138040146345,0.8928571428571429,0.5483870967741935,0.5483870967741935,0.19354838709677424,0.17741935483870963,0.4943548387096774,18.0,False,False,False,False,False,True,PASS_TEACHER_FIELDS_EXTRACTED
12,S3R24L64_N12_B03_model_disagreement,shortlist64_run27,"[1,5,7,9,11,3,2,0,4,6,8,10]",known_best_mutation,combined108_known_best_mutation,reverse_segment_025,model_disagreement,top_region_local_search,4.803386900675832e-05,0.14844942092895508,581267264.0,581.267264,579939776.0,16.0,13.0,11.0,32.0,0.18281674773360382,0.23218443845254647,0.09935231879758727,1.0,0.5161290322580645,0.6129032258064516,0.6774193548387097,0.0,0.5258064516129033,16.0,False,False,False,False,False,True,PASS_TEACHER_FIELDS_EXTRACTED
12,S3R24L64_N12_B04_uncertainty_calibration,shortlist64_run27,"[0,10,8,6,4,3,1,2,5,7,9,11]",known_best_mutation,combined108_known_best_mutation,reverse_segment_081,uncertainty_calibration,model_disagreement,4.548148990579648e-05,0.1537710577249527,581128832.0,581.128832,579939520.0,14.0,19.0,8.0,20.0,0.16391051150608973,0.3842125786152813,0.07261692870562642,0.8571428571428571,0.5806451612903225,0.4193548387096774,0.7741935483870968,0.3870967741935484,0.5580645161290323,14.0,False,False,False,False,False,True,PASS_TEACHER_FIELDS_EXTRACTED
12,S3R24L64_N12_B05_diversity_coverage,shortlist64_run27,"[8,11,6,9,1,4,7,10,2,5,0,3]",combined108_seed_mutation,combined108_known_best_mutation,swap_early_late_blocks_035,diversity_coverage,top_region_local_search,3.9774539800419006e-05,0.15218588709831238,583000640.0,583.00064,579939584.0,8.0,17.0,25.0,26.5,0.1216374233154511,0.3389275372930376,0.4341194502125976,0.8928571428571429,0.7741935483870968,0.4838709677419355,0.22580645161290325,0.17741935483870963,0.6314516129032258,11.0,False,False,False,False,False,True,PASS_TEACHER_FIELDS_EXTRACTED
12,S3R24L64_N12_B06_tradeoff_probe,shortlist64_run27,"[10,3,6,7,8,5,0,9,4,11,2,1]",teacher_best_local_search,combined108_known_best_mutation,biased_random_perturbation_151,tradeoff_probe,model_disagreement,0.00011556239610399643,0.16311047971248627,582663488.0,582.663488,579938304.0,29.0,26.0,20.0,7.0,0.6830207671582075,0.6510205193653054,0.3690052407791951,0.17857142857142858,0.09677419354838712,0.19354838709677424,0.3870967741935484,0.8064516129032258,0.18064516129032263,30.0,False,False,False,False,False,True,PASS_TEACHER_FIELDS_EXTRACTED
12,S3R24L64_N12_B07_sentinel_control,shortlist64_run27,"[7,11,8,6,9,0,2,10,3,1,4,5]",negative_control_low_adjacent,geometry_first_random_sweep,low_adjacent_seeded,sentinel_control,sentinel,8.973477179097245e-05,0.16364413499832153,582725376.0,582.725376,579938304.0,24.0,28.0,21.0,7.0,0.4917078206317667,0.6662659454820531,0.38095767823593396,0.17857142857142858,0.25806451612903225,0.12903225806451613,0.3548387096774194,0.8064516129032258,0.26935483870967747,25.0,False,True,False,False,False,True,PASS_TEACHER_FIELDS_EXTRACTED
12,S3R24L64_N12_B08_exploitation_reference,shortlist64_run27,"[1,9,11,7,5,3,2,0,4,6,8,10]",known_best_mutation,combined108_known_best_mutation,parity_preserving_swap_028,exploitation_reference,diversity,4.4157836555314134e-05,0.1451154500246048,581017728.0,581.017728,579939456.0,13.0,5.0,4.0,18.0,0.154105814814235,0.13693979561516803,0.05115939879363196,0.8214285714285714,0.6129032258064516,0.8709677419354839,0.9032258064516129,0.4516129032258065,0.685483870967742,8.0,False,True,False,False,False,True,PASS_TEACHER_FIELDS_EXTRACTED
16,S3R24L64_N16_B01_top_region,shortlist64_run27,"[0,1,3,5,7,9,11,13,15,2,4,6,8,10,12,14]",known_best_mutation,combined108_known_best_mutation,rotate_sequence_210,top_region_local_search,top_region_local_search,5.932159001531545e-05,0.15644168853759766,585075776.0,585.075776,579948416.0,13.0,17.0,28.0,31.5,0.07798698126754991,0.24412903537482336,0.6015727996017295,1.0,0.6129032258064516,0.4838709677419355,0.12903225806451613,0.016129032258064502,0.5088709677419356,16.0,False,False,False,False,False,True,PASS_TEACHER_FIELDS_EXTRACTED
16,S3R24L64_N16_B02_top_region,shortlist64_run27,"[8,6,4,2,10,12,14,0,1,3,5,7,9,11,13,15]",known_best_mutation,combined108_known_best_mutation,reverse_segment_225,top_region_local_search,top_region_local_search,4.0733349123911466e-05,0.1522163301706314,581438784.0,581.438784,579948416.0,1.0,10.0,7.0,31.5,0.0,0.10714235679174869,0.07766274235034895,1.0,1.0,0.7096774193548387,0.8064516129032258,0.016129032258064502,0.8733870967741937,1.0,True,True,False,False,False,True,PASS_TEACHER_FIELDS_EXTRACTED
16,S3R24L64_N16_B03_model_disagreement,shortlist64_run27,"[0,2,4,6,8,14,12,10,9,5,3,1,7,11,13,15]",teacher_best_local_search,combined108_known_best_mutation,swap_two_positions_088,model_disagreement,diversity,7.121505268514738e-05,0.14964671432971954,581315072.0,581.315072,579948224.0,15.0,3.0,3.0,18.0,0.12788601452504444,0.023835070471865602,0.05984198250191299,0.8846153846153846,0.5483870967741935,0.935483870967742,0.935483870967742,0.4516129032258065,0.6596774193548388,12.0,False,True,False,False,False,True,PASS_TEACHER_FIELDS_EXTRACTED
16,S3R24L64_N16_B04_uncertainty_calibration,shortlist64_run27,"[0,2,3,5,8,14,12,10,7,1,4,6,9,11,13,15]",known_best_mutation,combined108_known_best_mutation,swap_early_late_blocks_059,uncertainty_calibration,tradeoff,4.950354787069955e-05,0.15129896998405457,584900928.0,584.900928,579948288.0,7.0,7.0,27.0,22.5,0.03679537667788379,0.07740141789152043,0.5763858798366354,0.9230769230769231,0.8064516129032258,0.8064516129032258,0.16129032258064513,0.30645161290322576,0.7169354838709676,8.0,False,False,False,False,False,True,PASS_TEACHER_FIELDS_EXTRACTED
16,S3R24L64_N16_B05_diversity_coverage,shortlist64_run27,"[13,15,4,6,10,12,14,8,7,5,3,1,9,11,0,2]",known_best_mutation,combined108_known_best_mutation,swap_early_late_blocks_203,diversity_coverage,diversity,8.254494787252042e-05,0.15683269500732422,583419776.0,583.419776,579948288.0,17.0,18.0,25.0,22.5,0.1754205999063633,0.2568055169748427,0.36302538052346756,0.9230769230769231,0.4838709677419355,0.4516129032258065,0.22580645161290325,0.30645161290322576,0.442741935483871,18.0,False,False,False,False,False,True,PASS_TEACHER_FIELDS_EXTRACTED
16,S3R24L64_N16_B06_tradeoff_probe,shortlist64_run27,"[12,13,4,11,2,9,14,5,10,1,8,7,6,15,0,3]",known_best_mutation,combined108_known_best_mutation,biased_random_perturbation_223,tradeoff_probe,diversity,0.00017390073617207236,0.16976995766162872,582733120.0,582.73312,579947136.0,25.0,27.0,21.0,6.0,0.5587038913389658,0.6762332878416406,0.2641123270243111,0.23076923076923078,0.22580645161290325,0.16129032258064513,0.3548387096774194,0.8387096774193549,0.2564516129032258,25.0,False,True,False,False,False,True,PASS_TEACHER_FIELDS_EXTRACTED
16,S3R24L64_N16_B07_sentinel_control,shortlist64_run27,"[6,13,3,14,5,2,7,11,10,0,9,15,4,1,8,12]",combined108_seed_mutation,combined108_known_best_mutation,biased_random_perturbation_167,sentinel_control,uncertainty,0.00016095799151116807,0.157854363322258,581490432.0,581.490432,579947904.0,23.0,19.0,9.0,11.5,0.5044025945504461,0.28992813922873467,0.08510265605841301,0.6923076923076923,0.29032258064516125,0.4193548387096774,0.7419354838709677,0.6612903225806452,0.3798387096774194,22.0,False,True,False,False,False,True,PASS_TEACHER_FIELDS_EXTRACTED
16,S3R24L64_N16_B08_exploitation_reference,shortlist64_run27,"[2,4,6,8,10,14,12,0,1,3,5,7,9,11,13,15]",known_best_mutation,combined108_known_best_mutation,swap_two_positions_168,exploitation_reference,diversity,4.2947722249664366e-05,0.15227410197257996,581874176.0,581.874176,579948352.0,3.0,11.0,15.0,28.5,0.00929040442752804,0.10901532627205643,0.14038112271708966,0.9615384615384616,0.935483870967742,0.6774193548387097,0.5483870967741935,0.11290322580645162,0.8040322580645162,3.0,False,True,False,False,False,True,PASS_TEACHER_FIELDS_EXTRACTED
24,S3R24L64_N24_B01_top_region,shortlist64_run27,"[0,2,4,6,8,22,20,18,16,14,12,10,11,9,7,5,3,1,13,15,17,23,21,19]",known_best_mutation,combined108_known_best_mutation,reverse_segment_305,top_region_local_search,top_region_local_search,7.369223112618783e-05,0.15675918757915497,581899200.0,581.8992,579943680.0,15.0,21.0,18.0,9.5,0.05742053010160148,0.18694505307652953,0.1053227931488801,0.42424242424242425,0.7358490566037736,0.6226415094339622,0.679245283018868,0.839622641509434,0.7127358490566038,10.0,False,True,False,False,False,True,PASS_TEACHER_FIELDS_EXTRACTED
24,S3R24L64_N24_B02_top_region,shortlist64_run27,"[0,2,4,6,8,10,12,22,20,18,16,14,1,3,5,7,23,21,19,17,15,13,11,9]",known_best_mutation,combined108_known_best_mutation,reverse_segment_225,top_region_local_search,top_region_local_search,8.462275673082331e-05,0.16258181631565094,586835584.0,586.835584,579944448.0,28.0,35.0,49.0,29.0,0.07605457019618558,0.33265008270601554,0.6134321475625824,0.7878787878787878,0.49056603773584906,0.3584905660377359,0.09433962264150941,0.4716981132075472,0.4235849056603774,35.0,False,False,False,False,False,True,PASS_TEACHER_FIELDS_EXTRACTED
24,S3R24L64_N24_B03_top_region,shortlist64_run27,"[2,0,4,6,8,10,12,14,16,18,20,22,11,9,7,5,3,1,13,15,17,19,21,23]",known_best_mutation,combined108_known_best_mutation,parity_preserving_swap_100,top_region_local_search,top_region_local_search,6.807913905504392e-05,0.15435466170310974,581713792.0,581.713792,579944640.0,10.0,13.0,12.0,42.0,0.047851495044043894,0.12677437590145083,0.08623847167325428,0.8787878787878788,0.8301886792452831,0.7735849056603774,0.7924528301886793,0.2264150943396226,0.7849056603773585,4.0,False,True,False,False,False,True,PASS_TEACHER_FIELDS_EXTRACTED
24,S3R24L64_N24_B04_top_region,shortlist64_run27,"[0,2,4,6,8,10,12,14,16,18,20,22,23,21,19,3,5,7,9,11,17,15,13,1]",teacher_best_local_search,combined108_known_best_mutation,reverse_segment_289,top_region_local_search,tradeoff,8.125130443659145e-05,0.1610715538263321,583307264.0,583.307264,579944448.0,25.0,28.0,30.0,29.0,0.07030701701346842,0.2948573861916005,0.2502569169960474,0.7878787878787878,0.5471698113207547,0.49056603773584906,0.4528301886792453,0.4716981132075472,0.5226415094339624,30.0,False,False,False,False,False,True,PASS_TEACHER_FIELDS_EXTRACTED
24,S3R24L64_N24_B05_top_region,shortlist64_run27,"[0,2,4,6,8,10,12,18,20,22,16,14,1,3,5,7,9,11,13,15,17,19,21,23]",known_best_mutation,combined108_known_best_mutation,parity_preserving_swap_220,top_region_local_search,top_region_local_search,6.770852269255556e-05,0.15724237263202667,586670400.0,586.6704,579943872.0,9.0,22.0,47.0,13.0,0.04721967911788309,0.19903624000107392,0.596429512516469,0.5151515151515151,0.8490566037735849,0.6037735849056604,0.13207547169811318,0.7735849056603774,0.7245283018867925,9.0,False,True,False,False,False,True,PASS_TEACHER_FIELDS_EXTRACTED
24,S3R24L64_N24_B06_model_disagreement,shortlist64_run27,"[11,21,7,17,9,13,23,3,19,5,15,1,0,2,4,6,8,10,12,14,16,18,20,22]",known_best_mutation,combined108_known_best_mutation,parity_preserving_swap_188,model_disagreement,diversity,8.061707694650977e-05,0.1534445732831955,580875968.0,580.875968,579944640.0,24.0,5.0,1.0,42.0,0.06922580455335968,0.104000390784059,0.0,0.8787878787878788,0.5660377358490566,0.9245283018867925,1.0,0.2264150943396226,0.6641509433962264,17.5,False,True,False,False,False,True,PASS_TEACHER_FIELDS_EXTRACTED
24,S3R24L64_N24_B07_model_disagreement,shortlist64_run27,"[11,5,7,17,3,13,23,9,19,21,15,1,0,2,4,6,8,10,12,14,16,18,20,22]",known_best_mutation,combined108_known_best_mutation,parity_preserving_swap_268,model_disagreement,diversity,7.37363538974023e-05,0.15380693972110748,581218368.0,581.218368,579944576.0,17.0,7.0,6.0,34.5,0.057495749310414804,0.11306822164913856,0.035243741765480896,0.8484848484848485,0.6981132075471699,0.8867924528301887,0.9056603773584906,0.3679245283018868,0.7400943396226416,8.0,True,True,False,False,False,True,PASS_TEACHER_FIELDS_EXTRACTED
24,S3R24L64_N24_B08_model_disagreement,shortlist64_run27,"[11,21,7,17,3,13,5,9,19,23,15,1,0,2,4,6,8,10,12,14,16,18,20,22]",known_best_mutation,combined108_known_best_mutation,swap_two_positions_104,model_disagreement,tradeoff,8.019874189812981e-05,0.1531224399805069,581032512.0,581.032512,579944640.0,22.0,3.0,3.0,42.0,0.06851263920830289,0.0959393509106611,0.0161133069828722,0.8787878787878788,0.6037735849056604,0.9622641509433962,0.9622641509433962,0.2264150943396226,0.6924528301886793,13.0,True,True,False,False,False,True,PASS_TEACHER_FIELDS_EXTRACTED
24,S3R24L64_N24_B09_model_disagreement,shortlist64_run27,"[11,21,7,17,3,13,23,9,19,5,15,1,0,2,4,6,8,10,12,22,20,18,16,14]",known_best_mutation,combined108_known_best_mutation,seed_crossover_037,model_disagreement,uncertainty,6.930613835720578e-05,0.16270247101783752,587378304.0,587.378304,579943680.0,12.0,36.0,51.0,9.5,0.04994324753788687,0.3356693370244031,0.6692951251646904,0.42424242424242425,0.7924528301886793,0.339622641509434,0.05660377358490565,0.839622641509434,0.6306603773584906,19.0,False,True,False,False,False,True,PASS_TEACHER_FIELDS_EXTRACTED
24,S3R24L64_N24_B10_uncertainty_calibration,shortlist64_run27,"[0,2,4,6,8,10,13,14,16,18,20,22,11,9,7,5,3,1,12,15,17,19,21,23]",known_best_mutation,combined108_known_best_mutation,swap_two_positions_272,uncertainty_calibration,uncertainty,7.942568845464848e-05,0.15425004065036774,581681088.0,581.681088,579944640.0,20.0,11.0,11.0,42.0,0.06719476032652447,0.124156346437526,0.08287220026350461,0.8787878787878788,0.6415094339622642,0.8113207547169812,0.8113207547169812,0.2264150943396226,0.6716981132075472,15.0,False,False,False,False,False,True,PASS_TEACHER_FIELDS_EXTRACTED
24,S3R24L64_N24_B11_uncertainty_calibration,shortlist64_run27,"[11,21,7,17,3,13,23,9,19,5,15,1,0,2,20,6,8,10,12,14,16,18,4,22]",known_best_mutation,combined108_known_best_mutation,parity_preserving_swap_076,uncertainty_calibration,model_disagreement,0.00011707830981322331,0.15435701608657837,581163200.0,581.1632,579943360.0,33.0,14.0,4.0,6.5,0.13138384705848638,0.1268332918187418,0.029565217391304348,0.2727272727272727,0.39622641509433965,0.7547169811320755,0.9433962264150944,0.8962264150943396,0.5476415094339623,26.0,False,True,False,False,False,True,PASS_TEACHER_FIELDS_EXTRACTED
24,S3R24L64_N24_B12_uncertainty_calibration,shortlist64_run27,"[11,21,7,17,3,13,23,9,19,5,15,1,0,18,4,6,8,10,12,14,16,2,20,22]",known_best_mutation,combined108_known_best_mutation,swap_two_positions_072,uncertainty_calibration,uncertainty,0.00011106191414000932,0.15534788370132446,581244224.0,581.244224,579943488.0,32.0,18.0,7.0,8.0,0.12112727182554354,0.15162868951609895,0.03790513833992095,0.3333333333333333,0.41509433962264153,0.679245283018868,0.8867924528301887,0.8679245283018868,0.5377358490566038,27.0,False,True,False,False,False,True,PASS_TEACHER_FIELDS_EXTRACTED
24,S3R24L64_N24_B13_uncertainty_calibration,shortlist64_run27,"[0,2,4,6,8,10,12,14,16,18,19,22,11,9,7,5,3,1,13,15,17,20,21,23]",known_best_mutation,combined108_known_best_mutation,swap_two_positions_312,uncertainty_calibration,uncertainty,7.370208913926035e-05,0.1641812026500702,581645440.0,581.64544,579944640.0,16.0,41.0,10.0,42.0,0.057437335753725685,0.3726730077097817,0.07920289855072464,0.8787878787878788,0.7169811320754718,0.24528301886792447,0.8301886792452831,0.2264150943396226,0.6094339622641509,23.0,False,False,False,False,False,True,PASS_TEACHER_FIELDS_EXTRACTED
24,S3R24L64_N24_B14_diversity_coverage,shortlist64_run27,"[12,14,16,18,3,13,23,9,19,5,15,1,0,2,4,6,8,10,11,21,7,17,20,22]",known_best_mutation,combined108_known_best_mutation,swap_early_late_blocks_099,diversity_coverage,tradeoff,0.00020871601464023115,0.1766754388809204,581457152.0,581.457152,579944384.0,36.0,52.0,9.0,26.0,0.2876051238466737,0.6853278484354468,0.05982213438735178,0.7575757575757576,0.339622641509434,0.037735849056603765,0.8490566037735849,0.5283018867924528,0.339622641509434,40.0,False,False,False,False,False,True,PASS_TEACHER_FIELDS_EXTRACTED
24,S3R24L64_N24_B15_diversity_coverage,shortlist64_run27,"[0,2,4,15,17,19,21,14,16,18,20,22,11,9,7,5,3,1,13,6,8,10,12,23]",known_best_mutation,combined108_known_best_mutation,swap_early_late_blocks_099,diversity_coverage,tradeoff,8.884969702194212e-05,0.16084113717079163,583299520.0,583.29952,579944384.0,30.0,27.0,29.0,26.0,0.08326053427431901,0.2890914568936844,0.24945981554677207,0.7575757575757576,0.4528301886792453,0.5094339622641509,0.4716981132075472,0.5283018867924528,0.469811320754717,32.0,False,False,False,False,False,True,PASS_TEACHER_FIELDS_EXTRACTED
24,S3R24L64_N24_B16_diversity_coverage,shortlist64_run27,"[0,2,15,17,19,21,12,14,16,18,20,22,11,9,7,5,3,1,13,4,6,8,10,23]",known_best_mutation,combined108_known_best_mutation,swap_early_late_blocks_051,diversity_coverage,model_disagreement,8.727337626623921e-05,0.1625741869211197,583067200.0,583.0672,579944704.0,29.0,34.0,25.0,49.0,0.08057326879174821,0.3324591653031485,0.2255467720685112,0.9090909090909091,0.4716981132075472,0.37735849056603776,0.5471698113207547,0.09433962264150941,0.4415094339622641,33.0,False,False,False,False,False,True,PASS_TEACHER_FIELDS_EXTRACTED
24,S3R24L64_N24_B17_diversity_coverage,shortlist64_run27,"[0,2,17,15,13,1,12,14,16,18,20,22,11,9,7,5,3,19,21,23,4,6,8,10]",teacher_best_local_search,combined108_known_best_mutation,swap_early_late_blocks_131,diversity_coverage,model_disagreement,0.00018645457521415665,0.16230599582195282,584355136.0,584.355136,579943296.0,34.0,33.0,35.0,5.0,0.249654473545584,0.325747971129709,0.3581159420289855,0.24242424242424243,0.37735849056603776,0.39622641509433965,0.3584905660377359,0.9245283018867925,0.4066037735849057,36.0,False,True,False,False,False,True,PASS_TEACHER_FIELDS_EXTRACTED
24,S3R24L64_N24_B18_tradeoff_probe,shortlist64_run27,"[17,4,15,6,1,18,23,14,5,22,3,2,11,16,13,8,21,10,7,12,9,20,19,0]",known_best_mutation,combined108_known_best_mutation,biased_random_perturbation_039,tradeoff_probe,tradeoff,0.00028991260455768497,0.16930793225765228,583853568.0,583.853568,579943168.0,43.0,49.0,31.0,3.5,0.426026693567318,0.500963909153147,0.30648880105401843,0.18181818181818182,0.2075471698113207,0.09433962264150941,0.4339622641509434,0.9528301886792453,0.24481132075471695,45.0,False,False,False,False,False,True,PASS_TEACHER_FIELDS_EXTRACTED
24,S3R24L64_N24_B19_tradeoff_probe,shortlist64_run27,"[17,19,21,23,8,10,12,22,20,18,16,14,7,5,3,1,9,11,13,15,0,2,4,6]",known_best_mutation,combined108_known_best_mutation,reverse_segment_057,tradeoff_probe,uncertainty,5.9768303799501155e-05,0.16470889747142792,585381696.0,585.381696,579944000.0,8.0,43.0,41.0,18.0,0.033683426373531715,0.38587800377956794,0.46378129117259553,0.5757575757575758,0.8679245283018868,0.2075471698113207,0.24528301886792447,0.679245283018868,0.6641509433962264,17.5,False,True,False,False,False,True,PASS_TEACHER_FIELDS_EXTRACTED
24,S3R24L64_N24_B20_tradeoff_probe,shortlist64_run27,"[17,19,21,23,8,10,12,22,20,18,16,14,3,1,5,7,9,11,13,15,0,2,4,6]",known_best_mutation,combined108_known_best_mutation,parity_preserving_swap_036,tradeoff_probe,model_disagreement,5.346994021238061e-05,0.16539084911346436,585390080.0,585.39008,579944832.0,3.0,45.0,42.0,52.5,0.022946160494670367,0.4029431110885722,0.46464426877470355,0.9696969696969697,0.9622641509433962,0.16981132075471694,0.2264150943396226,0.028301886792452824,0.6834905660377358,14.0,False,False,False,False,False,True,PASS_TEACHER_FIELDS_EXTRACTED
24,S3R24L64_N24_B21_sentinel_control,shortlist64_run27,"[18,13,14,21,12,5,10,15,2,23,16,1,6,3,4,11,22,19,0,7,20,17,8,9]",known_best_mutation,combined108_known_best_mutation,biased_random_perturbation_343,sentinel_control,diversity,0.0004048996659093973,0.1666337102651596,584805888.0,584.805888,579944128.0,47.0,48.0,39.0,21.0,0.6220532698810437,0.4340443763638289,0.4045125164690382,0.6363636363636364,0.13207547169811318,0.1132075471698113,0.28301886792452835,0.6226415094339622,0.16792452830188676,50.0,False,False,False,False,False,True,PASS_TEACHER_FIELDS_EXTRACTED
24,S3R24L64_N24_B22_sentinel_control,shortlist64_run27,"[21,7,16,0,14,4,19,5,12,20,8,15,23,10,3,11,1,2,6,17,13,22,18,9]",known_best_mutation,combined108_known_best_mutation,biased_random_perturbation_367,sentinel_control,uncertainty,0.00028374255430207995,0.15257473289966583,582417280.0,582.41728,579944000.0,42.0,2.0,22.0,18.0,0.41550817250006167,0.0822335695439013,0.15864953886693017,0.5757575757575758,0.2264150943396226,0.9811320754716981,0.6037735849056604,0.679245283018868,0.43773584905660373,34.0,True,True,False,False,False,True,PASS_TEACHER_FIELDS_EXTRACTED
24,S3R24L64_N24_B23_exploitation_reference,shortlist64_run27,"[0,2,4,6,8,10,12,14,16,18,20,22,11,1,3,5,7,9,13,15,17,19,21,23]",known_best_mutation,combined108_known_best_mutation,reverse_segment_401,exploitation_reference,model_disagreement,5.36375810042955e-05,0.15432971715927124,586287680.0,586.28768,579944640.0,4.0,12.0,46.0,42.0,0.023231949609578542,0.12615016548660818,0.5570355731225296,0.8787878787878788,0.9433962264150944,0.7924528301886793,0.15094339622641506,0.2264150943396226,0.7981132075471697,3.0,True,True,False,False,False,True,PASS_TEACHER_FIELDS_EXTRACTED
24,S3R24L64_N24_B24_exploitation_reference,shortlist64_run27,"[0,2,4,6,8,10,12,14,16,18,20,22,11,9,1,3,5,7,13,15,17,19,21,23]",known_best_mutation,combined108_known_best_mutation,seed_crossover_229,exploitation_reference,tradeoff,7.06063701727544e-05,0.15387560427188873,586210112.0,586.210112,579944640.0,13.0,9.0,44.0,42.0,0.05215984467690384,0.11478647827494194,0.5490513833992094,0.8787878787878788,0.7735849056603774,0.8490566037735849,0.18867924528301883,0.2264150943396226,0.7028301886792454,11.0,True,True,False,False,False,True,PASS_TEACHER_FIELDS_EXTRACTED
40,S3R24L64_N40_B01_top_region,shortlist64_run27,"[0,2,4,6,8,10,12,38,36,34,32,30,28,26,24,22,20,18,16,14,19,17,15,13,11,9,7,5,3,1,21,23,25,27,29,31,33,35,37,39]",known_best_mutation,combined108_known_best_mutation,reverse_segment_265,top_region_local_search,top_region_local_search,0.0001945985031852615,0.162837952375412,581591424.0,581.591424,579927552.0,17.0,31.0,3.0,48.5,0.06693677863582889,0.33035814167148647,0.02712306618160438,0.7051282051282052,0.6981132075471699,0.4339622641509434,0.9622641509433962,0.10377358490566035,0.6419811320754717,19.0,False,True,False,False,False,True,PASS_TEACHER_FIELDS_EXTRACTED
40,S3R24L64_N40_B02_top_region,shortlist64_run27,"[33,35,37,39,0,2,4,6,8,10,12,14,16,18,20,22,24,26,28,38,36,34,32,30,9,7,5,3,1,11,13,15,17,19,21,23,25,27,29,31]",known_best_mutation,combined108_known_best_mutation,rotate_sequence_010,top_region_local_search,top_region_local_search,0.00012272537605895195,0.1667737364768982,598535360.0,598.53536,579927040.0,9.0,40.0,54.0,42.5,0.0313047220540485,0.4002092948161054,1.0,0.6025641025641025,0.8490566037735849,0.26415094339622647,0.0,0.21698113207547165,0.6155660377358491,20.0,False,False,False,False,False,True,PASS_TEACHER_FIELDS_EXTRACTED
40,S3R24L64_N40_B03_top_region,shortlist64_run27,"[31,33,35,37,39,0,2,4,6,8,10,12,14,16,18,20,22,24,26,28,30,38,36,34,32,19,17,15,13,11,9,7,5,3,1,21,23,25,27,29]",teacher_best_local_search,combined108_known_best_mutation,rotate_sequence_034,top_region_local_search,tradeoff,0.00010593635033728788,0.15905819833278656,592258240.0,592.25824,579925632.0,5.0,20.0,49.0,12.0,0.022981339749894993,0.2632761646949741,0.6395840223422629,0.32051282051282054,0.9245283018867925,0.6415094339622642,0.09433962264150941,0.7924528301886793,0.7783018867924529,6.0,False,True,False,False,False,True,PASS_TEACHER_FIELDS_EXTRACTED
40,S3R24L64_N40_B04_top_region,shortlist64_run27,"[31,33,35,37,39,0,2,10,8,6,4,12,14,16,18,20,22,24,26,28,30,32,34,36,38,19,17,15,13,11,9,7,5,3,1,21,23,25,27,29]",known_best_mutation,combined108_known_best_mutation,rotate_sequence_050,top_region_local_search,top_region_local_search,0.00016035931412261561,0.15993769466876984,581768896.0,581.768896,579925632.0,14.0,23.0,4.0,12.0,0.04996224627896582,0.27888521022968743,0.03731304891044721,0.32051282051282054,0.7547169811320755,0.5849056603773585,0.9433962264150944,0.7924528301886793,0.7415094339622642,10.0,False,True,False,False,False,True,PASS_TEACHER_FIELDS_EXTRACTED
40,S3R24L64_N40_B05_top_region,shortlist64_run27,"[33,35,37,39,0,2,4,6,8,10,12,14,16,18,20,22,24,26,28,30,38,36,34,32,19,17,15,13,11,9,7,5,3,1,21,23,25,27,29,31]",teacher_best_local_search,combined108_known_best_mutation,rotate_sequence_202,top_region_local_search,uncertainty,8.880928180587944e-05,0.16414318978786469,595921664.0,595.921664,579925632.0,3.0,36.0,53.0,12.0,0.014490368236735633,0.3535231161813666,0.8499283430713263,0.32051282051282054,0.9622641509433962,0.339622641509434,0.018867924528301883,0.7924528301886793,0.7349056603773585,11.0,False,True,False,False,False,True,PASS_TEACHER_FIELDS_EXTRACTED
40,S3R24L64_N40_B06_model_disagreement,shortlist64_run27,"[8,10,12,14,16,18,20,22,24,26,28,30,32,34,36,38,19,1,21,23,25,27,29,31,33,35,37,39,17,15,13,11,9,7,5,3,0,2,4,6]",known_best_mutation,combined108_known_best_mutation,rotate_sequence_058,model_disagreement,diversity,0.00020166151443845592,0.16115786135196686,583783872.0,583.783872,579927360.0,19.0,27.0,15.0,46.0,0.07043836019592008,0.3005403741442357,0.15300775364715394,0.6666666666666666,0.6603773584905661,0.5094339622641509,0.7358490566037736,0.15094339622641506,0.6122641509433963,21.0,False,False,False,False,False,True,PASS_TEACHER_FIELDS_EXTRACTED
40,S3R24L64_N40_B07_model_disagreement,shortlist64_run27,"[12,14,16,18,20,22,24,26,28,30,32,34,36,38,19,1,21,23,25,27,29,31,33,35,37,39,17,15,13,11,9,7,5,3,0,2,4,6,8,10]",known_best_mutation,combined108_known_best_mutation,rotate_sequence_378,model_disagreement,diversity,0.00021651915267284494,0.16294272243976593,584747776.0,584.747776,579928896.0,22.0,33.0,23.0,53.0,0.07780423152233382,0.3322175703447705,0.2083526255833609,0.9743589743589743,0.6037735849056604,0.39622641509433965,0.5849056603773585,0.018867924528301883,0.5311320754716982,25.0,False,False,False,False,False,True,PASS_TEACHER_FIELDS_EXTRACTED
40,S3R24L64_N40_B08_model_disagreement,shortlist64_run27,"[0,2,4,6,8,10,12,14,16,18,20,22,24,26,28,30,32,34,36,38,19,17,15,9,7,5,3,1,11,13,21,23,25,27,29,31,33,35,37,39]",known_best_mutation,combined108_known_best_mutation,seed_crossover_453,model_disagreement,diversity,0.00019893523085556808,0.15381239354610443,582634112.0,582.634112,579927424.0,18.0,5.0,9.0,47.0,0.06908676892992827,0.170175144905057,0.08699151140998787,0.6794871794871795,0.679245283018868,0.9245283018867925,0.8490566037735849,0.13207547169811318,0.7179245283018869,12.0,True,True,False,False,False,True,PASS_TEACHER_FIELDS_EXTRACTED
40,S3R24L64_N40_B09_model_disagreement,shortlist64_run27,"[14,16,18,20,22,24,26,28,30,32,34,36,38,19,1,21,23,25,27,29,31,33,35,37,39,17,15,13,11,9,7,5,3,0,2,4,6,8,10,12]",known_best_mutation,combined108_known_best_mutation,rotate_sequence_098,model_disagreement,diversity,0.00020833183407376055,0.16438280045986176,585395200.0,585.3952,579929024.0,20.0,37.0,32.0,54.0,0.07374525967513769,0.35777565679669976,0.2455260353507515,1.0,0.6415094339622642,0.3207547169811321,0.41509433962264153,0.0,0.5226415094339624,27.0,False,False,False,False,False,True,PASS_TEACHER_FIELDS_EXTRACTED
40,S3R24L64_N40_B10_uncertainty_calibration,shortlist64_run27,"[19,20,18,21,17,22,23,16,15,24,25,14,13,26,27,12,28,11,29,10,9,30,31,8,7,32,6,33,34,5,4,35,36,3,2,37,38,1,0,39]",geometry_signal_center_bias,geometry_first_random_sweep,center_bias_seeded,uncertainty_calibration,calibration,0.0017309115501120687,0.18236134946346283,588479616.0,588.479616,579926720.0,48.0,52.0,45.0,39.0,0.8285843596464624,0.6768537229168303,0.4226252158894646,0.5384615384615384,0.1132075471698113,0.037735849056603765,0.16981132075471694,0.28301886792452835,0.1122641509433962,52.0,False,False,False,False,False,True,PASS_TEACHER_FIELDS_EXTRACTED
40,S3R24L64_N40_B11_uncertainty_calibration,shortlist64_run27,"[0,2,10,8,6,4,12,14,16,18,20,22,24,26,28,30,39,19,29,9,34,21,11,31,36,1,3,5,7,13,15,17,23,25,27,32,33,35,37,38]",known_best_mutation,combined108_known_best_mutation,seed_crossover_173,uncertainty_calibration,diversity,0.0005545657074890187,0.16292472183704376,586222784.0,586.222784,579926080.0,25.0,32.0,38.0,25.5,0.24539529719723444,0.3318981008756584,0.2930437658472054,0.41025641025641024,0.5471698113207547,0.41509433962264153,0.30188679245283023,0.5377358490566038,0.49575471698113216,30.0,False,False,False,False,False,True,PASS_TEACHER_FIELDS_EXTRACTED
40,S3R24L64_N40_B12_uncertainty_calibration,shortlist64_run27,"[25,29,21,5,30,20,32,16,34,36,22,2,14,18,27,39,13,23,6,37,9,3,8,26,4,0,24,35,10,12,33,1,11,28,17,7,15,19,31,38]",diversity_random,geometry_first_random_sweep,random_seeded,uncertainty_calibration,diversity,0.0010631986892377654,0.16056868433952332,584326272.0,584.326272,579925952.0,35.0,24.0,19.0,17.5,0.4975568478304857,0.290083831644879,0.1841509572630728,0.38461538461538464,0.3584905660377359,0.5660377358490566,0.6603773584905661,0.6886792452830188,0.44669811320754726,34.0,False,False,False,False,False,True,PASS_TEACHER_FIELDS_EXTRACTED
40,S3R24L64_N40_B13_uncertainty_calibration,shortlist64_run27,"[22,23,25,27,28,30,24,34,4,2,6,26,21,16,11,31,36,1,3,5,7,8,10,12,13,15,17,18,20,0,39,19,29,9,14,32,33,35,37,38]",known_best_mutation,combined108_known_best_mutation,swap_early_late_blocks_283,uncertainty_calibration,diversity,0.0009516127437336763,0.17189238965511322,586396288.0,586.396288,579926912.0,31.0,46.0,40.0,41.0,0.44223663451980433,0.4910536647881968,0.30300591629000845,0.5769230769230769,0.4339622641509434,0.15094339622641506,0.26415094339622647,0.24528301886792447,0.35094339622641507,39.0,False,False,False,False,False,True,PASS_TEACHER_FIELDS_EXTRACTED
40,S3R24L64_N40_B14_diversity_coverage,shortlist64_run27,"[0,37,28,15,24,19,34,27,4,7,36,9,10,35,26,33,12,29,2,25,18,23,20,39,32,3,16,17,22,31,30,13,8,21,38,11,6,1,14,5]",geometry_signal_parity_switch,geometry_first_random_sweep,parity_balanced_seeded,diversity_coverage,calibration,0.0011485806799669263,0.16892114281654358,583967360.0,583.96736,579925056.0,38.0,41.0,17.0,7.0,0.5398861028158701,0.438320838850661,0.16354315951934736,0.20512820512820512,0.30188679245283023,0.24528301886792447,0.6981132075471699,0.8867924528301887,0.359433962264151,38.0,False,True,False,False,False,True,PASS_TEACHER_FIELDS_EXTRACTED
40,S3R24L64_N40_B15_diversity_coverage,shortlist64_run27,"[15,32,5,34,29,8,13,2,23,4,31,26,21,10,7,20,11,38,37,24,19,16,39,0,25,18,3,6,35,12,33,14,9,28,17,30,27,36,1,22]",known_best_mutation,combined108_known_best_mutation,biased_random_perturbation_335,diversity_coverage,top_region_local_search,0.001018685414749143,0.1579287350177765,583294976.0,583.294976,579926016.0,33.0,17.0,14.0,21.0,0.4754888012790743,0.24323077781559577,0.12493661117848087,0.3974358974358974,0.39622641509433965,0.6981132075471699,0.7547169811320755,0.6226415094339622,0.5037735849056605,28.0,False,True,False,False,False,True,PASS_TEACHER_FIELDS_EXTRACTED
40,S3R24L64_N40_B16_diversity_coverage,shortlist64_run27,"[9,36,33,8,7,16,23,12,5,2,21,18,37,34,25,6,15,26,3,32,1,24,35,28,19,4,39,14,31,30,29,20,11,38,13,22,17,0,27,10]",known_best_mutation,combined108_known_best_mutation,biased_random_perturbation_287,diversity_coverage,uncertainty,0.0011747723910957575,0.16910290718078613,586287488.0,586.287488,579926080.0,40.0,42.0,39.0,25.5,0.5528709911911324,0.44154673999654614,0.29675890199536986,0.41025641025641024,0.26415094339622647,0.2264150943396226,0.28301886792452835,0.5377358490566038,0.2721698113207548,44.0,False,False,False,False,False,True,PASS_TEACHER_FIELDS_EXTRACTED
40,S3R24L64_N40_B17_diversity_coverage,shortlist64_run27,"[8,37,6,5,2,17,26,15,24,23,22,27,32,33,12,7,30,31,28,39,38,1,18,9,34,11,14,29,16,25,36,21,20,35,10,13,4,19,0,3]",geometry_signal_parity_switch,geometry_first_random_sweep,parity_balanced_seeded,diversity_coverage,calibration,0.001036680686127056,0.16928334534168243,584457024.0,584.457024,579925184.0,34.0,45.0,20.0,8.0,0.48441019587507445,0.4447491040706176,0.191658398559512,0.23076923076923078,0.37735849056603776,0.16981132075471694,0.6415094339622642,0.8679245283018868,0.3867924528301887,37.0,False,True,False,False,False,True,PASS_TEACHER_FIELDS_EXTRACTED
40,S3R24L64_N40_B18_tradeoff_probe,shortlist64_run27,"[35,36,5,26,39,22,37,34,11,18,23,8,27,28,33,4,31,14,9,30,25,0,3,6,17,38,19,10,15,32,13,24,21,12,1,16,7,20,29,2]",geometry_signal_parity_switch,geometry_first_random_sweep,parity_balanced_seeded,tradeoff_probe,calibration,0.0011591740185394883,0.16599196195602417,584591488.0,584.591488,579926464.0,39.0,39.0,21.0,33.0,0.5451378909945609,0.386334587674138,0.1993789732848271,0.48717948717948717,0.28301886792452835,0.28301886792452835,0.6226415094339622,0.39622641509433965,0.3226415094339623,40.0,False,False,False,False,False,True,PASS_TEACHER_FIELDS_EXTRACTED
40,S3R24L64_N40_B19_tradeoff_probe,shortlist64_run27,"[29,30,13,20,1,2,27,38,7,22,35,32,19,6,9,14,11,28,3,16,23,24,5,34,21,12,33,26,31,10,37,18,15,8,39,36,17,4,25,0]",known_best_mutation,combined108_known_best_mutation,biased_random_perturbation_407,tradeoff_probe,uncertainty,0.0010814771626144193,0.15909770131111145,583097088.0,583.097088,579926016.0,36.0,21.0,12.0,21.0,0.5066186435756591,0.26397725208124573,0.11357439459082057,0.3974358974358974,0.339622641509434,0.6226415094339622,0.7924528301886793,0.6226415094339622,0.4556603773584906,33.0,False,True,False,False,False,True,PASS_TEACHER_FIELDS_EXTRACTED
40,S3R24L64_N40_B20_tradeoff_probe,shortlist64_run27,"[25,10,33,16,29,34,1,6,13,0,31,20,19,26,27,18,23,32,5,36,35,22,37,8,17,12,7,14,39,28,15,24,9,30,3,38,21,4,11,2]",known_best_mutation,combined108_known_best_mutation,biased_random_perturbation_047,tradeoff_probe,uncertainty,0.0013657823437824845,0.15467514097690582,584047232.0,584.047232,579924800.0,44.0,9.0,18.0,5.0,0.6475667100772144,0.18548693573506672,0.16812920295447029,0.15384615384615385,0.18867924528301883,0.8490566037735849,0.679245283018868,0.9245283018867925,0.4066037735849057,36.0,False,True,False,False,False,True,PASS_TEACHER_FIELDS_EXTRACTED
40,S3R24L64_N40_B21_sentinel_control,shortlist64_run27,"[37,28,17,24,29,18,39,32,7,34,33,14,9,8,11,16,5,12,13,30,31,10,19,4,1,22,23,20,3,38,35,0,25,2,27,36,15,6,21,26]",known_best_mutation,combined108_known_best_mutation,biased_random_perturbation_079,sentinel_control,tradeoff,0.001222780323587358,0.1619139313697815,587438016.0,587.438016,579924800.0,42.0,29.0,42.0,5.0,0.5766715608241854,0.3139588852313866,0.3628192408040275,0.15384615384615385,0.2264150943396226,0.4716981132075472,0.2264150943396226,0.9245283018867925,0.31037735849056597,42.0,False,True,False,False,False,True,PASS_TEACHER_FIELDS_EXTRACTED
40,S3R24L64_N40_B22_sentinel_control,shortlist64_run27,"[22,5,8,31,32,3,18,35,6,17,12,37,16,33,30,19,10,23,36,29,26,1,24,15,2,21,0,7,28,11,4,13,34,39,14,9,20,27,38,25]",known_best_mutation,combined108_known_best_mutation,biased_random_perturbation_151,sentinel_control,model_disagreement,0.0011096128518488513,0.15867161750793457,585093632.0,585.093632,579926016.0,37.0,19.0,25.0,21.0,0.5205672848947828,0.2564152404920147,0.2282107816117297,0.3974358974358974,0.3207547169811321,0.6603773584905661,0.5471698113207547,0.6226415094339622,0.4264150943396227,35.0,False,False,False,False,False,True,PASS_TEACHER_FIELDS_EXTRACTED
40,S3R24L64_N40_B23_exploitation_reference,shortlist64_run27,"[0,2,4,6,8,10,12,14,16,18,20,38,36,34,32,30,28,26,24,22,19,17,15,13,11,9,7,5,3,1,21,23,25,27,29,31,33,35,37,39]",known_best_mutation,combined108_known_best_mutation,reverse_segment_177,exploitation_reference,uncertainty,5.95808796788333e-05,0.15407612919807434,581783552.0,581.783552,579927552.0,1.0,8.0,5.0,48.5,0.0,0.17485584865821502,0.038154558483077944,0.7051282051282052,1.0,0.8679245283018868,0.9245283018867925,0.10377358490566035,0.9212264150943397,1.0,True,True,False,False,False,True,PASS_TEACHER_FIELDS_EXTRACTED
40,S3R24L64_N40_B24_exploitation_reference,shortlist64_run27,"[0,2,4,6,8,10,12,14,16,18,20,22,24,26,28,30,32,34,36,38,21,17,15,13,11,9,7,5,3,1,19,23,25,27,29,31,33,35,37,39]",known_best_mutation,combined108_known_best_mutation,parity_preserving_swap_460,exploitation_reference,top_region_local_search,0.0002177569813284208,0.15378627181053162,582096064.0,582.096064,579926464.0,23.0,4.0,6.0,33.0,0.07841790150522625,0.169711543928771,0.056098188365854555,0.48717948717948717,0.5849056603773585,0.9433962264150944,0.9056603773584906,0.39622641509433965,0.679245283018868,15.0,True,True,False,False,False,True,PASS_TEACHER_FIELDS_EXTRACTED
