old_strategy_name,old_n,old_order_hash,old_order_compact,old_bucket,replacement_source_row_index,replacement_ppo_version_source,replacement_bucket,replacement_order_hash,replacement_order_compact,replacement_candidate_source
PPOFINAL_N12_B002_quality,12,d7bd83cdd82fc8e2,"11,1,3,9,7,5,0,2,4,6,8,10",quality,2325,v01,quality,cc123ba504b254bf,"11,1,3,7,9,5,0,4,2,6,8,10",PPO_final_expansion_checkpoint_inference_pool
PPOFINAL_N12_B004_quality,12,20ea9b2645605241,"11,3,1,9,7,5,0,2,4,6,8,10",quality,1684,v01,quality,828a8c6213d9c794,"11,3,1,9,7,5,0,4,2,6,8,10",PPO_final_expansion_checkpoint_inference_pool
PPOFINAL_N12_B006_quality,12,162475e33abc7301,"11,3,1,7,9,5,0,2,4,6,8,10",quality,363,v01,quality,53949277fd9b496e,"3,11,1,9,7,5,0,2,4,6,8,10",PPO_final_expansion_checkpoint_inference_pool
PPOFINAL_N12_B007_quality,12,1fb237209f1625a5,"11,3,1,5,9,7,0,2,4,6,8,10",quality,153,v01,quality,0640bd5f828e220b,"1,11,3,9,7,5,0,2,4,6,8,10",PPO_final_expansion_checkpoint_inference_pool
PPOFINAL_N12_B008_quality,12,c2a15fda28275f1d,"11,1,3,9,7,5,0,2,4,6,10,8",quality,94,v01,quality,a98151af53853134,"11,1,3,9,7,5,0,2,4,8,6,10",PPO_final_expansion_checkpoint_inference_pool
PPOFINAL_N12_B010_quality,12,83e4d37f3d8840bf,"11,1,3,7,5,9,0,2,4,6,8,10",quality,144,v01,quality,2552cedaec804bdc,"11,1,3,9,7,5,0,2,6,4,8,10",PPO_final_expansion_checkpoint_inference_pool
PPOFINAL_N16_B017_quality,16,e58d393f574613ce,"11,1,3,15,13,9,7,5,0,2,4,6,8,10,14,12",quality,280,v01,quality,939f0390b5bbea6c,"11,1,3,15,13,9,7,5,0,2,4,6,8,12,14,10",PPO_final_expansion_checkpoint_inference_pool
PPOFINAL_N16_B019_quality,16,2490956f504e637d,"11,3,1,9,15,13,7,5,0,2,4,6,8,10,12,14",quality,594,v01,quality,77a09d02d881a290,"11,15,3,1,13,9,7,5,0,2,4,6,8,10,12,14",PPO_final_expansion_checkpoint_inference_pool
PPOFINAL_N16_B021_quality,16,00f851771db43ff4,"11,1,3,15,13,9,7,5,0,2,4,6,8,10,12,14",quality,422,v01,quality,0a75862e3605280c,"11,3,1,15,13,9,7,5,0,2,4,6,10,8,12,14",PPO_final_expansion_checkpoint_inference_pool
PPOFINAL_N16_B022_quality,16,8d10fca936326ede,"11,1,3,13,15,9,7,5,0,2,4,6,8,10,12,14",quality,595,v01,quality,f5ea60be6ba4eb8a,"11,3,1,15,13,9,7,5,0,2,4,6,8,12,10,14",PPO_final_expansion_checkpoint_inference_pool
PPOFINAL_N16_B024_quality,16,112c7158ed9beae3,"11,3,1,15,13,9,7,5,0,2,4,6,8,10,12,14",quality,828,v01,quality,33b8727ceadf88f5,"11,1,3,13,15,7,9,5,0,2,4,6,8,10,12,14",PPO_final_expansion_checkpoint_inference_pool
PPOFINAL_N16_B026_quality,16,ac75b5c13ac7b4df,"11,3,1,13,15,9,7,5,0,2,4,6,8,10,12,14",quality,47,v01,quality,ba1ed7eee00034ea,"11,1,3,15,13,5,7,9,0,2,4,6,8,10,12,14",PPO_final_expansion_checkpoint_inference_pool
PPOFINAL_N16_B027_quality,16,f8314e6621e46a37,"11,3,1,15,13,9,7,5,0,2,4,6,8,10,14,12",quality,615,v01,quality,a1735e9fea830cda,"11,3,1,15,13,7,9,5,0,2,4,6,8,10,12,14",PPO_final_expansion_checkpoint_inference_pool
PPOFINAL_N12_B034_diversity,12,b67921fdfd83011b,"11,1,3,9,7,5,0,4,2,6,8,10",diversity,3300,v01,diversity,428e5ef4ec1af069,"11,1,3,7,9,0,2,4,5,6,10,8",PPO_final_expansion_checkpoint_inference_pool
PPOFINAL_N12_B044_novelty,12,667cc0b2be39f4b7,"11,1,3,9,7,0,2,4,5,6,8,10",novelty,486,v01,novelty,7490c177c3657ed7,"11,1,3,9,5,0,7,4,2,6,8,10",PPO_final_expansion_checkpoint_inference_pool
PPOFINAL_N12_B047_baseline_proximity,12,5f7d2403c1cdd71e,"3,11,1,7,9,5,0,2,4,6,8,10",baseline_proximity,634,v01,baseline_proximity,a78982ae1aba990c,"11,1,3,9,7,5,0,2,4,10,6,8",PPO_final_expansion_checkpoint_inference_pool
PPOFINAL_N12_B048_baseline_proximity,12,9d16225c8842df9d,"11,3,1,9,5,7,0,2,4,6,8,10",baseline_proximity,2450,v01,baseline_proximity,81374eb04629101e,"11,1,3,7,9,5,0,2,6,4,8,10",PPO_final_expansion_checkpoint_inference_pool
PPOFINAL_N16_B055_efficiency,16,6721460107841a59,"11,1,3,15,13,9,7,0,2,4,5,6,8,10,12,14",efficiency,226,v01,efficiency,d37150b5de1daa27,"11,1,3,15,13,9,7,8,5,0,2,4,6,10,12,14",PPO_final_expansion_checkpoint_inference_pool
PPOFINAL_N16_B057_efficiency,16,bc8f954b3d0328f0,"11,3,1,15,13,9,7,6,5,0,2,4,8,10,12,14",efficiency,416,v01,efficiency,f3e4673ddd5dcaac,"11,3,1,15,13,9,7,0,2,4,5,6,8,10,12,14",PPO_final_expansion_checkpoint_inference_pool
PPOFINAL_N16_B062_baseline_proximity,16,67b6fe9d93abd00e,"11,3,1,15,9,13,7,5,0,2,4,6,8,10,12,14",baseline_proximity,561,v01,baseline_proximity,2dad3faa70568fa2,"11,3,1,15,13,9,5,7,0,2,4,6,8,10,12,14",PPO_final_expansion_checkpoint_inference_pool
PPOFINAL_N16_B064_baseline_proximity,16,7ce60c27eaac7bb5,"11,3,1,15,7,9,13,5,0,2,4,6,8,10,12,14",baseline_proximity,784,v01,baseline_proximity,8bf65024825844af,"11,15,1,3,13,9,7,5,0,2,4,6,8,10,12,14",PPO_final_expansion_checkpoint_inference_pool
