candidate_id,strategy_name,n,candidate_source,generation_method,selection_bucket,priority_role,surrogate_prediction,predicted_u2_guarded_score,predicted_peeq_guarded_score,predicted_surfaceT_guarded_score,predicted_mises_guarded_score,strict_penalty_guard_score,penalty_repair_score,two_stage_guarded_score,two_stage_penalty_repair_score,no_penalty_worse_than_median_score,N24_maintenance_score,N40_u2_reward_retention_score,N40_penalty_repair_score,N12_recovery_score,N16_recovery_score,variable_N_recovery_score,N40_followup_score,gnn_reward_prediction,graph_pointer_policy_score,hybrid_score,constrained_score,uncertainty_score,gnn_vs_surrogate_disagreement,novelty_distance,nearest_existing_teacher_strategy,order_json,order_compact,order_hash,first_track_norm,last_track_norm,normalized_mean_jump,normalized_max_jump,adjacent_jump_count,long_jump_count,parity_switch_rate,monotonicity_fraction,direction_reversal_count,odd_even_transition_count,mean_signed_jump,jump_std_norm,edge_visit_early_fraction,center_visit_early_fraction,pred_rank_constrained_within_n,batch_option,handoff_strategy_name,teacher_validated,teacher_validation_status
R63_N12_C00420,N12_R63_N12_C00420_N12_recovery_anchor_top,12.0,N12_recovery_anchor_top,existing_pool_selection,N12_recovery_anchor_top,constrained_reward_balance,0.7814285714285716,0.7784533648170013,0.7634740259740261,0.7814285714285716,0.7814285714285716,0.77485212514758,0.7751496458087368,0.7761564123376625,0.7757190672963402,0.7634740259740261,0.7754523317591501,0.7754523317591501,0.7751496458087368,0.7759314639905551,0.7756318772136956,0.7757966499409684,0.7753997387839434,0.7519896103896105,0.743801652892562,0.778740554899646,0.756552465023613,0.01887631780165438,0.029438961038961042,0.0,S3B20_N12_B02_diversity_top,"[1,11,9,7,5,3,0,2,4,6,8,10]",1-11-9-7-5-3-0-2-4-6-8-10,cea9436fc85171ab,0.09090909090909091,0.9090909090909091,0.25619834710743805,0.9090909090909091,0.0,1.0,0.09090909090909091,0.0,2.0,1.0,0.0743801652892562,0.20809385639692846,0.3333333333333333,0.0,4.0,smallN_recovery_batch32,S3R63REC_N12_B01_n12_anchor_top,False,NOT_RUN
R63_N12_C00045,N12_R63_N12_C00045_N12_recovery_anchor_top,12.0,N12_recovery_anchor_top,existing_pool_selection,N12_recovery_anchor_top,constrained_reward_balance,0.689145042935207,0.6855086792988434,0.6711904974806615,0.687645042935207,0.689145042935207,0.6820041338442979,0.6822927702079343,0.6832729974806615,0.6828628838442979,0.6711904974806615,0.6826132247533887,0.6826132247533887,0.6822927702079343,0.683064133844298,0.6827777702079343,0.6829352702079343,0.6825509974806615,0.6633974230359805,0.7272727272727273,0.6861086792988433,0.6828925474806615,0.02321282701655209,0.02574761989922647,0.16666666666666666,S3B20_N12_B02_diversity_top,"[1,11,9,7,5,3,4,2,0,6,8,10]",1-11-9-7-5-3-4-2-0-6-8-10,278b20a302510f0d,0.09090909090909091,0.9090909090909091,0.2727272727272727,0.9090909090909091,1.0,2.0,0.09090909090909091,0.09090909090909091,4.0,1.0,0.0743801652892562,0.22932953595886954,0.3333333333333333,0.0,19.0,smallN_recovery_batch32,S3R63REC_N12_B02_n12_anchor_top,False,NOT_RUN
R63_N12_C01649,N12_R63_N12_C01649_N12_recovery_anchor_top,12.0,N12_recovery_anchor_top,existing_pool_selection,N12_recovery_anchor_top,constrained_reward_balance,0.6710523028883684,0.6667547822272114,0.6710523028883684,0.6695523028883683,0.6710523028883684,0.6690332946239056,0.6693880466900213,0.6684524165247321,0.6692069206569634,0.6695523028883683,0.6686785425577899,0.6686785425577899,0.6693880466900213,0.6685775921445667,0.6686635425577899,0.6686162698305171,0.6690325446239056,0.6460283925910154,0.7107438016528926,0.6696130466900213,0.6686591865660544,0.006035996798441929,0.025023910297352958,0.3333333333333333,S3R19B28_N12_B02_u2_primary_top,"[1,7,11,9,3,5,0,2,4,6,8,10]",1-7-11-9-3-5-0-2-4-6-8-10,1060a2785b03891f,0.09090909090909091,0.9090909090909091,0.2892561983471074,0.5454545454545454,0.0,2.0,0.09090909090909091,0.0,4.0,1.0,0.0743801652892562,0.14921876103527099,0.3333333333333333,0.0,24.0,smallN_recovery_batch32,S3R63REC_N12_B03_n12_anchor_top,False,NOT_RUN
R63_N12_C02236,N12_R63_N12_C02236_N12_recovery_anchor_top,12.0,N12_recovery_anchor_top,existing_pool_selection,N12_recovery_anchor_top,constrained_reward_balance,0.6710523028883684,0.6667547822272114,0.6710523028883684,0.6695523028883683,0.6710523028883684,0.6690332946239056,0.6693880466900213,0.6684524165247321,0.6692069206569634,0.6695523028883683,0.6686785425577899,0.6686785425577899,0.6693880466900213,0.6685775921445667,0.6686635425577899,0.6686162698305171,0.6690325446239056,0.6460283925910154,0.7107438016528926,0.6696130466900213,0.6686591865660544,0.023298240338669216,0.025023910297352958,0.3333333333333333,S3B20_N12_B02_diversity_top,"[1,7,9,11,5,3,0,2,4,8,6,10]",1-7-9-11-5-3-0-2-4-8-6-10,f2a9674773c2199d,0.09090909090909091,0.9090909090909091,0.2892561983471074,0.5454545454545454,0.0,2.0,0.09090909090909091,0.0,4.0,1.0,0.0743801652892562,0.13878393077476583,0.0,0.0,25.0,smallN_recovery_batch32,S3R63REC_N12_B04_n12_anchor_top,False,NOT_RUN
R63_N12_C00234,N12_R63_N12_C00234_N12_recovery_anchor_local_search,12.0,N12_recovery_anchor_local_search,offline_mutation_or_pointer_proxy,N12_recovery_anchor_local_search,constrained_reward_balance,0.7814285714285716,0.7784533648170013,0.7589285714285716,0.7814285714285716,0.7814285714285716,0.7734884887839436,0.7737860094451005,0.7752359577922081,0.774537249114522,0.7589285714285716,0.7743159681227865,0.7743159681227865,0.7737860094451005,0.7749314639905551,0.7745409681227865,0.7747557408500593,0.7741747387839435,0.7519896103896105,0.743801652892562,0.7782860094451006,0.7746917832054311,0.025694187716637278,0.029438961038961042,0.3333333333333333,S3B20_N12_B02_diversity_top,"[1,3,5,7,9,11,0,2,4,6,8,10]",1-3-5-7-9-11-0-2-4-6-8-10,8aadf6f90209956f,0.09090909090909091,0.9090909090909091,0.25619834710743805,1.0,0.0,1.0,0.09090909090909091,0.0,2.0,1.0,0.0743801652892562,0.2352107350538464,0.0,0.3333333333333333,2.0,smallN_recovery_batch32,S3R63REC_N12_B05_n12_anchor,False,NOT_RUN
R63_N12_C00171,N12_R63_N12_C00171_N12_recovery_anchor_local_search,12.0,N12_recovery_anchor_local_search,offline_mutation_or_pointer_proxy,N12_recovery_anchor_local_search,constrained_reward_balance,0.6714285714285713,0.668453364817001,0.6625649350649349,0.6714285714285713,0.6714285714285713,0.6675793978748523,0.6678769185360093,0.6679973214285713,0.6680827036599761,0.6625649350649349,0.6677250590318771,0.6677250590318771,0.6678769185360093,0.6679314639905548,0.6678136953955135,0.6678784681227863,0.6678497387839432,0.6463896103896102,0.743801652892562,0.6696496458087366,0.6486738286599764,0.017784960704231214,0.025038961038961083,0.0,S3R19B28_N12_B02_u2_primary_top,"[1,5,7,9,11,3,0,2,4,6,8,10]",1-5-7-9-11-3-0-2-4-6-8-10,1290c1124ec55cac,0.09090909090909091,0.9090909090909091,0.25619834710743805,0.7272727272727273,0.0,1.0,0.09090909090909091,0.0,2.0,1.0,0.0743801652892562,0.1589701162121599,0.0,0.3333333333333333,39.0,smallN_recovery_batch32,S3R63REC_N12_B06_n12_anchor,False,NOT_RUN
R63_N12_C02709,N12_R63_N12_C02709_N12_recovery_anchor_local_search,12.0,N12_recovery_anchor_local_search,offline_mutation_or_pointer_proxy,N12_recovery_anchor_local_search,constrained_reward_balance,0.6458571428571427,0.6435430932703659,0.6458571428571427,0.6458571428571427,0.6458571428571427,0.644931523022432,0.6451629279811095,0.6445844155844155,0.6450472255017707,0.6458571428571427,0.6447001180637543,0.6447001180637543,0.6451629279811095,0.6446538370720187,0.6447001180637543,0.6446746635182997,0.6449315230224318,0.6218410389610388,0.7603305785123967,0.6451629279811095,0.6447010436835889,0.02102345864780244,0.02401610389610387,0.3333333333333333,S3B20_N12_B02_diversity_top,"[11,5,9,7,3,1,0,2,4,6,8,10]",11-5-9-7-3-1-0-2-4-6-8-10,2ba6511276b95246,1.0,0.9090909090909091,0.23966942148760328,0.5454545454545454,1.0,1.0,0.09090909090909091,0.09090909090909091,3.0,1.0,-0.008264462809917356,0.12424211882952818,0.3333333333333333,0.3333333333333333,42.0,smallN_recovery_batch32,S3R63REC_N12_B07_n12_anchor,False,NOT_RUN
R63_N12_C00066,N12_R63_N12_C00066_N12_u2_safe_exploitation,12.0,N12_u2_safe_exploitation,offline_mutation_or_pointer_proxy,N12_u2_safe_exploitation,constrained_reward_balance,0.7756999999999998,0.773385950413223,0.7577454545454544,0.7756999999999998,0.7756999999999998,0.7693880165289255,0.7696194214876031,0.7707914772727271,0.7702219008264461,0.7577454545454544,0.7700543388429751,0.7700543388429751,0.7696194214876031,0.770546694214876,0.7702338842975206,0.770405929752066,0.7699356301652891,0.7464901818181816,0.7603305785123967,0.7732103305785123,0.770354207644628,0.023330242826634963,0.029209818181818226,0.16666666666666666,S3R19B28_N12_B02_u2_primary_top,"[3,5,7,9,11,1,0,2,4,6,8,10]",3-5-7-9-11-1-0-2-4-6-8-10,f5f1bd4e7fe9e016,0.2727272727272727,0.9090909090909091,0.23966942148760328,0.9090909090909091,1.0,1.0,0.09090909090909091,0.09090909090909091,2.0,1.0,0.05785123966942149,0.2132807917448585,0.0,0.3333333333333333,3.0,smallN_recovery_batch32,S3R63REC_N12_B08_n12_u2_safe_exploitation,False,NOT_RUN
R63_N12_C00002,N12_R63_N12_C00002_N12_u2_safe_exploitation,12.0,N12_u2_safe_exploitation,offline_mutation_or_pointer_proxy,N12_u2_safe_exploitation,constrained_reward_balance,0.6850593286494927,0.6801006509635423,0.6671047831949473,0.6835593286494928,0.6850593286494927,0.677389493938749,0.677810361707344,0.6784600104676746,0.6783143596412282,0.6671047831949473,0.6778663534428813,0.6778663534428813,0.677810361707344,0.6782908162527985,0.6780308988974266,0.6781738534428812,0.6779363575751126,0.6594751373216948,0.6942148760330578,0.681626270798253,0.6781462050957737,0.02285896848481587,0.02558419132779788,0.3333333333333333,S3B20_N12_B02_diversity_top,"[1,11,9,7,5,3,4,6,0,2,8,10]",1-11-9-7-5-3-4-6-0-2-8-10,3fe2634252d0c710,0.09090909090909091,0.9090909090909091,0.3057851239669422,0.9090909090909091,1.0,3.0,0.09090909090909091,0.09090909090909091,4.0,1.0,0.0743801652892562,0.23981186989333736,0.3333333333333333,0.0,20.0,smallN_recovery_batch32,S3R63REC_N12_B09_n12_u2_safe_exploitation,False,NOT_RUN
R63_N12_C00165,N12_R63_N12_C00165_N12_penalty_aware_repair,12.0,N12_penalty_aware_repair,offline_mutation_or_pointer_proxy,N12_penalty_aware_repair,constrained_reward_balance,0.7442857142857146,0.7399881936245576,0.7263311688311691,0.7427857142857146,0.7442857142857146,0.7368803423848882,0.7372350944510038,0.7380500324675328,0.7377721502361279,0.7263311688311691,0.7374233175914997,0.7374233175914997,0.7372350944510038,0.7378610035419129,0.7375878630460451,0.7377380903187724,0.7374272060212518,0.7163324675324678,0.7107438016528926,0.7410510035419129,0.7377029047815823,0.025254152343006285,0.02795324675324673,0.16666666666666666,S3R19B28_N12_B01_surrogate_top,"[1,11,7,9,5,3,2,0,4,6,8,10]",1-11-7-9-5-3-2-0-4-6-8-10,1e2231ce84496ca8,0.09090909090909091,0.9090909090909091,0.2892561983471074,0.9090909090909091,1.0,1.0,0.09090909090909091,0.09090909090909091,4.0,1.0,0.0743801652892562,0.21519366225275272,0.3333333333333333,0.0,5.0,smallN_recovery_batch32,S3R63REC_N12_B10_n12_penalty_aware_repair,False,NOT_RUN
R63_N12_C00004,N12_R63_N12_C00004_N12_uncertainty_calibration,12.0,N12_uncertainty_calibration,offline_mutation_or_pointer_proxy,N12_uncertainty_calibration,constrained_reward_balance,0.817142857142857,0.8141676505312867,0.7991883116883115,0.817142857142857,0.817142857142857,0.8105664108618652,0.8108639315230222,0.8118706980519479,0.8114333530106255,0.7991883116883115,0.8111666174734355,0.8111666174734355,0.8108639315230222,0.8116457497048405,0.8113461629279809,0.8115109356552537,0.8111140244982289,0.7862753246753245,0.743801652892562,0.8144548406139314,0.7922667507378983,0.028295356002624367,0.030867532467532488,0.0,S3R19B28_N12_B01_surrogate_top,"[1,11,9,7,5,3,2,0,4,6,8,10]",1-11-9-7-5-3-2-0-4-6-8-10,d17554c9d2e0795a,0.09090909090909091,0.9090909090909091,0.25619834710743805,0.9090909090909091,1.0,1.0,0.09090909090909091,0.09090909090909091,2.0,1.0,0.0743801652892562,0.21519366225275272,0.3333333333333333,0.0,1.0,smallN_recovery_batch32,S3R63REC_N12_B11_n12_uncertainty_calibration,False,NOT_RUN
R63_N12_C00081,N12_R63_N12_C00081_N12_diversity_coverage,12.0,N12_diversity_coverage,offline_mutation_or_pointer_proxy,N12_diversity_coverage,constrained_reward_balance,0.465714285714286,0.5248878394332943,0.4613961038961042,0.452214285714286,0.465714285714286,0.48538825265643476,0.4787958972845339,0.13122195985832358,0.4822310522432116,0.452214285714286,0.4921965171192447,0.4921965171192447,0.4787958972845339,0.4933745336481703,0.49210469893742653,0.4928031080283356,0.48551320720188934,0.4670857142857146,0.47933884297520657,0.4816845336481703,0.4728550704250298,0.07747556688901035,0.001371428571428579,0.0,N12_A07_regular_jump_coprime,"[0,5,10,3,8,1,6,11,4,9,2,7]",0-5-10-3-8-1-6-11-4-9-2-7,9e779fb1f98b42cb,0.0,0.6363636363636364,0.5206611570247934,0.6363636363636364,0.0,4.0,1.0,0.0,8.0,11.0,0.05785123966942149,0.08746285325833357,0.3333333333333333,0.3333333333333333,476.0,smallN_recovery_batch32,S3R63REC_N12_B12_n12_diversity_coverage,False,NOT_RUN
R63_N16_C00192,N16_R63_N16_C00192_N16_recovery_anchor_top,16.0,N16_recovery_anchor_top,existing_pool_selection,N16_recovery_anchor_top,constrained_reward_balance,0.8071428571428572,0.8041206349206349,0.7946428571428572,0.8071428571428572,0.8071428571428572,0.8021839682539683,0.8024861904761905,0.802949384920635,0.8028350793650794,0.7946428571428572,0.8025067460317461,0.8025067460317461,0.8024861904761905,0.8028213015873016,0.802631746031746,0.8027360015873016,0.8025652182539683,0.7761904761904761,0.7911111111111111,0.8049861904761906,0.7985160799206348,0.015160638547654641,0.030952380952381064,0.125,S3R24L64_N16_B02_top_region,"[8,6,4,2,14,12,10,0,1,3,5,7,9,11,13,15]",8-6-4-2-14-12-10-0-1-3-5-7-9-11-13-15,d1119557bb11b290,0.5333333333333333,1.0,0.20888888888888887,0.8,1.0,2.0,0.06666666666666667,0.06666666666666667,3.0,1.0,0.03111111111111111,0.207798572934417,0.0,0.25,3.0,smallN_recovery_batch32,S3R63REC_N16_B01_n16_anchor_top,False,NOT_RUN
R63_N16_C00234,N16_R63_N16_C00234_N16_recovery_anchor_top,16.0,N16_recovery_anchor_top,existing_pool_selection,N16_recovery_anchor_top,constrained_reward_balance,0.8071428571428572,0.8037650793650793,0.7946428571428572,0.8071428571428572,0.8071428571428572,0.8020417460317462,0.8023795238095238,0.8027538293650793,0.8027106349206349,0.7946428571428572,0.8023289682539684,0.8023289682539684,0.8023795238095238,0.8026364126984127,0.8024539682539683,0.8025543126984127,0.802422996031746,0.7761904761904761,0.7822222222222223,0.8048795238095239,0.7983384443650794,0.023688176229551095,0.030952380952381064,0.125,S3R24L64_N16_B02_top_region,"[8,6,4,0,10,12,14,2,1,3,5,7,9,11,13,15]",8-6-4-0-10-12-14-2-1-3-5-7-9-11-13-15,c4d40c7d24c0d513,0.5333333333333333,1.0,0.21777777777777776,0.8,1.0,2.0,0.06666666666666667,0.06666666666666667,3.0,1.0,0.03111111111111111,0.20722743514444036,0.25,0.25,4.0,smallN_recovery_batch32,S3R63REC_N16_B02_n16_anchor_top,False,NOT_RUN
R63_N16_C00987,N16_R63_N16_C00987_N16_recovery_anchor_top,16.0,N16_recovery_anchor_top,existing_pool_selection,N16_recovery_anchor_top,constrained_reward_balance,0.7588173302107727,0.7554395524329949,0.7463173302107727,0.7588173302107727,0.7588173302107727,0.7537162190996616,0.7540539968774393,0.754428302432995,0.7543851079885504,0.7463173302107727,0.7540034413218838,0.7540034413218838,0.7540539968774393,0.7543108857663282,0.7541284413218837,0.7542287857663282,0.7540974690996616,0.7297979703356751,0.7822222222222223,0.7565539968774393,0.7542129174329948,0.01614982664137502,0.029019359875097628,0.1875,S3R24L64_N16_B02_top_region,"[10,6,4,2,14,12,8,0,1,3,5,7,9,11,13,15]",10-6-4-2-14-12-8-0-1-3-5-7-9-11-13-15,2755bf302a015d7b,0.6666666666666666,1.0,0.21777777777777776,0.8,1.0,2.0,0.06666666666666667,0.06666666666666667,3.0,1.0,0.02222222222222222,0.18929368390263868,0.0,0.0,7.0,smallN_recovery_batch32,S3R63REC_N16_B03_n16_anchor_top,False,NOT_RUN
R63_N16_C00206,N16_R63_N16_C00206_N16_recovery_anchor_top,16.0,N16_recovery_anchor_top,existing_pool_selection,N16_recovery_anchor_top,constrained_reward_balance,0.7588173302107727,0.7554395524329949,0.739650663544106,0.7588173302107727,0.7588173302107727,0.7517162190996616,0.7520539968774393,0.753078302432995,0.752651774655217,0.739650663544106,0.7523367746552171,0.7523367746552171,0.7520539968774393,0.7528442190996615,0.7525284413218837,0.7527021190996614,0.7523008024329948,0.7297979703356751,0.7822222222222223,0.7558873302107726,0.7526572507663282,0.03400146789898746,0.029019359875097628,0.25,N16_A02_odd_even_interlaced,"[10,2,4,6,8,12,14,0,1,3,5,7,9,11,13,15]",10-2-4-6-8-12-14-0-1-3-5-7-9-11-13-15,a426c037afc0c261,0.6666666666666666,1.0,0.21777777777777776,0.9333333333333333,1.0,2.0,0.06666666666666667,0.06666666666666667,3.0,1.0,0.02222222222222222,0.21836655104956887,0.0,0.0,8.0,smallN_recovery_batch32,S3R63REC_N16_B04_n16_anchor_top,False,NOT_RUN
R63_N16_C01126,N16_R63_N16_C01126_N16_recovery_anchor_local_search,16.0,N16_recovery_anchor_local_search,offline_mutation_or_pointer_proxy,N16_recovery_anchor_local_search,constrained_reward_balance,0.8071428571428572,0.8041206349206349,0.7879761904761905,0.8071428571428572,0.8071428571428572,0.8001839682539683,0.8004861904761905,0.8015993849206349,0.801101746031746,0.7879761904761905,0.8008400793650794,0.8008400793650794,0.8004861904761905,0.801354634920635,0.801031746031746,0.801209334920635,0.8007685515873015,0.7761904761904761,0.7911111111111111,0.8043195238095239,0.7819604132539683,0.021589134344598027,0.030952380952381064,0.0,S3R24L64_N16_B02_top_region,"[8,6,4,2,10,12,14,0,1,3,5,7,9,11,13,15]",8-6-4-2-10-12-14-0-1-3-5-7-9-11-13-15,a439d1e72258bb37,0.5333333333333333,1.0,0.20888888888888887,0.9333333333333333,1.0,2.0,0.06666666666666667,0.06666666666666667,3.0,1.0,0.03111111111111111,0.2189086285515511,0.0,0.25,6.0,smallN_recovery_batch32,S3R63REC_N16_B05_n16_anchor,False,NOT_RUN
R63_N16_C01820,N16_R63_N16_C01820_N16_recovery_anchor_local_search,16.0,N16_recovery_anchor_local_search,offline_mutation_or_pointer_proxy,N16_recovery_anchor_local_search,constrained_reward_balance,0.7115361826697892,0.7070917382253448,0.7057028493364559,0.7115361826697892,0.7115361826697892,0.7080084048920116,0.7084528493364558,0.7079104882253449,0.708463960447567,0.7057028493364559,0.7078556271142337,0.7078556271142337,0.7084528493364558,0.7079417382253448,0.707913960447567,0.7079292382253448,0.7081863215586781,0.684408068696331,0.7555555555555555,0.7096195160031226,0.7079545298920115,0.013670444333166972,0.027128113973458268,0.25,S3R24L64_N16_B02_top_region,"[8,14,6,2,4,12,10,0,1,3,5,7,9,11,13,15]",8-14-6-2-4-12-10-0-1-3-5-7-9-11-13-15,e45c2c966e98a3bf,0.5333333333333333,1.0,0.24444444444444444,0.6666666666666666,1.0,3.0,0.06666666666666667,0.06666666666666667,4.0,1.0,0.03111111111111111,0.18485897193853704,0.0,0.25,19.0,smallN_recovery_batch32,S3R63REC_N16_B06_n16_anchor,False,NOT_RUN
R63_N16_C00339,N16_R63_N16_C00339_N16_recovery_anchor_local_search,16.0,N16_recovery_anchor_local_search,offline_mutation_or_pointer_proxy,N16_recovery_anchor_local_search,constrained_reward_balance,0.7006910226385635,0.6962465781941191,0.6815243559718969,0.7004767369242778,0.7006910226385635,0.6931203877179285,0.6935541178766588,0.6943315781941191,0.6941033837496746,0.6815243559718969,0.6936449908925318,0.6936449908925318,0.6935541178766588,0.6941289591465001,0.6938345147020555,0.6939964591465,0.6937048639084048,0.6739967150663543,0.7555555555555555,0.6974195940671349,0.6897628829560238,0.023220674276192975,0.026694307572209253,0.125,S3R24L64_N16_B02_top_region,"[8,6,4,2,10,12,14,0,1,3,5,7,13,11,9,15]",8-6-4-2-10-12-14-0-1-3-5-7-13-11-9-15,17cd5faa31c1285f,0.5333333333333333,1.0,0.24444444444444444,0.9333333333333333,1.0,2.0,0.06666666666666667,0.06666666666666667,5.0,1.0,0.03111111111111111,0.2253118552113169,0.0,0.25,38.0,smallN_recovery_batch32,S3R63REC_N16_B07_n16_anchor,False,NOT_RUN
R63_N16_C00142,N16_R63_N16_C00142_N16_u2_safe_exploitation,16.0,N16_u2_safe_exploitation,offline_mutation_or_pointer_proxy,N16_u2_safe_exploitation,constrained_reward_balance,0.8071428571428572,0.8041206349206349,0.7946428571428572,0.8071428571428572,0.8071428571428572,0.8021839682539683,0.8024861904761905,0.802949384920635,0.8028350793650794,0.7946428571428572,0.8025067460317461,0.8025067460317461,0.8024861904761905,0.8028213015873016,0.802631746031746,0.8027360015873016,0.8025652182539683,0.7761904761904761,0.7911111111111111,0.8049861904761906,0.7985160799206348,0.020911829635104198,0.030952380952381064,0.125,S3R24L64_N16_B02_top_region,"[8,6,4,2,10,14,12,0,1,3,5,7,9,11,13,15]",8-6-4-2-10-14-12-0-1-3-5-7-9-11-13-15,a611be7825eb9f66,0.5333333333333333,1.0,0.20888888888888887,0.8,1.0,2.0,0.06666666666666667,0.06666666666666667,3.0,1.0,0.03111111111111111,0.18991876105974667,0.0,0.25,2.0,smallN_recovery_batch32,S3R63REC_N16_B08_n16_u2_safe_exploitation,False,NOT_RUN
R63_N16_C01079,N16_R63_N16_C01079_N16_u2_safe_exploitation,16.0,N16_u2_safe_exploitation,offline_mutation_or_pointer_proxy,N16_u2_safe_exploitation,constrained_reward_balance,0.8071428571428572,0.8037650793650793,0.7879761904761905,0.8071428571428572,0.8071428571428572,0.8000417460317462,0.8003795238095238,0.8014038293650794,0.8009773015873016,0.7879761904761905,0.8006623015873017,0.8006623015873017,0.8003795238095238,0.8011697460317461,0.8008539682539683,0.801027646031746,0.8006263293650794,0.7761904761904761,0.7822222222222223,0.8042128571428572,0.8009827776984126,0.026308238049956943,0.030952380952381064,0.25,S3R24L64_N16_B02_top_region,"[8,6,4,0,14,12,10,2,1,3,5,7,9,11,13,15]",8-6-4-0-14-12-10-2-1-3-5-7-9-11-13-15,1a1c91e76f40c3f4,0.5333333333333333,1.0,0.21777777777777776,0.9333333333333333,1.0,2.0,0.06666666666666667,0.06666666666666667,3.0,1.0,0.03111111111111111,0.21836655104956887,0.25,0.25,1.0,smallN_recovery_batch32,S3R63REC_N16_B09_n16_u2_safe_exploitation,False,NOT_RUN
R63_N16_C00718,N16_R63_N16_C00718_N16_penalty_aware_repair,16.0,N16_penalty_aware_repair,offline_mutation_or_pointer_proxy,N16_penalty_aware_repair,constrained_reward_balance,0.7304761904761906,0.728520634920635,0.7304761904761906,0.7304761904761906,0.7304761904761906,0.7296939682539684,0.7298895238095239,0.729400634920635,0.7297917460317462,0.7304761904761906,0.7294984126984128,0.7294984126984128,0.7298895238095239,0.7294593015873017,0.7294984126984128,0.7294769015873017,0.7296939682539683,0.7025904761904762,0.8177777777777777,0.7298895238095239,0.725299194920635,0.018909566407387477,0.027885714285714402,0.125,S3B20_N16_B01_surrogate_top,"[0,2,4,6,8,12,14,10,7,5,3,1,9,11,13,15]",0-2-4-6-8-12-14-10-7-5-3-1-9-11-13-15,4b32b0c92d424de1,0.0,1.0,0.18222222222222223,0.5333333333333333,0.0,1.0,0.06666666666666667,0.0,2.0,1.0,0.06666666666666667,0.10460979818613174,0.25,0.0,10.0,smallN_recovery_batch32,S3R63REC_N16_B10_n16_penalty_aware_repair,False,NOT_RUN
R63_N16_C00450,N16_R63_N16_C00450_N16_uncertainty_calibration,16.0,N16_uncertainty_calibration,offline_mutation_or_pointer_proxy,N16_uncertainty_calibration,constrained_reward_balance,0.7914067135050741,0.7890956023939629,0.7855733801717407,0.7914067135050741,0.7914067135050741,0.7887322690606295,0.7889633801717407,0.788954352393963,0.7890811579495185,0.7855733801717407,0.7887928246161852,0.7887928246161852,0.7889633801717407,0.7889216023939629,0.7888511579495185,0.7888899023939631,0.7889101857272962,0.7610837782982044,0.8088888888888889,0.7901300468384074,0.7888908740606296,0.018689605757234856,0.030322935206869683,0.25,S3R24L64_N16_B02_top_region,"[8,6,4,14,12,10,2,0,1,3,5,7,9,11,13,15]",8-6-4-14-12-10-2-0-1-3-5-7-9-11-13-15,cce57c2f3625e437,0.5333333333333333,1.0,0.19111111111111112,0.6666666666666666,1.0,2.0,0.06666666666666667,0.06666666666666667,3.0,1.0,0.03111111111111111,0.16305721180305904,0.0,0.25,5.0,smallN_recovery_batch32,S3R63REC_N16_B11_n16_uncertainty_calibration,False,NOT_RUN
R63_N16_C00053,N16_R63_N16_C00053_N16_diversity_coverage,16.0,N16_diversity_coverage,offline_mutation_or_pointer_proxy,N16_diversity_coverage,constrained_reward_balance,0.5894729117876659,0.6579173562321103,0.5736395784543326,0.5894729117876659,0.5894729117876659,0.6121006895654438,0.6052562451209992,0.6239111062321103,0.6093118006765549,0.5736395784543326,0.6197368006765548,0.6197368006765548,0.6052562451209992,0.6215806895654438,0.6198951340098882,0.6208221895654438,0.6125836062321104,0.5858939953161593,0.7111111111111111,0.6084229117876659,0.619973047898777,0.09002602685216514,0.0035789164715066546,0.8125,N16_A11_graph_pointer_policy_diverse_01,"[2,5,8,11,14,1,4,7,10,13,0,3,6,9,12,15]",2-5-8-11-14-1-4-7-10-13-0-3-6-9-12-15,289336c5cfa2eb67,0.13333333333333333,1.0,0.28888888888888886,0.8666666666666667,0.0,2.0,1.0,0.0,4.0,15.0,0.05777777777777778,0.22662308949301263,0.0,0.25,138.0,smallN_recovery_batch32,S3R63REC_N16_B12_n16_diversity_coverage,False,NOT_RUN
R63_N24_C00651,N24_R63_N24_C00651_N24_frozen_reference_maintenance,24.0,N24_frozen_reference_maintenance,offline_mutation_or_pointer_proxy,N24_frozen_reference_maintenance,constrained_reward_balance,0.7158285714285715,0.7164334863624089,0.706372049689441,0.7158285714285715,0.7158285714285715,0.7132335808803674,0.7131730893869835,0.7142463289900083,0.7135815960032406,0.706372049689441,0.7151945355117473,0.7137668984607076,0.7131730893869835,0.7140626924115583,0.7138614636780989,0.7135887557385904,0.7135220047934108,0.6889345590062111,0.8412098298676749,0.7150643937348097,0.7044940773359439,0.012330985086659238,0.026894012422360336,0.08333333333333333,S3R44CNS_N24_B16_uncertainty,"[22,23,15,13,9,7,5,3,1,11,19,21,17,0,2,4,6,8,10,12,14,16,18,20]",22-23-15-13-9-7-5-3-1-11-19-21-17-0-2-4-6-8-10-12-14-16-18-20,f71a3d4cd71aa3bc,0.9565217391304348,0.8695652173913043,0.15879017013232513,0.7391304347826086,1.0,1.0,0.08695652173913043,0.043478260869565216,4.0,2.0,-0.003780718336483932,0.1589026516723441,0.16666666666666666,0.0,1.0,smallN_recovery_batch32,S3R63REC_N24_B01_n24_frozen_reference_maintenan,False,NOT_RUN
R63_N24_C00076,N24_R63_N24_C00076_N24_frozen_reference_maintenance,24.0,N24_frozen_reference_maintenance,offline_mutation_or_pointer_proxy,N24_frozen_reference_maintenance,constrained_reward_balance,0.6848571428571426,0.6841009991898458,0.6623571428571426,0.6848571428571426,0.6848571428571426,0.6778046853902239,0.6778802997569535,0.6798850138401293,0.6787424925735888,0.6623571428571426,0.6817371334053467,0.6788540710234942,0.6778802997569535,0.6795139481501483,0.6790790710234942,0.6785619396435318,0.6784909353902238,0.6592019875776395,0.8071833648393194,0.6823802997569536,0.6695752102011878,0.03679572889893587,0.025655155279503128,0.08333333333333333,S3R44CNS_N24_B16_uncertainty,"[22,17,15,13,9,7,5,3,1,11,19,21,23,0,2,4,12,8,10,6,14,16,18,20]",22-17-15-13-9-7-5-3-1-11-19-21-23-0-2-4-12-8-10-6-14-16-18-20,503e5a1dc092b7f5,0.9565217391304348,0.8695652173913043,0.19281663516068054,1.0,0.0,1.0,0.08695652173913043,0.0,7.0,2.0,-0.003780718336483932,0.2022419289035081,0.0,0.0,3.0,smallN_recovery_batch32,S3R63REC_N24_B02_n24_frozen_reference_maintenan,False,NOT_RUN
R63_N24_C01087,N24_R63_N24_C01087_N24_frozen_reference_maintenance,24.0,N24_frozen_reference_maintenance,offline_mutation_or_pointer_proxy,N24_frozen_reference_maintenance,constrained_reward_balance,0.6249714285714283,0.6254251147718063,0.6024714285714283,0.6249714285714283,0.6249714285714283,0.6184029030515795,0.6183575344315416,0.6206647059816363,0.6192802187415606,0.6024714285714283,0.6227394342425057,0.6195732716716172,0.6183575344315416,0.6202573453956248,0.6197982716716173,0.6192085504995946,0.6190891530515794,0.6017117018633538,0.8374291115311909,0.6228575344315417,0.619442388165001,0.02942537244507564,0.023259726708074524,0.3333333333333333,S3R44CNS_N24_B01_reward_balanced,"[22,18,16,14,12,10,8,6,4,2,0,23,21,19,11,1,3,5,7,9,13,15,17,20]",22-18-16-14-12-10-8-6-4-2-0-23-21-19-11-1-3-5-7-9-13-15-17-20,d83123af51daf0e5,0.9565217391304348,0.8695652173913043,0.16257088846880907,1.0,0.0,1.0,0.08695652173913043,0.0,3.0,2.0,-0.003780718336483932,0.19871262799270922,0.0,0.16666666666666666,14.0,smallN_recovery_batch32,S3R63REC_N24_B03_n24_frozen_reference_maintenan,False,NOT_RUN
R63_N24_C00483,N24_R63_N24_C00483_N24_frozen_penalty_diagnostic,24.0,N24_frozen_penalty_diagnostic,offline_mutation_or_pointer_proxy,N24_frozen_penalty_diagnostic,constrained_reward_balance,0.6848571428571426,0.6841009991898458,0.6623571428571426,0.6848571428571426,0.6848571428571426,0.6778046853902239,0.6778802997569535,0.6798850138401293,0.6787424925735888,0.6623571428571426,0.6817371334053467,0.6788540710234942,0.6778802997569535,0.6795139481501483,0.6790790710234942,0.6785619396435318,0.6784909353902238,0.6592019875776395,0.8071833648393194,0.6823802997569536,0.6695752102011878,0.0359725031345445,0.025655155279503128,0.08333333333333333,S3R44CNS_N24_B16_uncertainty,"[22,17,21,13,9,7,5,3,1,11,19,15,23,0,2,4,6,8,10,12,14,16,18,20]",22-17-21-13-9-7-5-3-1-11-19-15-23-0-2-4-6-8-10-12-14-16-18-20,7b1e8363fa479c04,0.9565217391304348,0.8695652173913043,0.19281663516068054,1.0,0.0,1.0,0.08695652173913043,0.0,7.0,2.0,-0.003780718336483932,0.2022419289035081,0.0,0.0,5.0,smallN_recovery_batch32,S3R63REC_N24_B04_n24_frozen_penalty_diagnostic,False,NOT_RUN
R63_N40_C01168,N40_R63_N40_C01168_N40_followup_u2_reward_retention,40.0,N40_followup_u2_reward_retention,offline_mutation_or_pointer_proxy,N40_followup_u2_reward_retention,constrained_reward_balance,0.694535519125683,0.69766503917828,0.694535519125683,0.694535519125683,0.694535519125683,0.6957873271467219,0.6954743751414622,0.6962567551546114,0.695630851144092,0.694535519125683,0.6961002791519815,0.6956308511440921,0.6953178991388322,0.6961628695530335,0.6961002791519815,0.6959125079488256,0.695521317942251,0.6682925598991172,0.9243918474687706,0.6954743751414622,0.682425374484,0.006311332258724029,0.026242959226565832,0.05,S3R59N40PR40_N40_B17_n40_two_stage,"[0,2,6,7,9,11,13,15,17,19,34,36,38,32,30,28,26,24,22,20,18,16,14,12,10,8,4,5,3,1,21,23,25,27,29,31,33,35,37,39]",0-2-6-7-9-11-13-15-17-19-34-36-38-32-30-28-26-24-22-20-18-16-14-12-10-8-4-5-3-1-21-23-25-27-29-31-33-35-37-39,d515702c8928ef8e,0.0,1.0,0.07560815253122946,0.5128205128205128,2.0,1.0,0.07692307692307693,0.05128205128205128,4.0,3.0,0.02564102564102564,0.09031913089322496,0.1,0.1,4.0,smallN_recovery_batch32,S3R63REC_N40_B01_n40_followup_u2ret,False,NOT_RUN
R63_N40_C00491,N40_R63_N40_C00491_N40_followup_u2_reward_retention,40.0,N40_followup_u2_reward_retention,offline_mutation_or_pointer_proxy,N40_followup_u2_reward_retention,constrained_reward_balance,0.6861171827565272,0.6892992997847981,0.6861171827565272,0.6861171827565272,0.6861171827565272,0.6873900295678356,0.6870718178650085,0.6878673471220762,0.687230923716422,0.6861171827565272,0.6877082412706627,0.687230923716422,0.6869127120135949,0.6877718836112281,0.6877082412706627,0.6875173142489663,0.6871195496204325,0.6602109569847276,0.925706771860618,0.6870718178650085,0.6740253550116225,0.008121143242668435,0.025906225771799574,0.05,S3R59N40PR40_N40_B04_n40_median,"[0,2,4,7,9,11,13,15,17,19,32,36,38,34,30,28,26,24,22,20,18,16,14,12,10,8,6,5,3,1,21,23,25,27,29,31,33,35,37,39]",0-2-4-7-9-11-13-15-17-19-32-36-38-34-30-28-26-24-22-20-18-16-14-12-10-8-6-5-3-1-21-23-25-27-29-31-33-35-37-39,b2d0852871ae73a9,0.0,1.0,0.07429322813938198,0.5128205128205128,1.0,1.0,0.07692307692307693,0.02564102564102564,2.0,3.0,0.02564102564102564,0.08490176703409824,0.1,0.1,7.0,smallN_recovery_batch32,S3R63REC_N40_B02_n40_followup_u2ret,False,NOT_RUN
R63_N40_C01084,N40_R63_N40_C01084_N40_followup_u2_reward_retention,40.0,N40_followup_u2_reward_retention,offline_mutation_or_pointer_proxy,N40_followup_u2_reward_retention,constrained_reward_balance,0.6861171827565273,0.6892992997847982,0.6861171827565273,0.6861171827565273,0.6861171827565273,0.6873900295678357,0.6870718178650085,0.6878673471220764,0.6872309237164221,0.6861171827565273,0.6877082412706627,0.687230923716422,0.6869127120135949,0.6877718836112282,0.6877082412706628,0.6875173142489663,0.6871195496204325,0.6602109569847278,0.925706771860618,0.6870718178650086,0.6740253550116225,0.013410827770546831,0.025906225771799574,0.05,S3R59N40PR40_N40_B11_n40_penalty_repair,"[0,2,4,7,9,11,13,15,17,19,22,24,26,28,30,32,38,36,34,20,18,16,14,12,10,8,6,5,3,1,21,23,25,27,29,31,33,35,37,39]",0-2-4-7-9-11-13-15-17-19-22-24-26-28-30-32-38-36-34-20-18-16-14-12-10-8-6-5-3-1-21-23-25-27-29-31-33-35-37-39,87bdfcf1fc6af4d6,0.0,1.0,0.07429322813938198,0.5128205128205128,1.0,1.0,0.07692307692307693,0.02564102564102564,2.0,3.0,0.02564102564102564,0.08763751586036361,0.1,0.1,8.0,smallN_recovery_batch32,S3R63REC_N40_B03_n40_followup_u2ret,False,NOT_RUN
R63_N40_C01158,N40_R63_N40_C01158_N40_followup_u2_reward_retention,40.0,N40_followup_u2_reward_retention,offline_mutation_or_pointer_proxy,N40_followup_u2_reward_retention,constrained_reward_balance,0.6861171827565272,0.6892992997847981,0.6861171827565272,0.6861171827565272,0.6861171827565272,0.6873900295678356,0.6870718178650085,0.6878673471220762,0.687230923716422,0.6861171827565272,0.6877082412706627,0.687230923716422,0.6869127120135949,0.6877718836112281,0.6877082412706627,0.6875173142489663,0.6871195496204325,0.6602109569847276,0.925706771860618,0.6870718178650085,0.6740253550116225,0.012558229591805978,0.025906225771799574,0.05,S3R59N40PR40_N40_B17_n40_two_stage,"[0,2,4,6,9,11,13,15,17,19,34,36,38,32,30,28,26,24,22,20,18,16,14,12,10,8,7,5,3,1,21,23,25,27,29,31,33,35,37,39]",0-2-4-6-9-11-13-15-17-19-34-36-38-32-30-28-26-24-22-20-18-16-14-12-10-8-7-5-3-1-21-23-25-27-29-31-33-35-37-39,d9c22149ede815b6,0.0,1.0,0.07429322813938198,0.5128205128205128,1.0,1.0,0.07692307692307693,0.02564102564102564,2.0,3.0,0.02564102564102564,0.08991621826313613,0.1,0.1,9.0,smallN_recovery_batch32,S3R63REC_N40_B04_n40_followup_u2ret,False,NOT_RUN
