n,strategy_name,order_hash,order_compact,dataset_source,ppo_version,is_ppo,candidate_source,ppo_checkpoint,ppo_seed,predicted_lex_primary_score,predicted_u2_guarded_score,final_v03_score,partial_training_caveat,teacher_metrics_extracted,teacher_validation_status,source_metric_file,u2_range,peeq_max,surface_t_proxy,mises_max,final_step_name,final_frame_time,extracted_field_names,completion_status,odb_extraction_status,combined_rank_u2_range,combined_percentile_u2_range,combined_cost_norm_u2_range,combined_rank_peeq_max,combined_percentile_peeq_max,combined_cost_norm_peeq_max,combined_rank_surface_t_proxy,combined_percentile_surface_t_proxy,combined_cost_norm_surface_t_proxy,combined_rank_mises_max,combined_percentile_mises_max,combined_cost_norm_mises_max,combined_lex_rank,combined_lex_percentile,combined_diag_lex_rank,combined_diag_lex_percentile,ref_rank_u2_range,ref_percentile_u2_range,ref_best_u2_range,ref_median_u2_range,ref_q25_u2_range,ref_q75_u2_range,candidate_beats_ref_best_u2_range,candidate_better_than_ref_median_u2_range,candidate_top10pct_ref_u2_range,candidate_top25pct_ref_u2_range,v03_rank_u2_range_within_N,v03_best_u2_range_within_N,ref_rank_peeq_max,ref_percentile_peeq_max,ref_best_peeq_max,ref_median_peeq_max,ref_q25_peeq_max,ref_q75_peeq_max,candidate_beats_ref_best_peeq_max,candidate_better_than_ref_median_peeq_max,candidate_top10pct_ref_peeq_max,candidate_top25pct_ref_peeq_max,v03_rank_peeq_max_within_N,v03_best_peeq_max_within_N,ref_rank_surface_t_proxy,ref_percentile_surface_t_proxy,ref_best_surface_t_proxy,ref_median_surface_t_proxy,ref_q25_surface_t_proxy,ref_q75_surface_t_proxy,candidate_beats_ref_best_surface_t_proxy,candidate_better_than_ref_median_surface_t_proxy,candidate_top10pct_ref_surface_t_proxy,candidate_top25pct_ref_surface_t_proxy,v03_rank_surface_t_proxy_within_N,v03_best_surface_t_proxy_within_N,ref_rank_mises_max,ref_percentile_mises_max,ref_best_mises_max,ref_median_mises_max,ref_q25_mises_max,ref_q75_mises_max,candidate_beats_ref_best_mises_max,candidate_better_than_ref_median_mises_max,candidate_top10pct_ref_mises_max,candidate_top25pct_ref_mises_max,v03_rank_mises_max_within_N,v03_best_mises_max_within_N,ref_lex_rank,ref_lex_percentile,candidate_beats_ref_lex_best,candidate_top10pct_ref_lex,candidate_top25pct_ref_lex,ref_diag_lex_rank,ref_diag_lex_percentile,v03_lex_rank_within_N,v03_best_lex_within_N,teacher_lex_reward_rank_normalized,teacher_u2_reward_rank_normalized,teacher_lex_reward,teacher_u2_lex_reward,false_positive_high_score_poor_teacher,true_positive_high_score_strong_teacher,teacher_surfaceT_only_false_positive
24,PPOV03_N24_B05_top_v03_score,c5aa1303e0f75254,"23,21,17,19,22,20,18,16,13,12,14,15,10,9,11,8,0,5,7,2,4,1,3,6",ppo_v03_batch32,v03,True,PPO_v03_checkpoint_inference,E:\Projects\RL-LAM-ScanOpt\outputs\stage3_ppo_rl_lam_fea_addendum_v03_lex_primary_N24_N40\ppo_training_v03\checkpoints\N24_seed20260627_maskable_ppo_v03.zip,20260627,0.6902960095676429,0.2462282485153425,0.5213811368724849,PPO v03 training was partial: N24 seed 20260627 reached 100000 timesteps from an interrupted checkpoint; N40 seed 20260627 reached 61440 timesteps. Training verdict: WARNING_V03_PPO_TRAINING_PARTIAL_REVIEW.,True,PASS_TEACHER_FIELDS_EXTRACTED,E:\Projects\RL-LAM-ScanOpt\outputs\stage3_ppo_rl_lam_fea_addendum_v03_lex_primary_N24_N40\stageR_ODB_teacher_metric_extraction\stageR_v03_teacher_metrics.csv,0.0001705887261778,0.1735778599977493,583821184.0,579944576.0,step_final_cooling,1200.0,AC YIELD;HFL;NT11;PEEQ;RF;S;U,WARNING_SUCCESS_WITH_WARNINGS,PASS_ODB_FINAL_FRAME_EXTRACTED,140.0,0.6796116504854369,0.23626077690127115,186.0,0.9029126213592233,0.6085150636839429,162.0,0.7864077669902912,0.26392337911851577,162.0,0.7864077669902912,0.6829268292682927,140.0,0.6796116504854369,140.0,0.6796116504854369,139,0.7277486910994765,2.9523077955673216e-05,8.096076885522052e-05,5.351185041035933e-05,0.000189858678879725,False,False,False,False,2.0,False,179,0.93717277486911,0.1492166519165039,0.15729529410600662,0.15427346900105474,0.16117477416992182,False,False,False,False,8.0,False,149,0.7801047120418848,580875968.0,582566592.0,581893616.0,583485168.0,False,False,False,False,14.0,False,156,0.8167539267015707,579942784.0,579944128.0,579943552.0,579944448.0,False,False,False,False,7.0,False,139.0,0.7277486910994765,False,False,False,139.0,0.7277486910994765,2.0,False,0.27368421052631575,0.27368421052631575,0.27368421052631575,0.27368421052631575,True,False,False
24,PPOV03_N24_B06_u2_guarded,ab9002ad468ed40e,"19,17,21,14,23,16,13,15,18,22,20,12,10,8,9,11,5,7,3,6,2,4,0,1",ppo_v03_batch32,v03,True,PPO_v03_checkpoint_inference,E:\Projects\RL-LAM-ScanOpt\outputs\stage3_ppo_rl_lam_fea_addendum_v03_lex_primary_N24_N40\ppo_training_v03\checkpoints\N24_seed20260627_maskable_ppo_v03.zip,20260627,0.6804908837876286,0.2647359772606091,0.5199598330982174,PPO v03 training was partial: N24 seed 20260627 reached 100000 timesteps from an interrupted checkpoint; N40 seed 20260627 reached 61440 timesteps. Training verdict: WARNING_V03_PPO_TRAINING_PARTIAL_REVIEW.,True,PASS_TEACHER_FIELDS_EXTRACTED,E:\Projects\RL-LAM-ScanOpt\outputs\stage3_ppo_rl_lam_fea_addendum_v03_lex_primary_N24_N40\stageR_ODB_teacher_metric_extraction\stageR_v03_teacher_metrics.csv,0.0001702423680853,0.1734540909528732,582322112.0,579944640.0,step_final_cooling,1200.0,AC YIELD;HFL;NT11;PEEQ;RF;S;U,WARNING_SUCCESS_WITH_WARNINGS,PASS_ODB_FINAL_FRAME_EXTRACTED,139.0,0.6747572815533981,0.23568068647492413,185.0,0.8980582524271845,0.6054234547631661,94.0,0.4563106796116505,0.1295902273965532,172.0,0.8349514563106796,0.7073170731707317,139.0,0.6747572815533981,139.0,0.6747572815533981,139,0.7277486910994765,2.9523077955673216e-05,8.096076885522052e-05,5.351185041035933e-05,0.000189858678879725,False,False,False,False,1.0,True,179,0.93717277486911,0.1492166519165039,0.15729529410600662,0.15427346900105474,0.16117477416992182,False,False,False,False,7.0,False,87,0.45549738219895286,580875968.0,582566592.0,581893616.0,583485168.0,False,True,False,False,8.0,False,165,0.8638743455497382,579942784.0,579944128.0,579943552.0,579944448.0,False,False,False,False,8.0,False,139.0,0.7277486910994765,False,False,False,139.0,0.7277486910994765,1.0,True,0.27368421052631575,0.27368421052631575,0.27368421052631575,0.27368421052631575,True,False,False
24,PPOV03_N24_B13_diverse_upper_quartile,0d26ed1201ed9ba1,"21,23,19,18,17,20,13,22,16,15,12,14,9,8,11,10,2,5,1,4,6,7,3,0",ppo_v03_batch32,v03,True,PPO_v03_checkpoint_inference,E:\Projects\RL-LAM-ScanOpt\outputs\stage3_ppo_rl_lam_fea_addendum_v03_lex_primary_N24_N40\ppo_training_v03\checkpoints\N24_seed20260627_maskable_ppo_v03.zip,20260627,0.679712057657243,0.2074575558407162,0.5052421514525296,PPO v03 training was partial: N24 seed 20260627 reached 100000 timesteps from an interrupted checkpoint; N40 seed 20260627 reached 61440 timesteps. Training verdict: WARNING_V03_PPO_TRAINING_PARTIAL_REVIEW.,True,PASS_TEACHER_FIELDS_EXTRACTED,E:\Projects\RL-LAM-ScanOpt\outputs\stage3_ppo_rl_lam_fea_addendum_v03_lex_primary_N24_N40\stageR_ODB_teacher_metric_extraction\stageR_v03_teacher_metrics.csv,0.0002180615433644,0.1724984645843505,582269120.0,579944448.0,step_final_cooling,1200.0,AC YIELD;HFL;NT11;PEEQ;RF;S;U,WARNING_SUCCESS_WITH_WARNINGS,PASS_ODB_FINAL_FRAME_EXTRACTED,151.0,0.7330097087378641,0.3157696070917162,180.0,0.8737864077669902,0.5815530030778358,89.0,0.4320388349514563,0.12484156797522439,141.0,0.6844660194174758,0.6341463414634146,151.0,0.7330097087378641,151.0,0.7330097087378641,149,0.7801047120418848,2.9523077955673216e-05,8.096076885522052e-05,5.351185041035933e-05,0.000189858678879725,False,False,False,False,3.0,False,176,0.9214659685863874,0.1492166519165039,0.15729529410600662,0.15427346900105474,0.16117477416992182,False,False,False,False,5.0,False,84,0.4397905759162304,580875968.0,582566592.0,581893616.0,583485168.0,False,True,False,False,6.0,False,138,0.7225130890052356,579942784.0,579944128.0,579943552.0,579944448.0,False,False,False,False,4.0,False,149.0,0.7801047120418848,False,False,False,149.0,0.7801047120418848,3.0,False,0.2210526315789474,0.2210526315789474,0.2210526315789474,0.2210526315789474,False,False,False
24,PPOV03_N24_B14_diverse_upper_quartile,0bbda7a8d913e63e,"19,23,21,17,16,22,15,18,20,10,12,13,14,7,11,2,1,8,6,3,4,5,9,0",ppo_v03_batch32,v03,True,PPO_v03_checkpoint_inference,E:\Projects\RL-LAM-ScanOpt\outputs\stage3_ppo_rl_lam_fea_addendum_v03_lex_primary_N24_N40\ppo_training_v03\checkpoints\N24_seed20260627_maskable_ppo_v03.zip,20260627,0.6603909073936872,0.2042244356176769,0.4896737227496231,PPO v03 training was partial: N24 seed 20260627 reached 100000 timesteps from an interrupted checkpoint; N40 seed 20260627 reached 61440 timesteps. Training verdict: WARNING_V03_PPO_TRAINING_PARTIAL_REVIEW.,True,PASS_TEACHER_FIELDS_EXTRACTED,E:\Projects\RL-LAM-ScanOpt\outputs\stage3_ppo_rl_lam_fea_addendum_v03_lex_primary_N24_N40\stageR_ODB_teacher_metric_extraction\stageR_v03_teacher_metrics.csv,0.0002369111671214,0.1812921911478042,583164288.0,579945152.0,step_final_cooling,1200.0,AC YIELD;HFL;NT11;PEEQ;RF;S;U,WARNING_SUCCESS_WITH_WARNINGS,PASS_ODB_FINAL_FRAME_EXTRACTED,160.0,0.7766990291262136,0.34733949536184244,202.0,0.9805825242718447,0.8012102163791249,140.0,0.6796116504854369,0.2050583546009807,200.0,0.970873786407767,0.9024390243902439,160.0,0.7766990291262136,160.0,0.7766990291262136,157,0.8219895287958116,2.9523077955673216e-05,8.096076885522052e-05,5.351185041035933e-05,0.000189858678879725,False,False,False,False,4.0,False,187,0.9790575916230366,0.1492166519165039,0.15729529410600662,0.15427346900105474,0.16117477416992182,False,False,False,False,16.0,False,128,0.6701570680628273,580875968.0,582566592.0,581893616.0,583485168.0,False,False,False,False,13.0,False,191,1.0,579942784.0,579944128.0,579943552.0,579944448.0,False,False,False,False,10.0,False,157.0,0.8219895287958116,False,False,False,157.0,0.8219895287958116,4.0,False,0.17894736842105263,0.17894736842105263,0.17894736842105263,0.1789473684210526,False,False,False
24,PPOV03_N24_B16_fill_next_best,a11f279b23defa7c,"20,21,23,17,18,22,16,19,14,9,11,15,12,10,13,7,5,3,2,4,8,6,1,0",ppo_v03_batch32,v03,True,PPO_v03_checkpoint_inference,E:\Projects\RL-LAM-ScanOpt\outputs\stage3_ppo_rl_lam_fea_addendum_v03_lex_primary_N24_N40\ppo_training_v03\checkpoints\N24_seed20260627_maskable_ppo_v03.zip,20260627,0.6855315351539291,0.2328170853270394,0.5140350665290558,PPO v03 training was partial: N24 seed 20260627 reached 100000 timesteps from an interrupted checkpoint; N40 seed 20260627 reached 61440 timesteps. Training verdict: WARNING_V03_PPO_TRAINING_PARTIAL_REVIEW.,True,PASS_TEACHER_FIELDS_EXTRACTED,E:\Projects\RL-LAM-ScanOpt\outputs\stage3_ppo_rl_lam_fea_addendum_v03_lex_primary_N24_N40\stageR_ODB_teacher_metric_extraction\stageR_v03_teacher_metrics.csv,0.0002369536150581,0.1701831221580505,582284544.0,579945280.0,step_final_cooling,1200.0,AC YIELD;HFL;NT11;PEEQ;RF;S;U,WARNING_SUCCESS_WITH_WARNINGS,PASS_ODB_FINAL_FRAME_EXTRACTED,161.0,0.7815533980582524,0.34741058837866823,177.0,0.8592233009708737,0.523718402294029,91.0,0.441747572815534,0.1262237260918189,203.0,0.9854368932038835,0.9512195121951219,161.0,0.7815533980582524,161.0,0.7815533980582524,157,0.8219895287958116,2.9523077955673216e-05,8.096076885522052e-05,5.351185041035933e-05,0.000189858678879725,False,False,False,False,5.0,False,175,0.9162303664921466,0.1492166519165039,0.15729529410600662,0.15427346900105474,0.16117477416992182,False,False,False,False,3.0,False,85,0.44502617801047123,580875968.0,582566592.0,581893616.0,583485168.0,False,True,False,False,7.0,False,191,1.0,579942784.0,579944128.0,579943552.0,579944448.0,False,False,False,False,13.0,False,157.0,0.8219895287958116,False,False,False,157.0,0.8219895287958116,5.0,False,0.17894736842105263,0.17894736842105263,0.17894736842105263,0.1789473684210526,False,False,False
24,PPOV03_N24_B04_top_v03_score,43629747c9ed4c03,"19,21,22,23,17,20,11,18,13,15,14,9,12,10,16,7,2,8,4,6,5,3,0,1",ppo_v03_batch32,v03,True,PPO_v03_checkpoint_inference,E:\Projects\RL-LAM-ScanOpt\outputs\stage3_ppo_rl_lam_fea_addendum_v03_lex_primary_N24_N40\ppo_training_v03\checkpoints\N24_seed20260627_maskable_ppo_v03.zip,20260627,0.6964262386449817,0.2369671901540492,0.5216026140930075,PPO v03 training was partial: N24 seed 20260627 reached 100000 timesteps from an interrupted checkpoint; N40 seed 20260627 reached 61440 timesteps. Training verdict: WARNING_V03_PPO_TRAINING_PARTIAL_REVIEW.,True,PASS_TEACHER_FIELDS_EXTRACTED,E:\Projects\RL-LAM-ScanOpt\outputs\stage3_ppo_rl_lam_fea_addendum_v03_lex_primary_N24_N40\stageR_ODB_teacher_metric_extraction\stageR_v03_teacher_metrics.csv,0.0002486355156179,0.1782527267932891,582888896.0,579944448.0,step_final_cooling,1200.0,AC YIELD;HFL;NT11;PEEQ;RF;S;U,WARNING_SUCCESS_WITH_WARNINGS,PASS_ODB_FINAL_FRAME_EXTRACTED,166.0,0.8058252427184466,0.36697576910640844,196.0,0.9514563106796117,0.7252878795605036,122.0,0.5922330097087378,0.18038023685946147,141.0,0.6844660194174758,0.6341463414634146,166.0,0.8058252427184466,166.0,0.8058252427184466,161,0.8429319371727748,2.9523077955673216e-05,8.096076885522052e-05,5.351185041035933e-05,0.000189858678879725,False,False,False,False,6.0,False,185,0.9685863874345549,0.1492166519165039,0.15729529410600662,0.15427346900105474,0.16117477416992182,False,False,False,False,12.0,False,112,0.5863874345549738,580875968.0,582566592.0,581893616.0,583485168.0,False,False,False,False,11.0,False,138,0.7225130890052356,579942784.0,579944128.0,579943552.0,579944448.0,False,False,False,False,4.0,False,161.0,0.8429319371727748,False,False,False,161.0,0.8429319371727748,6.0,False,0.1578947368421053,0.1578947368421053,0.1578947368421053,0.1578947368421053,True,False,False
24,PPOV03_N24_B03_top_v03_score,4b873bac462edf36,"19,17,18,15,21,23,22,14,16,12,20,8,13,9,10,11,6,2,0,3,7,4,5,1",ppo_v03_batch32,v03,True,PPO_v03_checkpoint_inference,E:\Projects\RL-LAM-ScanOpt\outputs\stage3_ppo_rl_lam_fea_addendum_v03_lex_primary_N24_N40\ppo_training_v03\checkpoints\N24_seed20260627_maskable_ppo_v03.zip,20260627,0.6886170585653425,0.2519625438670066,0.5216486784290211,PPO v03 training was partial: N24 seed 20260627 reached 100000 timesteps from an interrupted checkpoint; N40 seed 20260627 reached 61440 timesteps. Training verdict: WARNING_V03_PPO_TRAINING_PARTIAL_REVIEW.,True,PASS_TEACHER_FIELDS_EXTRACTED,E:\Projects\RL-LAM-ScanOpt\outputs\stage3_ppo_rl_lam_fea_addendum_v03_lex_primary_N24_N40\stageR_ODB_teacher_metric_extraction\stageR_v03_teacher_metrics.csv,0.0002758577702479,0.1741457283496856,582342912.0,579945216.0,step_final_cooling,1200.0,AC YIELD;HFL;NT11;PEEQ;RF;S;U,WARNING_SUCCESS_WITH_WARNINGS,PASS_ODB_FINAL_FRAME_EXTRACTED,171.0,0.8300970873786407,0.41256837871013485,188.0,0.912621359223301,0.6226997644258018,96.0,0.46601941747572817,0.13145413357038396,201.0,0.9757281553398058,0.926829268292683,171.0,0.8300970873786407,171.0,0.8300970873786407,162,0.8481675392670157,2.9523077955673216e-05,8.096076885522052e-05,5.351185041035933e-05,0.000189858678879725,False,False,False,False,10.0,False,180,0.9424083769633508,0.1492166519165039,0.15729529410600662,0.15427346900105474,0.16117477416992182,False,False,False,False,9.0,False,88,0.4607329842931937,580875968.0,582566592.0,581893616.0,583485168.0,False,True,False,False,9.0,False,191,1.0,579942784.0,579944128.0,579943552.0,579944448.0,False,False,False,False,11.0,False,162.0,0.8481675392670157,False,False,False,162.0,0.8481675392670157,10.0,False,0.15263157894736845,0.15263157894736845,0.15263157894736845,0.15263157894736845,True,False,False
24,PPOV03_N24_B07_u2_guarded,26548bee3d03275a,"21,23,18,19,12,17,16,20,22,14,13,7,10,15,9,11,4,8,6,2,0,1,5,3",ppo_v03_batch32,v03,True,PPO_v03_checkpoint_inference,E:\Projects\RL-LAM-ScanOpt\outputs\stage3_ppo_rl_lam_fea_addendum_v03_lex_primary_N24_N40\ppo_training_v03\checkpoints\N24_seed20260627_maskable_ppo_v03.zip,20260627,0.6336366071468433,0.2565743130488631,0.4876885049802813,PPO v03 training was partial: N24 seed 20260627 reached 100000 timesteps from an interrupted checkpoint; N40 seed 20260627 reached 61440 timesteps. Training verdict: WARNING_V03_PPO_TRAINING_PARTIAL_REVIEW.,True,PASS_TEACHER_FIELDS_EXTRACTED,E:\Projects\RL-LAM-ScanOpt\outputs\stage3_ppo_rl_lam_fea_addendum_v03_lex_primary_N24_N40\stageR_ODB_teacher_metric_extraction\stageR_v03_teacher_metrics.csv,0.0002713833303005,0.1669943630695343,583062912.0,579945280.0,step_final_cooling,1200.0,AC YIELD;HFL;NT11;PEEQ;RF;S;U,WARNING_SUCCESS_WITH_WARNINGS,PASS_ODB_FINAL_FRAME_EXTRACTED,169.0,0.8203883495145631,0.40507445888277754,173.0,0.8398058252427184,0.44406685408878926,130.0,0.6310679611650486,0.19597396266452558,203.0,0.9854368932038835,0.9512195121951219,169.0,0.8203883495145631,169.0,0.8203883495145631,162,0.8481675392670157,2.9523077955673216e-05,8.096076885522052e-05,5.351185041035933e-05,0.000189858678879725,False,False,False,False,8.0,False,172,0.900523560209424,0.1492166519165039,0.15729529410600662,0.15427346900105474,0.16117477416992182,False,False,False,False,2.0,False,119,0.6230366492146597,580875968.0,582566592.0,581893616.0,583485168.0,False,False,False,False,12.0,False,191,1.0,579942784.0,579944128.0,579943552.0,579944448.0,False,False,False,False,13.0,False,162.0,0.8481675392670157,False,False,False,162.0,0.8481675392670157,8.0,False,0.15263157894736845,0.15263157894736845,0.15263157894736845,0.15263157894736845,False,False,False
24,PPOV03_N24_B10_lex_primary_novel,70dab46204755b44,"21,23,16,19,20,22,10,18,17,13,15,12,14,11,8,4,3,2,9,6,5,7,0,1",ppo_v03_batch32,v03,True,PPO_v03_checkpoint_inference,E:\Projects\RL-LAM-ScanOpt\outputs\stage3_ppo_rl_lam_fea_addendum_v03_lex_primary_N24_N40\ppo_training_v03\checkpoints\N24_seed20260627_maskable_ppo_v03.zip,20260627,0.6946849202842107,0.2107526273910452,0.5129987913112573,PPO v03 training was partial: N24 seed 20260627 reached 100000 timesteps from an interrupted checkpoint; N40 seed 20260627 reached 61440 timesteps. Training verdict: WARNING_V03_PPO_TRAINING_PARTIAL_REVIEW.,True,PASS_TEACHER_FIELDS_EXTRACTED,E:\Projects\RL-LAM-ScanOpt\outputs\stage3_ppo_rl_lam_fea_addendum_v03_lex_primary_N24_N40\stageR_ODB_teacher_metric_extraction\stageR_v03_teacher_metrics.csv,0.0002646354380431,0.1708177179098129,581623104.0,579945216.0,step_final_cooling,1200.0,AC YIELD;HFL;NT11;PEEQ;RF;S;U,WARNING_SUCCESS_WITH_WARNINGS,PASS_ODB_FINAL_FRAME_EXTRACTED,168.0,0.8155339805825242,0.39377289619000194,178.0,0.8640776699029126,0.539569877024239,27.0,0.13106796116504854,0.0669515097640008,201.0,0.9757281553398058,0.926829268292683,168.0,0.8155339805825242,168.0,0.8155339805825242,162,0.8481675392670157,2.9523077955673216e-05,8.096076885522052e-05,5.351185041035933e-05,0.000189858678879725,False,False,False,False,7.0,False,175,0.9162303664921466,0.1492166519165039,0.15729529410600662,0.15427346900105474,0.16117477416992182,False,False,False,False,4.0,False,23,0.12041884816753927,580875968.0,582566592.0,581893616.0,583485168.0,False,True,False,True,5.0,False,191,1.0,579942784.0,579944128.0,579943552.0,579944448.0,False,False,False,False,11.0,False,162.0,0.8481675392670157,False,False,False,162.0,0.8481675392670157,7.0,False,0.15263157894736845,0.15263157894736845,0.15263157894736845,0.15263157894736845,False,False,True
24,PPOV03_N24_B12_lex_primary_novel,a6e32fa5a0cccb91,"17,23,19,22,21,18,15,14,20,16,10,12,9,0,2,11,8,1,6,4,5,13,7,3",ppo_v03_batch32,v03,True,PPO_v03_checkpoint_inference,E:\Projects\RL-LAM-ScanOpt\outputs\stage3_ppo_rl_lam_fea_addendum_v03_lex_primary_N24_N40\ppo_training_v03\checkpoints\N24_seed20260627_maskable_ppo_v03.zip,20260627,0.691944469213005,0.2441822665520173,0.5210188711289114,PPO v03 training was partial: N24 seed 20260627 reached 100000 timesteps from an interrupted checkpoint; N40 seed 20260627 reached 61440 timesteps. Training verdict: WARNING_V03_PPO_TRAINING_PARTIAL_REVIEW.,True,PASS_TEACHER_FIELDS_EXTRACTED,E:\Projects\RL-LAM-ScanOpt\outputs\stage3_ppo_rl_lam_fea_addendum_v03_lex_primary_N24_N40\stageR_ODB_teacher_metric_extraction\stageR_v03_teacher_metrics.csv,0.0002779310996174,0.1786870509386062,584261376.0,579943936.0,step_final_cooling,1200.0,AC YIELD;HFL;NT11;PEEQ;RF;S;U,WARNING_SUCCESS_WITH_WARNINGS,PASS_ODB_FINAL_FRAME_EXTRACTED,172.0,0.8349514563106796,0.4160408499586911,198.0,0.9611650485436893,0.7361367990420699,172.0,0.8349514563106796,0.30336936885269405,82.0,0.39805825242718446,0.43902439024390244,172.0,0.8349514563106796,172.0,0.8349514563106796,162,0.8481675392670157,2.9523077955673216e-05,8.096076885522052e-05,5.351185041035933e-05,0.000189858678879725,False,False,False,False,11.0,False,186,0.9738219895287958,0.1492166519165039,0.15729529410600662,0.15427346900105474,0.16117477416992182,False,False,False,False,13.0,False,157,0.8219895287958116,580875968.0,582566592.0,581893616.0,583485168.0,False,False,False,False,16.0,False,82,0.4293193717277487,579942784.0,579944128.0,579943552.0,579944448.0,False,True,False,False,1.0,True,162.0,0.8481675392670157,False,False,False,162.0,0.8481675392670157,11.0,False,0.15263157894736845,0.15263157894736845,0.15263157894736845,0.15263157894736845,True,False,False
24,PPOV03_N24_B15_record_seeking,7af1d50a17c5fe4d,"19,23,21,15,18,20,17,22,16,13,9,8,14,10,12,11,7,0,6,2,5,4,1,3",ppo_v03_batch32,v03,True,PPO_v03_checkpoint_inference,E:\Projects\RL-LAM-ScanOpt\outputs\stage3_ppo_rl_lam_fea_addendum_v03_lex_primary_N24_N40\ppo_training_v03\checkpoints\N24_seed20260627_maskable_ppo_v03.zip,20260627,0.6917349040697074,0.2361358182667733,0.5213477878247461,PPO v03 training was partial: N24 seed 20260627 reached 100000 timesteps from an interrupted checkpoint; N40 seed 20260627 reached 61440 timesteps. Training verdict: WARNING_V03_PPO_TRAINING_PARTIAL_REVIEW.,True,PASS_TEACHER_FIELDS_EXTRACTED,E:\Projects\RL-LAM-ScanOpt\outputs\stage3_ppo_rl_lam_fea_addendum_v03_lex_primary_N24_N40\stageR_ODB_teacher_metric_extraction\stageR_v03_teacher_metrics.csv,0.0002721758221468,0.1796314567327499,582521152.0,579945280.0,step_final_cooling,1200.0,AC YIELD;HFL;NT11;PEEQ;RF;S;U,WARNING_SUCCESS_WITH_WARNINGS,PASS_ODB_FINAL_FRAME_EXTRACTED,170.0,0.8252427184466019,0.40640174686290964,201.0,0.9757281553398058,0.7597269736364598,104.0,0.5048543689320388,0.14742637570613368,203.0,0.9854368932038835,0.9512195121951219,170.0,0.8252427184466019,170.0,0.8252427184466019,162,0.8481675392670157,2.9523077955673216e-05,8.096076885522052e-05,5.351185041035933e-05,0.000189858678879725,False,False,False,False,9.0,False,187,0.9790575916230366,0.1492166519165039,0.15729529410600662,0.15427346900105474,0.16117477416992182,False,False,False,False,15.0,False,95,0.4973821989528796,580875968.0,582566592.0,581893616.0,583485168.0,False,True,False,False,10.0,False,191,1.0,579942784.0,579944128.0,579943552.0,579944448.0,False,False,False,False,13.0,False,162.0,0.8481675392670157,False,False,False,162.0,0.8481675392670157,9.0,False,0.15263157894736845,0.15263157894736845,0.15263157894736845,0.15263157894736845,True,False,False
24,PPOV03_N24_B01_top_v03_score,16ad0032681ce615,"23,21,18,12,19,13,22,20,17,16,14,15,10,9,0,5,2,4,11,8,6,7,3,1",ppo_v03_batch32,v03,True,PPO_v03_checkpoint_inference,E:\Projects\RL-LAM-ScanOpt\outputs\stage3_ppo_rl_lam_fea_addendum_v03_lex_primary_N24_N40\ppo_training_v03\checkpoints\N24_seed20260627_maskable_ppo_v03.zip,20260627,0.6772725379730041,0.2726226992753601,0.5243637879543723,PPO v03 training was partial: N24 seed 20260627 reached 100000 timesteps from an interrupted checkpoint; N40 seed 20260627 reached 61440 timesteps. Training verdict: WARNING_V03_PPO_TRAINING_PARTIAL_REVIEW.,True,PASS_TEACHER_FIELDS_EXTRACTED,E:\Projects\RL-LAM-ScanOpt\outputs\stage3_ppo_rl_lam_fea_addendum_v03_lex_primary_N24_N40\stageR_ODB_teacher_metric_extraction\stageR_v03_teacher_metrics.csv,0.0002826827185344,0.1741463392972946,583978176.0,579945024.0,step_final_cooling,1200.0,AC YIELD;HFL;NT11;PEEQ;RF;S;U,WARNING_SUCCESS_WITH_WARNINGS,PASS_ODB_FINAL_FRAME_EXTRACTED,175.0,0.8495145631067961,0.42399899704139893,189.0,0.9174757281553398,0.6227150251970223,167.0,0.8106796116504854,0.2779915694089984,199.0,0.9660194174757282,0.8536585365853658,175.0,0.8495145631067961,175.0,0.8495145631067961,164,0.8586387434554974,2.9523077955673216e-05,8.096076885522052e-05,5.351185041035933e-05,0.000189858678879725,False,False,False,False,12.0,False,180,0.9424083769633508,0.1492166519165039,0.15729529410600662,0.15427346900105474,0.16117477416992182,False,False,False,False,10.0,False,153,0.8010471204188482,580875968.0,582566592.0,581893616.0,583485168.0,False,False,False,False,15.0,False,191,1.0,579942784.0,579944128.0,579943552.0,579944448.0,False,False,False,False,9.0,False,164.0,0.8586387434554974,False,False,False,164.0,0.8586387434554974,12.0,False,0.14210526315789473,0.14210526315789473,0.14210526315789473,0.14210526315789473,True,False,False
24,PPOV03_N24_B09_u2_guarded,beee19bb2689afd8,"23,18,21,16,20,17,19,14,15,22,10,8,11,12,9,6,7,13,5,0,4,1,3,2",ppo_v03_batch32,v03,True,PPO_v03_checkpoint_inference,E:\Projects\RL-LAM-ScanOpt\outputs\stage3_ppo_rl_lam_fea_addendum_v03_lex_primary_N24_N40\ppo_training_v03\checkpoints\N24_seed20260627_maskable_ppo_v03.zip,20260627,0.6293509637593652,0.2474901076915482,0.483752133895879,PPO v03 training was partial: N24 seed 20260627 reached 100000 timesteps from an interrupted checkpoint; N40 seed 20260627 reached 61440 timesteps. Training verdict: WARNING_V03_PPO_TRAINING_PARTIAL_REVIEW.,True,PASS_TEACHER_FIELDS_EXTRACTED,E:\Projects\RL-LAM-ScanOpt\outputs\stage3_ppo_rl_lam_fea_addendum_v03_lex_primary_N24_N40\stageR_ODB_teacher_metric_extraction\stageR_v03_teacher_metrics.csv,0.0002847290083991,0.1794648915529251,581460544.0,579944320.0,step_final_cooling,1200.0,AC YIELD;HFL;NT11;PEEQ;RF;S;U,WARNING_SUCCESS_WITH_WARNINGS,PASS_ODB_FINAL_FRAME_EXTRACTED,177.0,0.8592233009708737,0.4274261817549867,199.0,0.9660194174757282,0.7555663663024316,20.0,0.0970873786407767,0.0523843661285235,110.0,0.5339805825242718,0.5853658536585366,177.0,0.8592233009708737,177.0,0.8592233009708737,165,0.8638743455497382,2.9523077955673216e-05,8.096076885522052e-05,5.351185041035933e-05,0.000189858678879725,False,False,False,False,13.0,False,186,0.9738219895287958,0.1492166519165039,0.15729529410600662,0.15427346900105474,0.16117477416992182,False,False,False,False,14.0,False,18,0.09424083769633508,580875968.0,582566592.0,581893616.0,583485168.0,False,True,True,True,3.0,False,109,0.5706806282722513,579942784.0,579944128.0,579943552.0,579944448.0,False,False,False,False,2.0,False,165.0,0.8638743455497382,False,False,False,165.0,0.8638743455497382,13.0,False,0.13684210526315788,0.13684210526315788,0.13684210526315788,0.13684210526315788,False,False,True
24,PPOV03_N24_B02_top_v03_score,21fa3998281cd6b7,"17,18,19,23,21,22,20,12,16,15,6,9,11,14,10,7,13,8,4,2,5,0,3,1",ppo_v03_batch32,v03,True,PPO_v03_checkpoint_inference,E:\Projects\RL-LAM-ScanOpt\outputs\stage3_ppo_rl_lam_fea_addendum_v03_lex_primary_N24_N40\ppo_training_v03\checkpoints\N24_seed20260627_maskable_ppo_v03.zip,20260627,0.6920377519526854,0.2434864045548914,0.5220529776937478,PPO v03 training was partial: N24 seed 20260627 reached 100000 timesteps from an interrupted checkpoint; N40 seed 20260627 reached 61440 timesteps. Training verdict: WARNING_V03_PPO_TRAINING_PARTIAL_REVIEW.,True,PASS_TEACHER_FIELDS_EXTRACTED,E:\Projects\RL-LAM-ScanOpt\outputs\stage3_ppo_rl_lam_fea_addendum_v03_lex_primary_N24_N40\stageR_ODB_teacher_metric_extraction\stageR_v03_teacher_metrics.csv,0.0003053205471132,0.1666601449251175,581425728.0,579944384.0,step_final_cooling,1200.0,AC YIELD;HFL;NT11;PEEQ;RF;S;U,WARNING_SUCCESS_WITH_WARNINGS,PASS_ODB_FINAL_FRAME_EXTRACTED,181.0,0.8786407766990292,0.4619134789495901,172.0,0.8349514563106796,0.43571846780368156,17.0,0.0825242718446602,0.04926447394832679,117.0,0.5679611650485437,0.6097560975609756,181.0,0.8786407766990292,181.0,0.8786407766990292,167,0.8743455497382199,2.9523077955673216e-05,8.096076885522052e-05,5.351185041035933e-05,0.000189858678879725,False,False,False,False,15.0,False,172,0.900523560209424,0.1492166519165039,0.15729529410600662,0.15427346900105474,0.16117477416992182,False,False,False,False,1.0,True,16,0.08376963350785341,580875968.0,582566592.0,581893616.0,583485168.0,False,True,True,True,2.0,False,115,0.6020942408376964,579942784.0,579944128.0,579943552.0,579944448.0,False,False,False,False,3.0,False,167.0,0.8743455497382199,False,False,False,167.0,0.8743455497382199,15.0,False,0.12631578947368416,0.12631578947368416,0.12631578947368416,0.12631578947368416,True,True,True
24,PPOV03_N24_B08_u2_guarded,2412cb33a822a89d,"11,17,21,23,19,12,20,16,18,14,22,13,7,9,10,15,8,6,4,5,2,1,3,0",ppo_v03_batch32,v03,True,PPO_v03_checkpoint_inference,E:\Projects\RL-LAM-ScanOpt\outputs\stage3_ppo_rl_lam_fea_addendum_v03_lex_primary_N24_N40\ppo_training_v03\checkpoints\N24_seed20260627_maskable_ppo_v03.zip,20260627,0.669746352090571,0.2487578660222169,0.506935978932064,PPO v03 training was partial: N24 seed 20260627 reached 100000 timesteps from an interrupted checkpoint; N40 seed 20260627 reached 61440 timesteps. Training verdict: WARNING_V03_PPO_TRAINING_PARTIAL_REVIEW.,True,PASS_TEACHER_FIELDS_EXTRACTED,E:\Projects\RL-LAM-ScanOpt\outputs\stage3_ppo_rl_lam_fea_addendum_v03_lex_primary_N24_N40\stageR_ODB_teacher_metric_extraction\stageR_v03_teacher_metrics.csv,0.0003002565847509,0.1727893352508545,581186176.0,579944448.0,step_final_cooling,1200.0,AC YIELD;HFL;NT11;PEEQ;RF;S;U,WARNING_SUCCESS_WITH_WARNINGS,PASS_ODB_FINAL_FRAME_EXTRACTED,180.0,0.8737864077669902,0.45343221014322643,182.0,0.883495145631068,0.5888186190342024,10.0,0.04854368932038835,0.02779800992171594,141.0,0.6844660194174758,0.6341463414634146,180.0,0.8737864077669902,180.0,0.8737864077669902,167,0.8743455497382199,2.9523077955673216e-05,8.096076885522052e-05,5.351185041035933e-05,0.000189858678879725,False,False,False,False,14.0,False,177,0.9267015706806283,0.1492166519165039,0.15729529410600662,0.15427346900105474,0.16117477416992182,False,False,False,False,6.0,False,10,0.05235602094240838,580875968.0,582566592.0,581893616.0,583485168.0,False,True,True,True,1.0,True,138,0.7225130890052356,579942784.0,579944128.0,579943552.0,579944448.0,False,False,False,False,4.0,False,167.0,0.8743455497382199,False,False,False,167.0,0.8743455497382199,14.0,False,0.12631578947368416,0.12631578947368416,0.12631578947368416,0.12631578947368416,False,False,True
24,PPOV03_N24_B11_lex_primary_novel,947e70964151b17d,"17,18,19,22,21,23,20,16,14,12,15,11,10,9,13,8,7,6,4,5,2,1,3,0",ppo_v03_batch32,v03,True,PPO_v03_checkpoint_inference,E:\Projects\RL-LAM-ScanOpt\outputs\stage3_ppo_rl_lam_fea_addendum_v03_lex_primary_N24_N40\ppo_training_v03\checkpoints\N24_seed20260627_maskable_ppo_v03.zip,20260627,0.6937416897418535,0.2181372507799123,0.5176790413475472,PPO v03 training was partial: N24 seed 20260627 reached 100000 timesteps from an interrupted checkpoint; N40 seed 20260627 reached 61440 timesteps. Training verdict: WARNING_V03_PPO_TRAINING_PARTIAL_REVIEW.,True,PASS_TEACHER_FIELDS_EXTRACTED,E:\Projects\RL-LAM-ScanOpt\outputs\stage3_ppo_rl_lam_fea_addendum_v03_lex_primary_N24_N40\stageR_ODB_teacher_metric_extraction\stageR_v03_teacher_metrics.csv,0.000340500393122,0.177744448184967,581581504.0,579945408.0,step_final_cooling,1200.0,AC YIELD;HFL;NT11;PEEQ;RF;S;U,WARNING_SUCCESS_WITH_WARNINGS,PASS_ODB_FINAL_FRAME_EXTRACTED,184.0,0.8932038834951457,0.5208336898872552,194.0,0.941747572815534,0.7125916623334765,24.0,0.11650485436893204,0.06322369741633929,206.0,1.0,1.0,184.0,0.8932038834951457,184.0,0.8932038834951457,169,0.8848167539267016,2.9523077955673216e-05,8.096076885522052e-05,5.351185041035933e-05,0.000189858678879725,False,False,False,False,16.0,False,184,0.9633507853403142,0.1492166519165039,0.15729529410600662,0.15427346900105474,0.16117477416992182,False,False,False,False,11.0,False,21,0.1099476439790576,580875968.0,582566592.0,581893616.0,583485168.0,False,True,False,True,4.0,False,191,1.0,579942784.0,579944128.0,579943552.0,579944448.0,False,False,False,False,16.0,False,169.0,0.8848167539267016,False,False,False,169.0,0.8848167539267016,16.0,False,0.11578947368421055,0.11578947368421055,0.11578947368421055,0.11578947368421054,False,False,True
40,PPOV03_N40_B02_top_v03_score,4aebe8f556253786,"0,1,6,4,7,9,19,2,16,13,34,17,10,8,28,32,11,15,30,26,3,25,27,22,20,14,5,36,23,31,24,21,18,12,33,38,29,39,37,35",ppo_v03_batch32,v03,True,PPO_v03_checkpoint_inference,E:\Projects\RL-LAM-ScanOpt\outputs\stage3_ppo_rl_lam_fea_addendum_v03_lex_primary_N24_N40\ppo_training_v03\checkpoints\N40_seed20260627_maskable_ppo_v03.zip,20260627,0.3871833366131723,0.232617993679568,0.3215867007335899,PPO v03 training was partial: N24 seed 20260627 reached 100000 timesteps from an interrupted checkpoint; N40 seed 20260627 reached 61440 timesteps. Training verdict: WARNING_V03_PPO_TRAINING_PARTIAL_REVIEW.,True,PASS_TEACHER_FIELDS_EXTRACTED,E:\Projects\RL-LAM-ScanOpt\outputs\stage3_ppo_rl_lam_fea_addendum_v03_lex_primary_N24_N40\stageR_ODB_teacher_metric_extraction\stageR_v03_teacher_metrics.csv,0.0007193772387381,0.1610723137855529,588652480.0,579927744.0,step_final_cooling,1200.0,AC YIELD;HFL;NT11;PEEQ;RF;S;U,WARNING_SUCCESS_WITH_WARNINGS,PASS_ODB_FINAL_FRAME_EXTRACTED,165.0,0.7432432432432432,0.3316756976843669,144.0,0.6486486486486487,0.30148253249101076,207.0,0.9324324324324325,0.43255061918935805,198.0,0.8918918918918919,0.651685393258427,165.0,0.7432432432432432,165.0,0.7432432432432432,165,0.7971014492753623,4.5779268475598656e-05,0.0001498124456702,7.685743622687369e-05,0.000666550741925625,False,False,False,False,1.0,True,143,0.6908212560386473,0.1440253555774688,0.1574980020523071,0.1534765549004078,0.16250064596533773,False,False,False,False,2.0,False,192,0.927536231884058,581119040.0,583269440.0,582101248.0,585095312.0,False,False,False,False,16.0,False,185,0.893719806763285,579924032.0,579927040.0,579926336.0,579927552.0,False,False,False,False,14.0,False,165.0,0.7971014492753623,False,False,False,165.0,0.7971014492753623,1.0,True,0.2038834951456311,0.2038834951456311,0.2038834951456311,0.20388349514563106,False,False,False
40,PPOV03_N40_B07_u2_guarded,63622b00b90600db,"10,2,6,0,8,31,4,14,7,1,3,16,28,13,11,36,33,27,24,26,9,15,17,32,5,22,25,18,20,38,30,37,21,19,23,29,12,34,39,35",ppo_v03_batch32,v03,True,PPO_v03_checkpoint_inference,E:\Projects\RL-LAM-ScanOpt\outputs\stage3_ppo_rl_lam_fea_addendum_v03_lex_primary_N24_N40\ppo_training_v03\checkpoints\N40_seed20260627_maskable_ppo_v03.zip,20260627,0.341120462736053,0.2502242590515124,0.2973677338682685,PPO v03 training was partial: N24 seed 20260627 reached 100000 timesteps from an interrupted checkpoint; N40 seed 20260627 reached 61440 timesteps. Training verdict: WARNING_V03_PPO_TRAINING_PARTIAL_REVIEW.,True,PASS_TEACHER_FIELDS_EXTRACTED,E:\Projects\RL-LAM-ScanOpt\outputs\stage3_ppo_rl_lam_fea_addendum_v03_lex_primary_N24_N40\stageR_ODB_teacher_metric_extraction\stageR_v03_teacher_metrics.csv,0.0007619693424203,0.169974610209465,583015104.0,579927488.0,step_final_cooling,1200.0,AC YIELD;HFL;NT11;PEEQ;RF;S;U,WARNING_SUCCESS_WITH_WARNINGS,PASS_ODB_FINAL_FRAME_EXTRACTED,172.0,0.7747747747747747,0.35264780022667913,196.0,0.8828828828828829,0.4589233402941249,101.0,0.45495495495495497,0.10886708558409584,131.0,0.5900900900900901,0.6067415730337079,172.0,0.7747747747747747,172.0,0.7747747747747747,171,0.8260869565217391,4.5779268475598656e-05,0.0001498124456702,7.685743622687369e-05,0.000666550741925625,False,False,False,False,2.0,False,187,0.9033816425120773,0.1440253555774688,0.1574980020523071,0.1534765549004078,0.16250064596533773,False,False,False,False,10.0,False,99,0.4782608695652174,581119040.0,583269440.0,582101248.0,585095312.0,False,True,False,False,3.0,False,119,0.5748792270531401,579924032.0,579927040.0,579926336.0,579927552.0,False,False,False,False,13.0,False,171.0,0.8260869565217391,False,False,False,171.0,0.8260869565217391,2.0,False,0.1747572815533981,0.1747572815533981,0.1747572815533981,0.1747572815533981,False,False,False
40,PPOV03_N40_B06_u2_guarded,db7594dfc24d91df,"2,19,10,13,7,4,6,16,8,1,31,22,3,26,30,0,28,17,32,25,38,14,20,18,24,11,23,5,37,9,21,33,27,12,34,36,15,39,29,35",ppo_v03_batch32,v03,True,PPO_v03_checkpoint_inference,E:\Projects\RL-LAM-ScanOpt\outputs\stage3_ppo_rl_lam_fea_addendum_v03_lex_primary_N24_N40\ppo_training_v03\checkpoints\N40_seed20260627_maskable_ppo_v03.zip,20260627,0.3049060620799134,0.2569396956502345,0.2766819224538443,PPO v03 training was partial: N24 seed 20260627 reached 100000 timesteps from an interrupted checkpoint; N40 seed 20260627 reached 61440 timesteps. Training verdict: WARNING_V03_PPO_TRAINING_PARTIAL_REVIEW.,True,PASS_TEACHER_FIELDS_EXTRACTED,E:\Projects\RL-LAM-ScanOpt\outputs\stage3_ppo_rl_lam_fea_addendum_v03_lex_primary_N24_N40\stageR_ODB_teacher_metric_extraction\stageR_v03_teacher_metrics.csv,0.0008316315939964,0.1694963872432708,583406400.0,579925888.0,step_final_cooling,1200.0,AC YIELD;HFL;NT11;PEEQ;RF;S;U,WARNING_SUCCESS_WITH_WARNINGS,PASS_ODB_FINAL_FRAME_EXTRACTED,174.0,0.7837837837837838,0.3869490851381564,192.0,0.8648648648648649,0.450465768615723,116.0,0.5225225225225225,0.13133428875904898,26.0,0.11711711711711711,0.3258426966292135,174.0,0.7837837837837838,174.0,0.7837837837837838,172,0.8309178743961353,4.5779268475598656e-05,0.0001498124456702,7.685743622687369e-05,0.000666550741925625,False,False,False,False,3.0,False,187,0.9033816425120773,0.1440253555774688,0.1574980020523071,0.1534765549004078,0.16250064596533773,False,False,False,False,6.0,False,111,0.5362318840579711,581119040.0,583269440.0,582101248.0,585095312.0,False,False,False,False,6.0,False,25,0.12077294685990338,579924032.0,579927040.0,579926336.0,579927552.0,False,True,False,True,2.0,False,172.0,0.8309178743961353,False,False,False,172.0,0.8309178743961353,3.0,False,0.16990291262135926,0.16990291262135926,0.16990291262135926,0.16990291262135926,False,False,False
40,PPOV03_N40_B08_u2_guarded,31ec280fa8a9176f,"14,7,2,4,1,0,8,6,19,16,38,10,5,28,18,31,34,24,30,9,32,15,11,13,23,20,39,22,12,27,17,33,3,25,21,36,26,37,29,35",ppo_v03_batch32,v03,True,PPO_v03_checkpoint_inference,E:\Projects\RL-LAM-ScanOpt\outputs\stage3_ppo_rl_lam_fea_addendum_v03_lex_primary_N24_N40\ppo_training_v03\checkpoints\N40_seed20260627_maskable_ppo_v03.zip,20260627,0.3210491741484699,0.2407035478387489,0.2844718743078555,PPO v03 training was partial: N24 seed 20260627 reached 100000 timesteps from an interrupted checkpoint; N40 seed 20260627 reached 61440 timesteps. Training verdict: WARNING_V03_PPO_TRAINING_PARTIAL_REVIEW.,True,PASS_TEACHER_FIELDS_EXTRACTED,E:\Projects\RL-LAM-ScanOpt\outputs\stage3_ppo_rl_lam_fea_addendum_v03_lex_primary_N24_N40\stageR_ODB_teacher_metric_extraction\stageR_v03_teacher_metrics.csv,0.0008942204481172,0.1695457696914672,583951040.0,579925952.0,step_final_cooling,1200.0,AC YIELD;HFL;NT11;PEEQ;RF;S;U,WARNING_SUCCESS_WITH_WARNINGS,PASS_ODB_FINAL_FRAME_EXTRACTED,179.0,0.8063063063063063,0.4177674705464312,193.0,0.8693693693693694,0.45133911771185675,137.0,0.6171171171171171,0.16260610737515158,28.0,0.12612612612612611,0.33707865168539325,179.0,0.8063063063063063,179.0,0.8063063063063063,172,0.8309178743961353,4.5779268475598656e-05,0.0001498124456702,7.685743622687369e-05,0.000666550741925625,False,False,False,False,8.0,False,187,0.9033816425120773,0.1440253555774688,0.1574980020523071,0.1534765549004078,0.16250064596533773,False,False,False,False,7.0,False,130,0.6280193236714976,581119040.0,583269440.0,582101248.0,585095312.0,False,False,False,False,8.0,False,26,0.12560386473429952,579924032.0,579927040.0,579926336.0,579927552.0,False,True,False,True,3.0,False,172.0,0.8309178743961353,False,False,False,172.0,0.8309178743961353,8.0,False,0.16990291262135926,0.16990291262135926,0.16990291262135926,0.16990291262135926,False,False,False
40,PPOV03_N40_B09_u2_guarded,8efca44b0992a26a,"6,8,4,7,0,2,19,16,13,14,18,11,1,10,31,17,32,12,23,5,22,37,15,3,26,38,9,34,20,30,39,28,27,25,24,21,33,36,29,35",ppo_v03_batch32,v03,True,PPO_v03_checkpoint_inference,E:\Projects\RL-LAM-ScanOpt\outputs\stage3_ppo_rl_lam_fea_addendum_v03_lex_primary_N24_N40\ppo_training_v03\checkpoints\N40_seed20260627_maskable_ppo_v03.zip,20260627,0.3095807365460977,0.2394489751432182,0.2723874604372147,PPO v03 training was partial: N24 seed 20260627 reached 100000 timesteps from an interrupted checkpoint; N40 seed 20260627 reached 61440 timesteps. Training verdict: WARNING_V03_PPO_TRAINING_PARTIAL_REVIEW.,True,PASS_TEACHER_FIELDS_EXTRACTED,E:\Projects\RL-LAM-ScanOpt\outputs\stage3_ppo_rl_lam_fea_addendum_v03_lex_primary_N24_N40\stageR_ODB_teacher_metric_extraction\stageR_v03_teacher_metrics.csv,0.0008442772950729,0.1738913059234619,584093824.0,579926464.0,step_final_cooling,1200.0,AC YIELD;HFL;NT11;PEEQ;RF;S;U,WARNING_SUCCESS_WITH_WARNINGS,PASS_ODB_FINAL_FRAME_EXTRACTED,177.0,0.7972972972972973,0.39317575432723006,207.0,0.9324324324324325,0.5281917299058562,142.0,0.6396396396396397,0.170804394958292,65.0,0.2927927927927928,0.42696629213483145,177.0,0.7972972972972973,177.0,0.7972972972972973,172,0.8309178743961353,4.5779268475598656e-05,0.0001498124456702,7.685743622687369e-05,0.000666550741925625,False,False,False,False,6.0,False,194,0.9371980676328503,0.1440253555774688,0.1574980020523071,0.1534765549004078,0.16250064596533773,False,False,False,False,14.0,False,134,0.6473429951690821,581119040.0,583269440.0,582101248.0,585095312.0,False,False,False,False,9.0,False,58,0.28019323671497587,579924032.0,579927040.0,579926336.0,579927552.0,False,True,False,False,8.0,False,172.0,0.8309178743961353,False,False,False,172.0,0.8309178743961353,6.0,False,0.16990291262135926,0.16990291262135926,0.16990291262135926,0.16990291262135926,False,False,False
40,PPOV03_N40_B10_lex_primary_novel,67a54fd6157354d0,"9,3,2,6,0,1,12,7,4,8,30,16,14,36,32,31,11,18,10,19,22,13,23,20,34,27,17,28,5,21,25,15,38,26,33,39,24,29,37,35",ppo_v03_batch32,v03,True,PPO_v03_checkpoint_inference,E:\Projects\RL-LAM-ScanOpt\outputs\stage3_ppo_rl_lam_fea_addendum_v03_lex_primary_N24_N40\ppo_training_v03\checkpoints\N40_seed20260627_maskable_ppo_v03.zip,20260627,0.4088559402596714,0.1344362106072128,0.3031926937303287,PPO v03 training was partial: N24 seed 20260627 reached 100000 timesteps from an interrupted checkpoint; N40 seed 20260627 reached 61440 timesteps. Training verdict: WARNING_V03_PPO_TRAINING_PARTIAL_REVIEW.,True,PASS_TEACHER_FIELDS_EXTRACTED,E:\Projects\RL-LAM-ScanOpt\outputs\stage3_ppo_rl_lam_fea_addendum_v03_lex_primary_N24_N40\stageR_ODB_teacher_metric_extraction\stageR_v03_teacher_metrics.csv,0.0009008282895592,0.1682448536157608,583337728.0,579927744.0,step_final_cooling,1200.0,AC YIELD;HFL;NT11;PEEQ;RF;S;U,WARNING_SUCCESS_WITH_WARNINGS,PASS_ODB_FINAL_FRAME_EXTRACTED,180.0,0.8108108108108109,0.4210211329937942,185.0,0.8333333333333334,0.4283318768730636,111.0,0.5,0.12739132032484474,198.0,0.8918918918918919,0.651685393258427,180.0,0.8108108108108109,180.0,0.8108108108108109,172,0.8309178743961353,4.5779268475598656e-05,0.0001498124456702,7.685743622687369e-05,0.000666550741925625,False,False,False,False,9.0,False,181,0.8743961352657005,0.1440253555774688,0.1574980020523071,0.1534765549004078,0.16250064596533773,False,False,False,False,5.0,False,108,0.5217391304347826,581119040.0,583269440.0,582101248.0,585095312.0,False,False,False,False,4.0,False,185,0.893719806763285,579924032.0,579927040.0,579926336.0,579927552.0,False,False,False,False,14.0,False,172.0,0.8309178743961353,False,False,False,172.0,0.8309178743961353,9.0,False,0.16990291262135926,0.16990291262135926,0.16990291262135926,0.16990291262135926,False,False,False
40,PPOV03_N40_B11_lex_primary_novel,ec0317d37fae7e58,"1,6,10,19,2,3,4,7,36,8,0,13,38,17,14,11,22,32,25,9,15,20,12,30,26,27,18,5,24,21,23,35,34,37,28,39,33,31,16,29",ppo_v03_batch32,v03,True,PPO_v03_checkpoint_inference,E:\Projects\RL-LAM-ScanOpt\outputs\stage3_ppo_rl_lam_fea_addendum_v03_lex_primary_N24_N40\ppo_training_v03\checkpoints\N40_seed20260627_maskable_ppo_v03.zip,20260627,0.3913536431060017,0.1620172137038467,0.2992762564523769,PPO v03 training was partial: N24 seed 20260627 reached 100000 timesteps from an interrupted checkpoint; N40 seed 20260627 reached 61440 timesteps. Training verdict: WARNING_V03_PPO_TRAINING_PARTIAL_REVIEW.,True,PASS_TEACHER_FIELDS_EXTRACTED,E:\Projects\RL-LAM-ScanOpt\outputs\stage3_ppo_rl_lam_fea_addendum_v03_lex_primary_N24_N40\stageR_ODB_teacher_metric_extraction\stageR_v03_teacher_metrics.csv,0.0008438296031272,0.1695472598075866,583344448.0,579926400.0,step_final_cooling,1200.0,AC YIELD;HFL;NT11;PEEQ;RF;S;U,WARNING_SUCCESS_WITH_WARNINGS,PASS_ODB_FINAL_FRAME_EXTRACTED,176.0,0.7927927927927928,0.39295531343371043,194.0,0.8738738738738738,0.45136547103400926,112.0,0.5045045045045045,0.12777716532539596,62.0,0.27927927927927926,0.4157303370786517,176.0,0.7927927927927928,176.0,0.7927927927927928,172,0.8309178743961353,4.5779268475598656e-05,0.0001498124456702,7.685743622687369e-05,0.000666550741925625,False,False,False,False,5.0,False,187,0.9033816425120773,0.1440253555774688,0.1574980020523071,0.1534765549004078,0.16250064596533773,False,False,False,False,8.0,False,108,0.5217391304347826,581119040.0,583269440.0,582101248.0,585095312.0,False,False,False,False,5.0,False,56,0.27053140096618356,579924032.0,579927040.0,579926336.0,579927552.0,False,True,False,False,7.0,False,172.0,0.8309178743961353,False,False,False,172.0,0.8309178743961353,5.0,False,0.16990291262135926,0.16990291262135926,0.16990291262135926,0.16990291262135926,False,False,False
40,PPOV03_N40_B12_lex_primary_novel,6e7b84188200dc79,"1,4,7,6,0,2,8,3,16,10,14,9,11,18,32,36,13,17,20,27,15,30,23,5,22,12,31,38,21,28,19,24,33,34,26,39,25,37,29,35",ppo_v03_batch32,v03,True,PPO_v03_checkpoint_inference,E:\Projects\RL-LAM-ScanOpt\outputs\stage3_ppo_rl_lam_fea_addendum_v03_lex_primary_N24_N40\ppo_training_v03\checkpoints\N40_seed20260627_maskable_ppo_v03.zip,20260627,0.3870698872900321,0.1363342839886092,0.2905102113601612,PPO v03 training was partial: N24 seed 20260627 reached 100000 timesteps from an interrupted checkpoint; N40 seed 20260627 reached 61440 timesteps. Training verdict: WARNING_V03_PPO_TRAINING_PARTIAL_REVIEW.,True,PASS_TEACHER_FIELDS_EXTRACTED,E:\Projects\RL-LAM-ScanOpt\outputs\stage3_ppo_rl_lam_fea_addendum_v03_lex_primary_N24_N40\stageR_ODB_teacher_metric_extraction\stageR_v03_teacher_metrics.csv,0.0008435998336153,0.1780874729156494,583793344.0,579927936.0,step_final_cooling,1200.0,AC YIELD;HFL;NT11;PEEQ;RF;S;U,WARNING_SUCCESS_WITH_WARNINGS,PASS_ODB_FINAL_FRAME_EXTRACTED,175.0,0.7882882882882883,0.3928421762709955,212.0,0.954954954954955,0.6024026850872881,131.0,0.5900900900900901,0.1535516113622166,210.0,0.9459459459459459,0.6853932584269663,175.0,0.7882882882882883,175.0,0.7882882882882883,172,0.8309178743961353,4.5779268475598656e-05,0.0001498124456702,7.685743622687369e-05,0.000666550741925625,False,False,False,False,4.0,False,197,0.9516908212560387,0.1440253555774688,0.1574980020523071,0.1534765549004078,0.16250064596533773,False,False,False,False,16.0,False,125,0.6038647342995169,581119040.0,583269440.0,582101248.0,585095312.0,False,False,False,False,7.0,False,195,0.9420289855072463,579924032.0,579927040.0,579926336.0,579927552.0,False,False,False,False,16.0,False,172.0,0.8309178743961353,False,False,False,172.0,0.8309178743961353,4.0,False,0.16990291262135926,0.16990291262135926,0.16990291262135926,0.16990291262135926,False,False,False
40,PPOV03_N40_B14_diverse_upper_quartile,bad283ab66702108,"4,9,16,8,18,6,10,2,1,7,34,36,13,11,28,27,0,33,38,23,17,32,20,12,30,22,15,14,3,19,5,24,31,21,39,25,26,37,35,29",ppo_v03_batch32,v03,True,PPO_v03_checkpoint_inference,E:\Projects\RL-LAM-ScanOpt\outputs\stage3_ppo_rl_lam_fea_addendum_v03_lex_primary_N24_N40\ppo_training_v03\checkpoints\N40_seed20260627_maskable_ppo_v03.zip,20260627,0.3679036404957918,0.212873711939598,0.3039696721730068,PPO v03 training was partial: N24 seed 20260627 reached 100000 timesteps from an interrupted checkpoint; N40 seed 20260627 reached 61440 timesteps. Training verdict: WARNING_V03_PPO_TRAINING_PARTIAL_REVIEW.,True,PASS_TEACHER_FIELDS_EXTRACTED,E:\Projects\RL-LAM-ScanOpt\outputs\stage3_ppo_rl_lam_fea_addendum_v03_lex_primary_N24_N40\stageR_ODB_teacher_metric_extraction\stageR_v03_teacher_metrics.csv,0.0008898342595102,0.1696791797876358,584616576.0,579926784.0,step_final_cooling,1200.0,AC YIELD;HFL;NT11;PEEQ;RF;S;U,WARNING_SUCCESS_WITH_WARNINGS,PASS_ODB_FINAL_FRAME_EXTRACTED,178.0,0.8018018018018018,0.4156077369506857,195.0,0.8783783783783784,0.4536985306441713,159.0,0.7162162162162162,0.20081946128688494,108.0,0.4864864864864865,0.48314606741573035,178.0,0.8018018018018018,178.0,0.8018018018018018,172,0.8309178743961353,4.5779268475598656e-05,0.0001498124456702,7.685743622687369e-05,0.000666550741925625,False,False,False,False,7.0,False,187,0.9033816425120773,0.1440253555774688,0.1574980020523071,0.1534765549004078,0.16250064596533773,False,False,False,False,9.0,False,147,0.7101449275362319,581119040.0,583269440.0,582101248.0,585095312.0,False,False,False,False,13.0,False,99,0.4782608695652174,579924032.0,579927040.0,579926336.0,579927552.0,False,True,False,False,10.0,False,172.0,0.8309178743961353,False,False,False,172.0,0.8309178743961353,7.0,False,0.16990291262135926,0.16990291262135926,0.16990291262135926,0.16990291262135926,False,False,False
40,PPOV03_N40_B16_fill_next_best,1eae06737cdf3b2a,"7,2,10,9,4,16,8,11,1,0,6,32,14,36,34,13,17,25,31,15,28,19,27,18,38,12,22,33,20,23,3,26,24,5,30,21,37,39,29,35",ppo_v03_batch32,v03,True,PPO_v03_checkpoint_inference,E:\Projects\RL-LAM-ScanOpt\outputs\stage3_ppo_rl_lam_fea_addendum_v03_lex_primary_N24_N40\ppo_training_v03\checkpoints\N40_seed20260627_maskable_ppo_v03.zip,20260627,0.3747816133318905,0.1869074454576414,0.300460306654753,PPO v03 training was partial: N24 seed 20260627 reached 100000 timesteps from an interrupted checkpoint; N40 seed 20260627 reached 61440 timesteps. Training verdict: WARNING_V03_PPO_TRAINING_PARTIAL_REVIEW.,True,PASS_TEACHER_FIELDS_EXTRACTED,E:\Projects\RL-LAM-ScanOpt\outputs\stage3_ppo_rl_lam_fea_addendum_v03_lex_primary_N24_N40\stageR_ODB_teacher_metric_extraction\stageR_v03_teacher_metrics.csv,0.0009019095808753,0.1711305975914001,587269248.0,579926016.0,step_final_cooling,1200.0,AC YIELD;HFL;NT11;PEEQ;RF;S;U,WARNING_SUCCESS_WITH_WARNINGS,PASS_ODB_FINAL_FRAME_EXTRACTED,181.0,0.8153153153153153,0.4215535545085558,200.0,0.9009009009009009,0.47936745702036715,192.0,0.8648648648648649,0.3531290192187557,31.0,0.13963963963963963,0.34831460674157305,181.0,0.8153153153153153,181.0,0.8153153153153153,172,0.8309178743961353,4.5779268475598656e-05,0.0001498124456702,7.685743622687369e-05,0.000666550741925625,False,False,False,False,10.0,False,190,0.9178743961352657,0.1440253555774688,0.1574980020523071,0.1534765549004078,0.16250064596533773,False,False,False,False,11.0,False,178,0.8599033816425121,581119040.0,583269440.0,582101248.0,585095312.0,False,False,False,False,15.0,False,28,0.13526570048309178,579924032.0,579927040.0,579926336.0,579927552.0,False,True,False,True,4.0,False,172.0,0.8309178743961353,False,False,False,172.0,0.8309178743961353,10.0,False,0.16990291262135926,0.16990291262135926,0.16990291262135926,0.16990291262135926,False,False,False
40,PPOV03_N40_B01_top_v03_score,18c57249939589a8,"2,4,1,6,16,3,0,8,32,38,36,23,19,7,15,14,26,27,30,12,18,17,11,13,10,20,31,39,34,22,25,28,9,5,21,24,33,29,37,35",ppo_v03_batch32,v03,True,PPO_v03_checkpoint_inference,E:\Projects\RL-LAM-ScanOpt\outputs\stage3_ppo_rl_lam_fea_addendum_v03_lex_primary_N24_N40\ppo_training_v03\checkpoints\N40_seed20260627_maskable_ppo_v03.zip,20260627,0.4589657126143026,0.1120172101585384,0.3302950081719319,PPO v03 training was partial: N24 seed 20260627 reached 100000 timesteps from an interrupted checkpoint; N40 seed 20260627 reached 61440 timesteps. Training verdict: WARNING_V03_PPO_TRAINING_PARTIAL_REVIEW.,True,PASS_TEACHER_FIELDS_EXTRACTED,E:\Projects\RL-LAM-ScanOpt\outputs\stage3_ppo_rl_lam_fea_addendum_v03_lex_primary_N24_N40\stageR_ODB_teacher_metric_extraction\stageR_v03_teacher_metrics.csv,0.0009253241172473,0.1646368205547332,584501120.0,579925824.0,step_final_cooling,1200.0,AC YIELD;HFL;NT11;PEEQ;RF;S;U,WARNING_SUCCESS_WITH_WARNINGS,PASS_ODB_FINAL_FRAME_EXTRACTED,184.0,0.8288288288288288,0.4330827351622812,175.0,0.7882882882882883,0.3645223144119992,155.0,0.6981981981981982,0.1941902767059861,24.0,0.10810810810810811,0.3146067415730337,184.0,0.8288288288288288,184.0,0.8288288288288288,173,0.8357487922705314,4.5779268475598656e-05,0.0001498124456702,7.685743622687369e-05,0.000666550741925625,False,False,False,False,12.0,False,172,0.8309178743961353,0.1440253555774688,0.1574980020523071,0.1534765549004078,0.16250064596533773,False,False,False,False,4.0,False,145,0.7004830917874396,581119040.0,583269440.0,582101248.0,585095312.0,False,False,False,False,11.0,False,24,0.11594202898550725,579924032.0,579927040.0,579926336.0,579927552.0,False,True,False,True,1.0,True,173.0,0.8357487922705314,False,False,False,173.0,0.8357487922705314,12.0,False,0.16504854368932043,0.16504854368932043,0.16504854368932043,0.16504854368932043,False,False,False
40,PPOV03_N40_B04_top_v03_score,d60e5ef8ce278fef,"9,13,7,14,2,1,8,0,6,25,36,4,3,32,16,27,26,30,20,11,10,19,31,33,5,17,12,23,22,15,28,39,21,38,24,37,18,35,34,29",ppo_v03_batch32,v03,True,PPO_v03_checkpoint_inference,E:\Projects\RL-LAM-ScanOpt\outputs\stage3_ppo_rl_lam_fea_addendum_v03_lex_primary_N24_N40\ppo_training_v03\checkpoints\N40_seed20260627_maskable_ppo_v03.zip,20260627,0.3964310995053435,0.1768342031299113,0.3085713452156,PPO v03 training was partial: N24 seed 20260627 reached 100000 timesteps from an interrupted checkpoint; N40 seed 20260627 reached 61440 timesteps. Training verdict: WARNING_V03_PPO_TRAINING_PARTIAL_REVIEW.,True,PASS_TEACHER_FIELDS_EXTRACTED,E:\Projects\RL-LAM-ScanOpt\outputs\stage3_ppo_rl_lam_fea_addendum_v03_lex_primary_N24_N40\stageR_ODB_teacher_metric_extraction\stageR_v03_teacher_metrics.csv,0.0009331266906542,0.1733540147542953,582860416.0,579927104.0,step_final_cooling,1200.0,AC YIELD;HFL;NT11;PEEQ;RF;S;U,WARNING_SUCCESS_WITH_WARNINGS,PASS_ODB_FINAL_FRAME_EXTRACTED,185.0,0.8333333333333334,0.43692467663585555,206.0,0.9279279279279279,0.5186895125373298,98.0,0.44144144144144143,0.09998530114283614,116.0,0.5225225225225225,0.5393258426966292,185.0,0.8333333333333334,185.0,0.8333333333333334,173,0.8357487922705314,4.5779268475598656e-05,0.0001498124456702,7.685743622687369e-05,0.000666550741925625,False,False,False,False,13.0,False,194,0.9371980676328503,0.1440253555774688,0.1574980020523071,0.1534765549004078,0.16250064596533773,False,False,False,False,13.0,False,97,0.46859903381642515,581119040.0,583269440.0,582101248.0,585095312.0,False,True,False,False,2.0,False,105,0.5072463768115942,579924032.0,579927040.0,579926336.0,579927552.0,False,False,False,False,12.0,False,173.0,0.8357487922705314,False,False,False,173.0,0.8357487922705314,13.0,False,0.16504854368932043,0.16504854368932043,0.16504854368932043,0.16504854368932043,False,False,False
40,PPOV03_N40_B13_diverse_upper_quartile,5f9aa6b60df68c69,"7,8,3,2,6,25,1,4,0,16,9,11,23,31,36,14,20,10,19,18,13,27,22,38,34,15,28,30,32,5,17,21,24,33,12,26,37,29,39,35",ppo_v03_batch32,v03,True,PPO_v03_checkpoint_inference,E:\Projects\RL-LAM-ScanOpt\outputs\stage3_ppo_rl_lam_fea_addendum_v03_lex_primary_N24_N40\ppo_training_v03\checkpoints\N40_seed20260627_maskable_ppo_v03.zip,20260627,0.3384889161359402,0.1638201273919984,0.2686521588822067,PPO v03 training was partial: N24 seed 20260627 reached 100000 timesteps from an interrupted checkpoint; N40 seed 20260627 reached 61440 timesteps. Training verdict: WARNING_V03_PPO_TRAINING_PARTIAL_REVIEW.,True,PASS_TEACHER_FIELDS_EXTRACTED,E:\Projects\RL-LAM-ScanOpt\outputs\stage3_ppo_rl_lam_fea_addendum_v03_lex_primary_N24_N40\stageR_ODB_teacher_metric_extraction\stageR_v03_teacher_metrics.csv,0.0009339260451497,0.1566403955221176,584614400.0,579926272.0,step_final_cooling,1200.0,AC YIELD;HFL;NT11;PEEQ;RF;S;U,WARNING_SUCCESS_WITH_WARNINGS,PASS_ODB_FINAL_FRAME_EXTRACTED,186.0,0.8378378378378378,0.4373182741104572,100.0,0.45045045045045046,0.2231022182118331,158.0,0.7117117117117117,0.20069452100099217,52.0,0.23423423423423423,0.39325842696629215,186.0,0.8378378378378378,186.0,0.8378378378378378,173,0.8357487922705314,4.5779268475598656e-05,0.0001498124456702,7.685743622687369e-05,0.000666550741925625,False,False,False,False,14.0,False,100,0.4830917874396135,0.1440253555774688,0.1574980020523071,0.1534765549004078,0.16250064596533773,False,True,False,False,1.0,True,147,0.7101449275362319,581119040.0,583269440.0,582101248.0,585095312.0,False,False,False,False,12.0,False,48,0.2318840579710145,579924032.0,579927040.0,579926336.0,579927552.0,False,True,False,True,5.0,False,173.0,0.8357487922705314,False,False,False,173.0,0.8357487922705314,14.0,False,0.16504854368932043,0.16504854368932043,0.16504854368932043,0.16504854368932043,False,False,False
40,PPOV03_N40_B15_record_seeking,03861bea30b89c77,"1,7,4,10,6,9,2,3,18,0,11,38,15,23,16,33,32,30,24,8,34,27,31,14,20,17,22,13,28,36,5,12,19,26,21,39,25,37,29,35",ppo_v03_batch32,v03,True,PPO_v03_checkpoint_inference,E:\Projects\RL-LAM-ScanOpt\outputs\stage3_ppo_rl_lam_fea_addendum_v03_lex_primary_N24_N40\ppo_training_v03\checkpoints\N40_seed20260627_maskable_ppo_v03.zip,20260627,0.3581380133977173,0.2077650613229322,0.2984727441855484,PPO v03 training was partial: N24 seed 20260627 reached 100000 timesteps from an interrupted checkpoint; N40 seed 20260627 reached 61440 timesteps. Training verdict: WARNING_V03_PPO_TRAINING_PARTIAL_REVIEW.,True,PASS_TEACHER_FIELDS_EXTRACTED,E:\Projects\RL-LAM-ScanOpt\outputs\stage3_ppo_rl_lam_fea_addendum_v03_lex_primary_N24_N40\stageR_ODB_teacher_metric_extraction\stageR_v03_teacher_metrics.csv,0.0009167349149947,0.1613717228174209,584116352.0,579926976.0,step_final_cooling,1200.0,AC YIELD;HFL;NT11;PEEQ;RF;S;U,WARNING_SUCCESS_WITH_WARNINGS,PASS_ODB_FINAL_FRAME_EXTRACTED,183.0,0.8243243243243243,0.42885346224957765,148.0,0.6666666666666666,0.3067777055111125,144.0,0.6486486486486487,0.1720978943887113,112.0,0.5045045045045045,0.5168539325842697,183.0,0.8243243243243243,183.0,0.8243243243243243,173,0.8357487922705314,4.5779268475598656e-05,0.0001498124456702,7.685743622687369e-05,0.000666550741925625,False,False,False,False,11.0,False,146,0.7053140096618358,0.1440253555774688,0.1574980020523071,0.1534765549004078,0.16250064596533773,False,False,False,False,3.0,False,135,0.6521739130434783,581119040.0,583269440.0,582101248.0,585095312.0,False,False,False,False,10.0,False,102,0.4927536231884058,579924032.0,579927040.0,579926336.0,579927552.0,False,True,False,False,11.0,False,173.0,0.8357487922705314,False,False,False,173.0,0.8357487922705314,11.0,False,0.16504854368932043,0.16504854368932043,0.16504854368932043,0.16504854368932043,False,False,False
40,PPOV03_N40_B03_top_v03_score,c9ec20637037c645,"4,36,3,1,6,16,0,2,10,11,8,18,24,9,13,32,33,25,7,26,30,17,14,19,31,5,22,12,20,15,27,23,28,21,38,34,39,29,35,37",ppo_v03_batch32,v03,True,PPO_v03_checkpoint_inference,E:\Projects\RL-LAM-ScanOpt\outputs\stage3_ppo_rl_lam_fea_addendum_v03_lex_primary_N24_N40\ppo_training_v03\checkpoints\N40_seed20260627_maskable_ppo_v03.zip,20260627,0.3866662488656451,0.2076348842390602,0.3140581131171839,PPO v03 training was partial: N24 seed 20260627 reached 100000 timesteps from an interrupted checkpoint; N40 seed 20260627 reached 61440 timesteps. Training verdict: WARNING_V03_PPO_TRAINING_PARTIAL_REVIEW.,True,PASS_TEACHER_FIELDS_EXTRACTED,E:\Projects\RL-LAM-ScanOpt\outputs\stage3_ppo_rl_lam_fea_addendum_v03_lex_primary_N24_N40\stageR_ODB_teacher_metric_extraction\stageR_v03_teacher_metrics.csv,0.0009782339373032,0.1712387055158615,582840064.0,579926528.0,step_final_cooling,1200.0,AC YIELD;HFL;NT11;PEEQ;RF;S;U,WARNING_SUCCESS_WITH_WARNINGS,PASS_ODB_FINAL_FRAME_EXTRACTED,191.0,0.8603603603603603,0.4591352208527533,201.0,0.9054054054054054,0.4812793905425318,97.0,0.4369369369369369,0.09881674199830963,74.0,0.3333333333333333,0.43820224719101125,191.0,0.8603603603603603,191.0,0.8603603603603603,177,0.855072463768116,4.5779268475598656e-05,0.0001498124456702,7.685743622687369e-05,0.000666550741925625,False,False,False,False,15.0,False,190,0.9178743961352657,0.1440253555774688,0.1574980020523071,0.1534765549004078,0.16250064596533773,False,False,False,False,12.0,False,97,0.46859903381642515,581119040.0,583269440.0,582101248.0,585095312.0,False,True,False,False,1.0,True,66,0.3188405797101449,579924032.0,579927040.0,579926336.0,579927552.0,False,True,False,False,9.0,False,177.0,0.855072463768116,False,False,False,177.0,0.855072463768116,15.0,False,0.1456310679611651,0.1456310679611651,0.1456310679611651,0.1456310679611651,False,False,False
40,PPOV03_N40_B05_top_v03_score,b135d209c218bf8d,"1,2,4,9,6,0,7,19,8,25,12,39,34,20,36,26,13,37,23,31,10,32,18,14,30,17,11,3,22,5,38,16,27,24,33,28,21,15,29,35",ppo_v03_batch32,v03,True,PPO_v03_checkpoint_inference,E:\Projects\RL-LAM-ScanOpt\outputs\stage3_ppo_rl_lam_fea_addendum_v03_lex_primary_N24_N40\ppo_training_v03\checkpoints\N40_seed20260627_maskable_ppo_v03.zip,20260627,0.3815521550202776,0.1907740710149661,0.3054382452980548,PPO v03 training was partial: N24 seed 20260627 reached 100000 timesteps from an interrupted checkpoint; N40 seed 20260627 reached 61440 timesteps. Training verdict: WARNING_V03_PPO_TRAINING_PARTIAL_REVIEW.,True,PASS_TEACHER_FIELDS_EXTRACTED,E:\Projects\RL-LAM-ScanOpt\outputs\stage3_ppo_rl_lam_fea_addendum_v03_lex_primary_N24_N40\stageR_ODB_teacher_metric_extraction\stageR_v03_teacher_metrics.csv,0.0011385250928697,0.1749499589204788,586186304.0,579926336.0,step_final_cooling,1200.0,AC YIELD;HFL;NT11;PEEQ;RF;S;U,WARNING_SUCCESS_WITH_WARNINGS,PASS_ODB_FINAL_FRAME_EXTRACTED,198.0,0.8918918918918919,0.5380616475972312,209.0,0.9414414414414415,0.5469144476290977,186.0,0.8378378378378378,0.29094917870135595,56.0,0.25225225225225223,0.4044943820224719,198.0,0.8918918918918919,198.0,0.8918918918918919,183,0.8840579710144928,4.5779268475598656e-05,0.0001498124456702,7.685743622687369e-05,0.000666550741925625,False,False,False,False,16.0,False,195,0.9420289855072463,0.1440253555774688,0.1574980020523071,0.1534765549004078,0.16250064596533773,False,False,False,False,15.0,False,173,0.8357487922705314,581119040.0,583269440.0,582101248.0,585095312.0,False,False,False,False,14.0,False,51,0.2463768115942029,579924032.0,579927040.0,579926336.0,579927552.0,False,True,False,True,6.0,False,183.0,0.8840579710144928,False,False,False,183.0,0.8840579710144928,16.0,False,0.11650485436893199,0.11650485436893199,0.11650485436893199,0.11650485436893199,False,False,False
