n,candidate_family,candidate_source,generation_method,seed_strategy,mutation_type,mutation_distance,order_hash,priority_role,first_track,last_track,center_track_index,first_track_norm,last_track_norm,mean_jump,median_jump,max_jump,min_jump,std_jump,total_jump,normalized_mean_jump,normalized_max_jump,adjacent_jump_count,long_jump_count,jump_entropy,running_center_distance_mean,early_center_bias,late_center_bias,edge_early_count,center_early_count,odd_even_transition_count,parity_switch_rate,monotonicity_fraction,direction_reversal_count,candidate_id,strategy_name,order_json,order_compact,duplicate_of_existing_teacher,is_existing_teacher_order,duplicate_of_run18,nearest_existing_teacher_strategy,novelty_distance_to_combined108,nearest_existing_teacher_distance,pred_reward_ET_F01,pred_reward_Ridge_F03,pred_reward_Ridge_F06,pred_reward_ET_F04,pred_reward_ET_F05,pred_u2_score,pred_peeq_score,pred_surfaceT_score,pred_mises_score,pred_uncertainty_ET_F01_std,model_prediction_mean,model_prediction_std,disagreement_ET_F01_vs_Ridge_F03,disagreement_ET_F01_vs_Ridge_F06,pred_rank_ET_F01_within_n,pred_percentile_ET_F01_within_n,pred_rank_mean_within_n,pred_percentile_mean_within_n,normalized_pred_reward_within_n,normalized_model_mean_within_n,normalized_novelty_within_n,normalized_uncertainty_within_n,normalized_disagreement_within_n,feature_space_coverage_score,disagreement_rank_std,exploitation_score,exploration_score,combined_selection_score,selection_bucket,selection_reason,shortlist_rank_within_n,shortlist_name,batch32_rank_within_n
12,known_best_mutation,combined108_known_best_mutation,reverse_segment_065,S3R19B28_N12_B01_surrogate_top,reverse_segment,0.16666666666666666,59a4564dddea3d39,top_region_local_search,1,10,5.5,0.09090909090909091,0.9090909090909091,3.1818181818181817,2,10,1,2.3671302847802793,35,0.2892561983471074,0.9090909090909091,1,1,1.6171895725927152,0.5454545454545455,0.8181818181818182,0.4545454545454546,3,0,1,0.09090909090909091,0.6,4,R23_N12_C00266,N12_R23_N12_C00266_known_best_mutation,"[1,11,9,5,7,3,2,0,4,6,8,10]",1-11-9-5-7-3-2-0-4-6-8-10,False,False,False,S3R19B28_N12_B01_surrogate_top,0.015151515151515152,0.015151515151515152,0.7507307222595823,0.3080402677752805,0.28912899021493094,0.25328314035711935,0.2599192629676317,0.7724202738598881,0.7008043174866794,0.5073012062730166,0.33788259969759393,0.09009156663303734,0.372220476714909,0.19028975427993852,0.4426904544843018,0.4616017320446513,15,0.9824780976220275,9,0.9899874843554443,0.9552540645006796,0.9701106930259997,0.030303030303030304,0.3191162436450528,0.904322294437803,0.46731266237041663,15.72768260107,0.9552540645006796,0.5950916276808385,0.5918022077514287,top_region_local_search,batch32 balanced bucket selection.,1,R23_N12_S01_top_region_local_search,1
12,known_best_mutation,combined108_known_best_mutation,reverse_segment_025,S3R19B28_N12_B01_surrogate_top,reverse_segment,0.3333333333333333,06159883e6ddc52e,top_region_local_search,1,10,5.5,0.09090909090909091,0.9090909090909091,2.8181818181818183,2,8,1,1.849726359034164,31,0.25619834710743805,0.7272727272727273,1,1,1.4911148500551858,0.5454545454545455,0.393939393939394,0.4545454545454546,1,2,1,0.09090909090909091,0.8,2,R23_N12_C00245,N12_R23_N12_C00245_known_best_mutation,"[1,5,7,9,11,3,2,0,4,6,8,10]",1-5-7-9-11-3-2-0-4-6-8-10,False,False,False,S3R19B28_N12_B02_u2_primary_top,0.015151515151515152,0.015151515151515152,0.7810377734675663,0.26756010864492763,0.2488541297787613,0.26505451355946563,0.2673143202466845,0.8399495904885481,0.7348312639601602,0.4870089457638092,0.2686183488203627,0.03807847443036909,0.3659641691394811,0.2076529646918829,0.5134776648226387,0.532183643688805,2,0.9987484355444305,20,0.9762202753441802,1.0,0.9456323367345424,0.030303030303030304,0.05395400126018334,1.0,0.5151515151515151,144.74446448828363,1.0,0.5466194925216112,0.5493378756848841,model_disagreement,batch32 balanced bucket selection.,3,R23_N12_S03_model_disagreement,2
12,known_best_mutation,combined108_known_best_mutation,reverse_segment_081,S3B20_N12_B04_surrogate_top,reverse_segment,0.16666666666666666,6e7afc0358f50959,model_disagreement,0,11,5.5,0.0,1.0,2.6363636363636362,2,10,1,2.384523099746182,29,0.23966942148760328,0.9090909090909091,2,1,1.4911148500551858,0.5454545454545455,0.7575757575757577,0.6363636363636364,2,1,3,0.2727272727272727,0.8,2,R23_N12_C00090,N12_R23_N12_C00090_known_best_mutation,"[0,10,8,6,4,3,1,2,5,7,9,11]",0-10-8-6-4-3-1-2-5-7-9-11,False,False,False,S3B20_N12_B04_surrogate_top,0.045454545454545456,0.045454545454545456,0.5092473840740507,0.2770181228828784,0.2575805574567207,0.20268090700476418,0.1890888593428381,0.5480536824338673,0.514215379364419,0.39004119740588455,0.32154914154670255,0.2236508142848433,0.2871231661522504,0.11580610196092232,0.23222926119117226,0.25166682661733,239,0.7021276595744681,242,0.6983729662077597,0.5987232426646109,0.637159944955547,0.09090909090909091,1.0,0.4938898463650939,0.29239946863709243,2.8,0.5987232426646109,0.5516747276642555,0.544511222734733,uncertainty_calibration,batch32 balanced bucket selection.,4,R23_N12_S04_uncertainty_calibration,3
12,combined108_seed_mutation,combined108_known_best_mutation,swap_early_late_blocks_035,N12_A08_block_interleaved_quarters,swap_early_late_blocks,0.3333333333333333,3a2cff7d7a0ab264,top_region_local_search,8,3,5.5,0.7272727272727273,0.2727272727272727,4.2727272727272725,3,8,3,1.9112541856026035,47,0.3884297520661157,0.7272727272727273,0,2,1.3092966682370037,0.5454545454545455,0.5151515151515151,0.5151515151515151,1,2,9,0.8181818181818182,0.2,8,R23_N12_C00355,N12_R23_N12_C00355_combined108_seed_mutation,"[8,11,6,9,1,4,7,10,2,5,0,3]",8-11-6-9-1-4-7-10-2-5-0-3,False,False,False,S3B20_N12_B03_method_c_inspired,0.48484848484848486,0.48484848484848486,0.3994155350869574,0.26244032096657455,0.24217688469968282,0.1410518469537365,0.14097532675497665,0.2443258990367019,0.6571537952869524,0.5202185916083155,0.7039126802323349,0.12363851477316512,0.2372119828923856,0.09537229929568461,0.13697521412038283,0.15723865038727455,489,0.38923654568210264,399,0.5018773466833542,0.4365653079707565,0.44187802953922634,0.9696969696969697,0.49013826170436126,0.38129204281744233,0.675494506257206,66.11323619367002,0.4365653079707565,0.5743969130034217,0.5713676136673324,diversity_coverage,batch32 balanced bucket selection.,5,R23_N12_S05_diversity_coverage,4
16,known_best_mutation,combined108_known_best_mutation,rotate_sequence_210,S3R19B28_N16_B02_u2_primary_top,rotate_sequence,1.0,e58393cf80938931,top_region_local_search,0,14,7.5,0.0,0.9333333333333333,2.6666666666666665,2,13,1,2.772884579078056,40,0.17777777777777776,0.8666666666666667,1,1,0.6998428398862386,0.5333333333333333,0.7,0.4666666666666667,3,1,2,0.13333333333333333,0.8571428571428571,2,R23_N16_C00233,N16_R23_N16_C00233_known_best_mutation,"[0,1,3,5,7,9,11,13,15,2,4,6,8,10,12,14]",0-1-3-5-7-9-11-13-15-2-4-6-8-10-12-14,False,False,False,N16_A03_greedy_maximin_distance,0.15,0.15,0.7198210527139253,0.3436677584097678,0.32459193327155444,0.24944260533792836,0.2523899753757244,0.8203360386512369,0.6300340628862071,0.37718208644035767,0.36905410773237507,0.09595258392917495,0.37798266502178,0.17503007569480147,0.37615329430415745,0.3952291194423708,109,0.8871473354231975,2,0.9989550679205852,0.9199715975238529,0.9757255486043067,0.3,0.36004292991815334,0.7979596831118889,0.5489798415559445,114.95459973398194,0.9199715975238529,0.6569927578921366,0.6481044646175158,top_region_local_search,batch32 balanced bucket selection.,1,R23_N16_S01_top_region_local_search,1
16,teacher_best_local_search,combined108_known_best_mutation,swap_two_positions_088,S3R19B28_N16_B04_method_c_inspired,swap_two_positions,0.125,7b1f9abab4fd9007,diversity,0,15,7.5,0.0,1.0,2.7333333333333334,2,6,1,1.4817407180595246,41,0.18222222222222223,0.4,1,0,1.4256051990169438,0.5333333333333333,0.6,0.5666666666666667,2,2,1,0.06666666666666667,0.8571428571428571,2,R23_N16_C00314,N16_R23_N16_C00314_teacher_best_local_search,"[0,2,4,6,8,14,12,10,9,5,3,1,7,11,13,15]",0-2-4-6-8-14-12-10-9-5-3-1-7-11-13-15,False,False,False,S3R19B28_N16_B04_method_c_inspired,0.025,0.025,0.7714557205189702,0.22503808410532927,0.20699001493573632,0.2671656924022786,0.2672484390010545,0.8372174076462023,0.8087906199248777,0.37818703542028764,0.21251432759598995,0.037428265083309716,0.34757959019267376,0.21324742064329458,0.5464176364136408,0.5644657055832338,5,0.9958202716823407,181,0.8119122257053292,0.9967159466524972,0.8614468996885399,0.05,0.09560233209218295,1.0,0.525,313.06421066611875,0.9967159466524972,0.5261992262938526,0.5331268813094256,model_disagreement,batch32 balanced bucket selection.,3,R23_N16_S03_model_disagreement,2
16,known_best_mutation,combined108_known_best_mutation,swap_early_late_blocks_059,S3B20_N16_B05_surrogate_top,swap_early_late_blocks,0.25,6f7864c0c7e0a04d,tradeoff,0,15,7.5,0.0,1.0,2.7333333333333334,2,6,1,1.3888444437333105,41,0.18222222222222223,0.4,1,0,1.6402239289418519,0.5333333333333333,0.6666666666666666,0.6,3,1,5,0.3333333333333333,0.8571428571428571,2,R23_N16_C00645,N16_R23_N16_C00645_known_best_mutation,"[0,2,3,5,8,14,12,10,7,1,4,6,9,11,13,15]",0-2-3-5-8-14-12-10-7-1-4-6-9-11-13-15,False,False,False,S3B20_N16_B04_surrogate_top,0.225,0.225,0.46498090949423027,0.2699949765839535,0.25072221873048384,0.15921739350523836,0.15577465691228073,0.5091874929455299,0.501057888536667,0.3714276109665716,0.27707315071829924,0.23758383088991486,0.26013803104523736,0.11244830873789441,0.19498593291027677,0.21425869076374643,503,0.47544409613375127,528,0.44932079414838033,0.541203964175486,0.5327728002882169,0.45,1.0,0.4671140933820883,0.45855704669104413,109.53100017803179,0.541203964175486,0.5956762341226001,0.5923932987772935,uncertainty_calibration,batch32 balanced bucket selection.,4,R23_N16_S04_uncertainty_calibration,3
16,known_best_mutation,combined108_known_best_mutation,swap_early_late_blocks_203,S3R19B28_N16_B01_surrogate_top,swap_early_late_blocks,0.25,fdcb8720ecd084d8,diversity,13,2,7.5,0.8666666666666667,0.13333333333333333,3.933333333333333,2,11,1,3.2957885584822066,59,0.2622222222222222,0.7333333333333333,1,3,1.8716022614097982,0.5333333333333333,0.6,0.6,2,2,3,0.2,0.5714285714285714,6,R23_N16_C00607,N16_R23_N16_C00607_known_best_mutation,"[13,15,4,6,10,12,14,8,7,5,3,1,9,11,0,2]",13-15-4-6-10-12-14-8-7-5-3-1-9-11-0-2,False,False,False,S3R19B28_N16_B01_surrogate_top,0.43333333333333335,0.43333333333333335,0.5537552301757586,0.24779408683546011,0.2314690553439548,0.21850189929443004,0.20992701213407816,0.5486792891841578,0.448896308970335,0.6657347836672587,0.28196732417513937,0.19172015150442787,0.29228945675673634,0.1313556133269714,0.30596114334029845,0.3222861748318038,383,0.6008359456635319,412,0.5705329153605015,0.673148794066999,0.6536231258450335,0.8666666666666667,0.7927661691007672,0.5670696977241889,0.7168681821954278,62.61118111008608,0.673148794066999,0.7217296054834619,0.7174019340774197,diversity_coverage,batch32 balanced bucket selection.,5,R23_N16_S05_diversity_coverage,4
24,known_best_mutation,combined108_known_best_mutation,reverse_segment_305,S3B20_N24_B04_surrogate_top,reverse_segment,0.25,d5d7a577aae2fbbb,top_region_local_search,0,19,11.5,0.0,0.8260869565217391,3.0869565217391304,2,14,1,3.1884716725737574,71,0.1342155009451796,0.6086956521739131,1,2,1.0144044449514424,0.5217391304347826,0.6956521739130435,0.5652173913043478,4,2,1,0.043478260869565216,0.7727272727272727,5,R23_N24_C00969,N24_R23_N24_C00969_known_best_mutation,"[0,2,4,6,8,22,20,18,16,14,12,10,11,9,7,5,3,1,13,15,17,23,21,19]",0-2-4-6-8-22-20-18-16-14-12-10-11-9-7-5-3-1-13-15-17-23-21-19,False,False,False,S3B20_N24_B04_surrogate_top,0.07608695652173914,0.07608695652173914,0.7375660211890794,0.3533754026536001,0.3345983279249893,0.266524768644835,0.26836282725810934,0.7776215329919294,0.7075053759142964,0.5545467935239031,0.2520399777960173,0.0789369018801653,0.3920854695341226,0.17620035988593433,0.3841906185354793,0.40296769326409015,79,0.9730290456431535,1,1.0,0.9644891507576806,1.0,0.1640625,0.2652722755093146,0.8498283602361587,0.5069454301180794,69.838098484996,0.9644891507576806,0.6215443341372867,0.6140357521490947,top_region_local_search,batch32 balanced bucket selection.,1,R23_N24_S01_top_region_local_search,1
24,known_best_mutation,combined108_known_best_mutation,parity_preserving_swap_188,S3R19B28_N24_B06_uncertainty_calibration,parity_preserving_swap,0.08333333333333333,5e8f606e284ef168,diversity,11,22,11.5,0.4782608695652174,0.9565217391304348,6.6521739130434785,2,20,1,5.715035057537678,153,0.2892249527410208,0.8695652173913043,1,5,2.3144908557451114,0.5217391304347826,0.34782608695652173,0.47826086956521735,1,5,1,0.043478260869565216,0.5454545454545454,10,R23_N24_C00672,N24_R23_N24_C00672_known_best_mutation,"[11,21,7,17,9,13,23,3,19,5,15,1,0,2,4,6,8,10,12,14,16,18,20,22]",11-21-7-17-9-13-23-3-19-5-15-1-0-2-4-6-8-10-12-14-16-18-20-22,False,False,False,S3R19B28_N24_B06_uncertainty_calibration,0.018115942028985508,0.018115942028985508,0.7334367648075067,0.2107249922912925,0.19429276103616278,0.246096552790097,0.24066423310868526,0.6969857905296414,0.7831572046058257,0.7268842962086683,0.3446919956536525,0.09392569247288846,0.32504306080674883,0.2050863314989003,0.5227117725162143,0.539144003771344,95,0.9674965421853389,1162,0.5985477178423236,0.9581044666603794,0.7756349851470542,0.0390625,0.3325556828613448,1.0,0.51953125,804.6371604642679,0.9581044666603794,0.5365307556310907,0.547749006373738,model_disagreement,batch32 balanced bucket selection.,6,R23_N24_S06_model_disagreement,2
24,known_best_mutation,combined108_known_best_mutation,swap_two_positions_272,N24_A04_method_c_u2_first_engineering,swap_two_positions,0.08333333333333333,1ee1ce45fe1ba3e6,uncertainty,0,23,11.5,0.0,1.0,2.8260869565217392,2,11,1,2.5478409259101933,65,0.1228733459357278,0.4782608695652174,1,0,1.0862293462325945,0.5217391304347826,0.5652173913043478,0.5507246376811594,3,3,5,0.21739130434782608,0.9090909090909091,2,R23_N24_C00144,N24_R23_N24_C00144_known_best_mutation,"[0,2,4,6,8,10,13,14,16,18,20,22,11,9,7,5,3,1,12,15,17,19,21,23]",0-2-4-6-8-10-13-14-16-18-20-22-11-9-7-5-3-1-12-15-17-19-21-23,False,False,False,N24_A04_method_c_u2_first_engineering,0.08333333333333333,0.08333333333333333,0.5391685236310659,0.29745985516598455,0.27826671710080414,0.19102896174342052,0.18870064497840552,0.5583372088786651,0.65694854290931,0.5284409545929856,0.25736334334907385,0.2426129170890855,0.29892494052393614,0.12801314421556284,0.24170866846508138,0.2609018065302618,1485,0.4868603042876902,1432,0.5051867219917012,0.6577256004836339,0.6882277371614723,0.1796875,1.0,0.5993139136448801,0.38950070682244003,424.39952874620394,0.6577256004836339,0.610110056911321,0.6056643657354913,uncertainty_calibration,batch32 balanced bucket selection.,10,R23_N24_S10_uncertainty_calibration,3
24,known_best_mutation,combined108_known_best_mutation,swap_early_late_blocks_099,S3R19B28_N24_B06_uncertainty_calibration,swap_early_late_blocks,0.3333333333333333,fdb98a247a7f0f60,tradeoff,12,22,11.5,0.5217391304347826,0.9565217391304348,6.695652173913044,3,15,1,5.212316372398507,154,0.29111531190926276,0.6521739130434783,2,5,2.17403586834798,0.5217391304347826,0.34782608695652173,0.5652173913043478,2,4,4,0.17391304347826086,0.5454545454545454,10,R23_N24_C00612,N24_R23_N24_C00612_known_best_mutation,"[12,14,16,18,3,13,23,9,19,5,15,1,0,2,4,6,8,10,11,21,7,17,20,22]",12-14-16-18-3-13-23-9-19-5-15-1-0-2-4-6-8-10-11-21-7-17-20-22,False,False,False,N24_A08_block_interleaved_quarters,0.40217391304347827,0.40217391304347827,0.5522788213473178,0.2320990222904475,0.21369241098416195,0.1972222202105077,0.1948364191873844,0.5132238264144903,0.6605839921062278,0.7943976769109559,0.358256759405918,0.220402884850815,0.27802577880396384,0.13777696843664336,0.3201797990568703,0.33858641036315584,1448,0.4996542185338866,1800,0.37793914246196403,0.6779968313312464,0.6182863251697945,0.8671875,0.9003010525002082,0.6500738296792579,0.7586306648396289,230.48904529282947,0.6779968313312464,0.7416826900198481,0.7432720652453213,diversity_coverage,batch32 balanced bucket selection.,14,R23_N24_S14_diversity_coverage,4
24,known_best_mutation,combined108_known_best_mutation,biased_random_perturbation_039,S3B20_N24_B01_surrogate_top,biased_random_perturbation,0.9583333333333334,5847234d7bb5fec7,tradeoff,17,0,11.5,0.7391304347826086,0.0,8.826086956521738,9,19,1,5.4665160506092905,203,0.38374291115311904,0.8260869565217391,2,6,2.9096743265455456,0.5217391304347826,0.5652173913043478,0.5072463768115942,3,3,23,1.0,0.36363636363636365,14,R23_N24_C01690,N24_R23_N24_C01690_known_best_mutation,"[17,4,15,6,1,18,23,14,5,22,3,2,11,16,13,8,21,10,7,12,9,20,19,0]",17-4-15-6-1-18-23-14-5-22-3-2-11-16-13-8-21-10-7-12-9-20-19-0,False,False,False,S3R19B28_N24_B03_geometry_signal_top,0.33695652173913043,0.33695652173913043,0.41146729413084504,0.19727176478113484,0.17678617196542912,0.13320633781727903,0.14212971121327653,0.22544826658520625,0.7256111199829478,0.7592443890026356,0.6677918070638439,0.10761065613443839,0.21217225598159292,0.10230765965467152,0.2141955293497102,0.23468112216541592,2062,0.28734439834024894,2136,0.2617565698478561,0.4602730972110377,0.39790005166576314,0.7265625,0.3939863219073541,0.46567690744840445,0.5961197037242022,118.60286674444257,0.4602730972110377,0.48944944616503683,0.4928382889541688,tradeoff_probe,batch32 balanced bucket selection.,18,R23_N24_S18_tradeoff_probe,5
24,known_best_mutation,combined108_known_best_mutation,biased_random_perturbation_343,S3B20_N24_B03_method_c_inspired,biased_random_perturbation,0.9166666666666666,2b407e089be11262,diversity,18,9,11.5,0.782608695652174,0.391304347826087,7.695652173913044,7,21,1,5.360360002581719,177,0.334593572778828,0.9130434782608695,3,5,3.083587370023807,0.5217391304347826,0.3913043478260869,0.5217391304347826,3,3,23,1.0,0.4090909090909091,13,R23_N24_C02042,N24_R23_N24_C02042_known_best_mutation,"[18,13,14,21,12,5,10,15,2,23,16,1,6,3,4,11,22,19,0,7,20,17,8,9]",18-13-14-21-12-5-10-15-2-23-16-1-6-3-4-11-22-19-0-7-20-17-8-9,False,False,False,N24_A05_center_out,0.463768115942029,0.463768115942029,0.37418586719321495,0.17275289269919605,0.15375696498228802,0.12569521013935978,0.1281831670364676,0.23605049995326824,0.6452344710632981,0.6415150377043806,0.6072693445360238,0.13436488675062208,0.19091482041010527,0.09326059867490213,0.2014329744940189,0.22042890221092692,2225,0.23098201936376206,2388,0.1746196403872753,0.40262830316152753,0.3267596356474916,1.0,0.5140837897986447,0.4186432815562569,0.7093216407781284,157.32641227715072,0.40262830316152753,0.5463171044521642,0.5509112867476024,sentinel_control,batch32 balanced bucket selection.,21,R23_N24_S21_sentinel_control,6
24,known_best_mutation,combined108_known_best_mutation,reverse_segment_401,N24_A04_method_c_u2_first_engineering,reverse_segment,0.16666666666666666,9682d973aa5c8db4,model_disagreement,0,23,11.5,0.0,1.0,2.8260869565217392,2,11,2,2.407455339114283,65,0.1228733459357278,0.4782608695652174,0,0,0.7653636126766978,0.5217391304347826,0.5652173913043478,0.5652173913043478,3,3,1,0.043478260869565216,0.9090909090909091,2,R23_N24_C00189,N24_R23_N24_C00189_known_best_mutation,"[0,2,4,6,8,10,12,14,16,18,20,22,11,1,3,5,7,9,13,15,17,19,21,23]",0-2-4-6-8-10-12-14-16-18-20-22-11-1-3-5-7-9-13-15-17-19-21-23,False,False,False,N24_A02_odd_even_interlaced,0.018115942028985508,0.018115942028985508,0.760532451260521,0.3023074030007348,0.2833683481909261,0.26756355373946716,0.26568263610368653,0.7909641965705545,0.7474180965383082,0.5878781566486543,0.18876386989546756,0.041731927864712144,0.37589087845906716,0.19277175724617454,0.45822504825978627,0.47716410306959495,1,1.0,20,0.9934301521438451,1.0,0.9458029665690006,0.0390625,0.09826230851312866,0.9359793108812959,0.48752090544064797,223.9737484617338,1.0,0.5481361699624204,0.5476449871780351,exploitation_reference,batch32 balanced bucket selection.,23,R23_N24_S23_exploitation_reference,7
24,known_best_mutation,combined108_known_best_mutation,swap_early_late_blocks_099,N24_A04_method_c_u2_first_engineering,swap_early_late_blocks,0.3333333333333333,61435e6dddaa6fd2,tradeoff,0,23,11.5,0.0,1.0,4.043478260869565,2,12,2,3.5932093063294586,93,0.17580340264650285,0.5217391304347826,0,1,1.2087030080822636,0.5217391304347826,0.6521739130434783,0.34782608695652173,4,2,5,0.21739130434782608,0.7272727272727273,6,R23_N24_C00073,N24_R23_N24_C00073_known_best_mutation,"[0,2,4,15,17,19,21,14,16,18,20,22,11,9,7,5,3,1,13,6,8,10,12,23]",0-2-4-15-17-19-21-14-16-18-20-22-11-9-7-5-3-1-13-6-8-10-12-23,False,False,False,S3R19B28_N24_B08_known_best_mutation,0.391304347826087,0.391304347826087,0.4973392110005277,0.3133287050296115,0.29398958940041153,0.18702706445488532,0.1815669457906296,0.528282205224447,0.6547361468007987,0.6144902050636255,0.24228476617013892,0.17934970637194497,0.2946503031352131,0.11471941407099984,0.18401050597091617,0.20334962160011616,1781,0.3845089903181189,1491,0.48478561549100974,0.5930488348691141,0.6739221789421687,0.84375,0.7160168226551118,0.5302028142802687,0.6869764071401343,703.0364428676511,0.5930488348691141,0.7032401582499301,0.6960541900168351,batch_fill,batch32 fill by combined selection score.,15,R23_N24_S15_diversity_coverage,8
24,teacher_best_local_search,combined108_known_best_mutation,swap_early_late_blocks_131,S3R19B28_N24_B10_known_best_mutation,swap_early_late_blocks,0.3333333333333333,6644531cea779794,model_disagreement,0,10,11.5,0.0,0.43478260869565216,5.130434782608695,2,19,2,5.479640957978487,118,0.22306238185255198,0.8260869565217391,0,4,1.4154372473067622,0.5217391304347826,0.608695652173913,0.5652173913043478,3,3,4,0.17391304347826086,0.7272727272727273,6,R23_N24_C00333,N24_R23_N24_C00333_teacher_best_local_search,"[0,2,17,15,13,1,12,14,16,18,20,22,11,9,7,5,3,19,21,23,4,6,8,10]",0-2-17-15-13-1-12-14-16-18-20-22-11-9-7-5-3-19-21-23-4-6-8-10,False,False,False,N24_A14_graph_pointer_policy_u2first_proxy,0.38768115942028986,0.38768115942028986,0.5289586008061767,0.2795507109038083,0.26030010749202837,0.2133552010390658,0.21127679607294128,0.601730044068183,0.517188465052412,0.3789989443807726,0.40931590619740527,0.15270351383466352,0.29868828326280406,0.11814128903213836,0.24940788990236845,0.26865849331414837,1533,0.4702627939142462,1435,0.504149377593361,0.6419389488759382,0.6874357368303852,0.8359375,0.5964043285198652,0.5479923690463734,0.6919649345231866,131.82928354504548,0.6419389488759382,0.6854383907930831,0.6784662224038825,batch_fill,batch32 fill by combined selection score.,17,R23_N24_S17_diversity_coverage,9
24,known_best_mutation,combined108_known_best_mutation,swap_early_late_blocks_051,N24_A04_method_c_u2_first_engineering,swap_early_late_blocks,0.3333333333333333,01f2cb7f75d2ba0f,model_disagreement,0,23,11.5,0.0,1.0,4.391304347826087,2,13,2,4.115074413557005,101,0.19092627599243855,0.5652173913043478,0,3,1.3284807255676319,0.5217391304347826,0.6811594202898551,0.4492753623188406,4,2,5,0.21739130434782608,0.7272727272727273,6,R23_N24_C00043,N24_R23_N24_C00043_known_best_mutation,"[0,2,15,17,19,21,12,14,16,18,20,22,11,9,7,5,3,1,13,4,6,8,10,23]",0-2-15-17-19-21-12-14-16-18-20-22-11-9-7-5-3-1-13-4-6-8-10-23,False,False,False,S3R19B28_N24_B08_known_best_mutation,0.391304347826087,0.391304347826087,0.4657090502878106,0.3174253409504045,0.2980501588915768,0.18241098307249956,0.17918962826807225,0.49903457859834305,0.6373755168879763,0.4915380675500035,0.26298654022531065,0.1534383580828396,0.28855703229407276,0.10538932489134008,0.14828370933740614,0.1676588913962338,1912,0.3392116182572614,1606,0.4450207468879668,0.5441420668130578,0.6535303578735847,0.84375,0.5997029819091741,0.4816977887258068,0.6627238943629035,796.8775062705686,0.5441420668130578,0.6645449078401398,0.6559532793827508,batch_fill,batch32 fill by combined selection score.,16,R23_N24_S16_diversity_coverage,10
24,teacher_best_local_search,combined108_known_best_mutation,reverse_segment_289,S3R19B28_N24_B10_known_best_mutation,reverse_segment,0.3333333333333333,ddb347cb94c3ba51,tradeoff,0,1,11.5,0.0,0.043478260869565216,3.1739130434782608,2,16,1,3.497230878641775,73,0.1379962192816635,0.6956521739130435,1,2,1.0144044449514424,0.5217391304347826,0.5652173913043478,0.34782608695652173,3,3,1,0.043478260869565216,0.8636363636363636,3,R23_N24_C00426,N24_R23_N24_C00426_teacher_best_local_search,"[0,2,4,6,8,10,12,14,16,18,20,22,23,21,19,3,5,7,9,11,17,15,13,1]",0-2-4-6-8-10-12-14-16-18-20-22-23-21-19-3-5-7-9-11-17-15-13-1,False,False,False,S3R19B28_N24_B10_known_best_mutation,0.10144927536231885,0.10144927536231885,0.7517468270199553,0.30499780437361546,0.28654768825506477,0.275210483880166,0.2750843934086773,0.8071657000030892,0.6530837376463083,0.6709842278772078,0.29961384467679497,0.053243367955172226,0.3787174393874958,0.1868337601746997,0.44674902264633987,0.46519913876489055,17,0.9944674965421854,10,0.9968879668049793,0.9864156084800334,0.9552623728870006,0.21875,0.1499361849358829,0.9051090057697309,0.5619295028848654,219.18248105174828,0.9864156084800334,0.6025460370074365,0.6000383686515729,batch_fill,batch32 fill by combined selection score.,4,R23_N24_S04_top_region_local_search,11
24,known_best_mutation,combined108_known_best_mutation,reverse_segment_225,S3B20_N24_B01_surrogate_top,reverse_segment,0.3333333333333333,dfa42d2d41100d6a,top_region_local_search,0,9,11.5,0.0,0.391304347826087,3.4347826086956523,2,16,2,3.8087552109697005,79,0.14933837429111532,0.6956521739130435,0,2,0.7653636126766978,0.5217391304347826,0.5652173913043478,0.30434782608695654,3,3,1,0.043478260869565216,0.8636363636363636,3,R23_N24_C01780,N24_R23_N24_C01780_known_best_mutation,"[0,2,4,6,8,10,12,22,20,18,16,14,1,3,5,7,23,21,19,17,15,13,11,9]",0-2-4-6-8-10-12-22-20-18-16-14-1-3-5-7-23-21-19-17-15-13-11-9,False,False,False,S3B20_N24_B01_surrogate_top,0.10144927536231885,0.10144927536231885,0.7460399149446479,0.31571044998836134,0.2972845007589176,0.27315632225905345,0.27049632686502606,0.8030152300312098,0.6428340928753713,0.4571558530298465,0.30151638266379915,0.0449351385942846,0.3805375029632013,0.18350226197198266,0.4303294649562866,0.44875541418573034,41,0.9861687413554634,5,0.9986168741355463,0.9775915424969872,0.961353421805858,0.21875,0.1126412492968401,0.887789299350448,0.5532696496752241,96.89871000173325,0.9775915424969872,0.5949255134842785,0.591247307361508,batch_fill,batch32 fill by combined selection score.,2,R23_N24_S02_top_region_local_search,12
40,known_best_mutation,combined108_known_best_mutation,reverse_segment_265,N40_A04_method_c_u2_first_engineering,reverse_segment,0.3,cc574ee97e23d3a0,top_region_local_search,0,39,19.5,0.0,1.0,3.1538461538461537,2,26,2,4.687891995443874,123,0.08086785009861933,0.6666666666666666,0,2,0.5131637559924215,0.5128205128205129,0.7384615384615385,0.5384615384615385,8,2,1,0.02564102564102564,0.8947368421052632,4,R23_N40_C00183,N40_R23_N40_C00183_known_best_mutation,"[0,2,4,6,8,10,12,38,36,34,32,30,28,26,24,22,20,18,16,14,19,17,15,13,11,9,7,5,3,1,21,23,25,27,29,31,33,35,37,39]",0-2-4-6-8-10-12-38-36-34-32-30-28-26-24-22-20-18-16-14-19-17-15-13-11-9-7-5-3-1-21-23-25-27-29-31-33-35-37-39,False,False,False,N40_A04_method_c_u2_first_engineering,0.1,0.1,0.7307564299051655,0.4089061920306715,0.38949928856091687,0.2711791281637935,0.26720468637662703,0.7788323259611435,0.6750971457235323,0.5142561077306868,0.2782254293244487,0.04662929275404142,0.41350914500743485,0.16905994704106325,0.321850237874494,0.34125714134424867,281,0.9066355451817273,1,1.0,0.9266380459953156,1.0,0.21195652173913046,0.16798279356050164,0.8024278712528142,0.5071921964959724,124.75351698449226,0.9266380459953156,0.606949869834805,0.5970712633974458,top_region_local_search,batch32 balanced bucket selection.,1,R23_N40_S01_top_region_local_search,1
40,known_best_mutation,combined108_known_best_mutation,rotate_sequence_058,S3R19B28_N40_B04_method_c_inspired,rotate_sequence,1.0,04fb04483e06ab57,diversity,8,6,19.5,0.20512820512820512,0.15384615384615385,3.8461538461538463,2,22,2,5.399612813937118,150,0.09861932938856016,0.5641025641025641,0,2,0.8501782034132344,0.5128205128205129,0.27179487179487183,0.6923076923076923,1,9,2,0.05128205128205128,0.8947368421052632,4,R23_N40_C01282,N40_R23_N40_C01282_known_best_mutation,"[8,10,12,14,16,18,20,22,24,26,28,30,32,34,36,38,19,1,21,23,25,27,29,31,33,35,37,39,17,15,13,11,9,7,5,3,0,2,4,6]",8-10-12-14-16-18-20-22-24-26-28-30-32-34-36-38-19-1-21-23-25-27-29-31-33-35-37-39-17-15-13-11-9-7-5-3-0-2-4-6,False,False,False,S3R19B28_N40_B04_method_c_inspired,0.18461538461538463,0.18461538461538463,0.7428809703297112,0.21430486709195787,0.19851184952073392,0.27411810802139214,0.26532833599782235,0.7715618757663324,0.6196030088055136,0.6253231168091304,0.35545734603439066,0.03833459186788311,0.3390288261923235,0.20398176615537722,0.5285761032377534,0.5443691208089774,143,0.952650883627876,1509,0.49716572190730246,0.9449472780761288,0.7868315953702312,0.391304347826087,0.11401935539597417,1.0,0.6956521739130435,946.1751212117131,0.9449472780761288,0.585362596183809,0.5960210164152975,model_disagreement,batch32 balanced bucket selection.,6,R23_N40_S06_model_disagreement,2
40,geometry_signal_center_bias,geometry_first_random_sweep,center_bias_seeded,,,,6cf61e7e1a0eea3f,calibration,19,39,19.5,0.48717948717948717,1.0,12.307692307692308,7,39,1,12.447126835917919,480,0.3155818540433925,1.0,15,11,3.7827519897820476,0.5128205128205129,0.12820512820512822,0.8974358974358975,0,10,34,0.8717948717948718,0.3684210526315789,24,R23_N40_C02575,N40_R23_N40_C02575_geometry_signal_center_bias,"[19,20,18,21,17,22,23,16,15,24,25,14,13,26,27,12,28,11,29,10,9,30,31,8,7,32,6,33,34,5,4,35,36,3,2,37,38,1,0,39]",19-20-18-21-17-22-23-16-15-24-25-14-13-26-27-12-28-11-29-10-9-30-31-8-7-32-6-33-34-5-4-35-36-3-2-37-38-1-0-39,False,False,False,N40_A05_center_out,0.011538461538461539,0.011538461538461539,0.25722255600783517,0.04849697115366941,0.02710733199399712,0.10094001001066244,0.10121626668054777,0.18622431664132802,0.3706888789846959,0.3977188255119683,0.5976774478020731,0.17451836161787865,0.10699662716934237,0.08055114414052805,0.20872558485416576,0.23011522401383805,2838,0.054018006002000685,2840,0.05335111703901296,0.2115559652130656,0.12273758402141698,0.024456521739130436,1.0,0.3016844092733035,0.16307046550621696,41.175721001580534,0.2115559652130656,0.30046182543434496,0.30940916669693924,uncertainty_calibration,batch32 balanced bucket selection.,10,R23_N40_S10_uncertainty_calibration,3
40,geometry_signal_parity_switch,geometry_first_random_sweep,parity_balanced_seeded,,,,2988e56a2f6858d2,calibration,0,5,19.5,0.0,0.1282051282051282,13.256410256410257,9,37,1,9.349942955311926,517,0.3399079552925707,0.9487179487179487,3,10,3.660169450009578,0.5128205128205129,0.5384615384615385,0.558974358974359,5,5,39,1.0,0.34210526315789475,25,R23_N40_C02932,N40_R23_N40_C02932_geometry_signal_parity_switch,"[0,37,28,15,24,19,34,27,4,7,36,9,10,35,26,33,12,29,2,25,18,23,20,39,32,3,16,17,22,31,30,13,8,21,38,11,6,1,14,5]",0-37-28-15-24-19-34-27-4-7-36-9-10-35-26-33-12-29-2-25-18-23-20-39-32-3-16-17-22-31-30-13-8-21-38-11-6-1-14-5,False,False,False,N40_A12_graph_pointer_policy_diverse_02,0.4564102564102564,0.4564102564102564,0.41123418787531446,0.26329064964242793,0.24345441462630144,0.1265272374940286,0.13043967563020373,0.324613381154246,0.38457038960124307,0.6432877486916925,0.6719145815769372,0.12181177215034944,0.23498923305365524,0.10452705680185766,0.14794353823288653,0.16777977324901303,1974,0.34211403801267093,1830,0.39013004334778256,0.4441284679446128,0.48906227267500607,0.967391304347826,0.6571029117710055,0.4373294650949767,0.7023603847214014,181.9802187052208,0.4441284679446128,0.6344927372754067,0.631906096896405,diversity_coverage,batch32 balanced bucket selection.,14,R23_N40_S14_diversity_coverage,4
40,geometry_signal_parity_switch,geometry_first_random_sweep,parity_balanced_seeded,,,,6f26a42605f7b8eb,calibration,35,2,19.5,0.8974358974358975,0.05128205128205128,13.307692307692308,13,31,1,8.308641921035719,519,0.34122287968441817,0.7948717948717948,2,9,3.8140156038557316,0.5128205128205129,0.6,0.4205128205128205,6,4,39,1.0,0.39473684210526316,23,R23_N40_C02523,N40_R23_N40_C02523_geometry_signal_parity_switch,"[35,36,5,26,39,22,37,34,11,18,23,8,27,28,33,4,31,14,9,30,25,0,3,6,17,38,19,10,15,32,13,24,21,12,1,16,7,20,29,2]",35-36-5-26-39-22-37-34-11-18-23-8-27-28-33-4-31-14-9-30-25-0-3-6-17-38-19-10-15-32-13-24-21-12-1-16-7-20-29-2,False,False,False,N40_A07_regular_jump_coprime,0.4166666666666667,0.4166666666666667,0.41287898251742106,0.19218030310159862,0.1729000220802236,0.1351682326095279,0.14074322786471408,0.23646427115688495,0.7096128881183221,0.7385299454002606,0.6888645624396929,0.12444171732524653,0.21077415363469704,0.10319605499691632,0.22069867941582244,0.23997896043719746,1969,0.34378126042014,2028,0.324108036012004,0.44661226739375653,0.41975685172834964,0.8831521739130436,0.6742127371606691,0.42979924855305496,0.6564757112330493,182.07536900964942,0.44661226739375653,0.5880032188846929,0.5885053387259281,tradeoff_probe,batch32 balanced bucket selection.,18,R23_N40_S18_tradeoff_probe,5
40,known_best_mutation,combined108_known_best_mutation,biased_random_perturbation_079,N40_A04_method_c_u2_first_engineering,biased_random_perturbation,0.95,06aac074db1c5325,tradeoff,37,26,19.5,0.9487179487179487,0.6666666666666666,12.538461538461538,9,35,1,9.580552293501702,489,0.3214990138067061,0.8974358974358975,5,11,3.647599578325653,0.5128205128205129,0.5282051282051282,0.5538461538461539,5,5,39,1.0,0.4473684210526316,21,R23_N40_C00064,N40_R23_N40_C00064_known_best_mutation,"[37,28,17,24,29,18,39,32,7,34,33,14,9,8,11,16,5,12,13,30,31,10,19,4,1,22,23,20,3,38,35,0,25,2,27,36,15,6,21,26]",37-28-17-24-29-18-39-32-7-34-33-14-9-8-11-16-5-12-13-30-31-10-19-4-1-22-23-20-3-38-35-0-25-2-27-36-15-6-21-26,False,False,False,N40_A10_graph_pointer_policy_zero_shot_or_proxy_best,0.4717948717948718,0.4717948717948718,0.3174053371093754,0.2277966774635967,0.20914442718513732,0.1211501606015757,0.1165774689777508,0.21822733798280516,0.5202955183827351,0.4901926070769948,0.6909871228846114,0.14981227501983876,0.19841481426748717,0.07457122876097484,0.08960865964577872,0.10826090992423809,2362,0.21273757919306435,2131,0.2897632544181393,0.30243780220427285,0.3843834712555007,1.0,0.8392678175236445,0.26785270630849156,0.6339263531542458,264.04802593467724,0.30243780220427285,0.6117848579532029,0.6059583197058526,sentinel_control,batch32 balanced bucket selection.,21,R23_N40_S21_sentinel_control,6
40,known_best_mutation,combined108_known_best_mutation,reverse_segment_177,N40_A04_method_c_u2_first_engineering,reverse_segment,0.2,31eb3c72613d8e65,uncertainty,0,39,19.5,0.0,1.0,2.8974358974358974,2,20,2,3.753937227422606,113,0.07429322813938198,0.5128205128205128,0,1,0.5131637559924215,0.5128205128205129,0.5384615384615385,0.5384615384615385,5,5,1,0.02564102564102564,0.9473684210526315,2,R23_N40_C00126,N40_R23_N40_C00126_known_best_mutation,"[0,2,4,6,8,10,12,14,16,18,20,38,36,34,32,30,28,26,24,22,19,17,15,13,11,9,7,5,3,1,21,23,25,27,29,31,33,35,37,39]",0-2-4-6-8-10-12-14-16-18-20-38-36-34-32-30-28-26-24-22-19-17-15-13-11-9-7-5-3-1-21-23-25-27-29-31-33-35-37-39,False,False,False,N40_A04_method_c_u2_first_engineering,0.046153846153846156,0.046153846153846156,0.7793373847495568,0.34416921704485215,0.3250307359492307,0.2715853913783401,0.2658073573968861,0.8165642026523859,0.735997859663894,0.8207394888444283,0.202601352919475,0.03871730418937556,0.3971860173037732,0.19343872564174938,0.4351681677047047,0.4543066488003261,1,1.0,6,0.9983327775925308,1.0,0.953281952245731,0.09782608695652174,0.11650919474993138,0.9403521634733087,0.5190891252149152,99.29672703568833,1.0,0.5701239661084054,0.5694774766697843,exploitation_reference,batch32 balanced bucket selection.,23,R23_N40_S23_exploitation_reference,7
40,known_best_mutation,combined108_known_best_mutation,rotate_sequence_098,S3R19B28_N40_B04_method_c_inspired,rotate_sequence,1.0,9416203917957318,diversity,14,12,19.5,0.358974358974359,0.3076923076923077,3.8461538461538463,2,22,2,5.399612813937118,150,0.09861932938856016,0.5641025641025641,0,2,0.8501782034132344,0.5128205128205129,0.28717948717948716,0.7076923076923076,2,8,2,0.05128205128205128,0.8947368421052632,4,R23_N40_C01312,N40_R23_N40_C01312_known_best_mutation,"[14,16,18,20,22,24,26,28,30,32,34,36,38,19,1,21,23,25,27,29,31,33,35,37,39,17,15,13,11,9,7,5,3,0,2,4,6,8,10,12]",14-16-18-20-22-24-26-28-30-32-34-36-38-19-1-21-23-25-27-29-31-33-35-37-39-17-15-13-11-9-7-5-3-0-2-4-6-8-10-12,False,False,False,S3R19B28_N40_B04_method_c_inspired,0.29615384615384616,0.29615384615384616,0.7400564469405181,0.2277330632490606,0.21199419635652333,0.27302538274941274,0.26455177716185574,0.7800103893137951,0.6205120825811007,0.5893371023424088,0.2965905849425218,0.03949186251720818,0.3434721732914741,0.19957568255726452,0.5123233836914575,0.5280622505839947,186,0.9383127709236412,1426,0.5248416138712904,0.9406819737891532,0.7995487967384679,0.6277173913043479,0.12154829513492117,0.9750723376388952,0.8013948644716216,874.4517368042675,0.9406819737891532,0.6473193761942927,0.656095553239314,batch_fill,batch32 fill by combined selection score.,9,R23_N40_S09_model_disagreement,8
40,known_best_mutation,combined108_known_best_mutation,rotate_sequence_050,S3B20_N40_B04_surrogate_top,rotate_sequence,1.0,baa132a2934e1658,top_region_local_search,31,29,19.5,0.7948717948717948,0.7435897435897436,4.153846153846154,2,39,2,6.930195770122861,162,0.10650887573964497,1.0,0,2,0.798896152131183,0.5128205128205129,0.7641025641025642,0.5128205128205129,9,1,2,0.05128205128205128,0.8421052631578947,6,R23_N40_C02219,N40_R23_N40_C02219_known_best_mutation,"[31,33,35,37,39,0,2,10,8,6,4,12,14,16,18,20,22,24,26,28,30,32,34,36,38,19,17,15,13,11,9,7,5,3,1,21,23,25,27,29]",31-33-35-37-39-0-2-10-8-6-4-12-14-16-18-20-22-24-26-28-30-32-34-36-38-19-17-15-13-11-9-7-5-3-1-21-23-25-27-29,False,False,False,S3B20_N40_B04_surrogate_top,0.22435897435897437,0.22435897435897437,0.7097113193406127,0.39071317711471576,0.373297483324777,0.27160840871582514,0.26388413363232427,0.8382850880520855,0.5256890207323656,0.5443564602714828,0.26792620624216584,0.041753947022280864,0.40184290442565096,0.1623054645473721,0.31899814222589695,0.3364138360158357,668,0.7775925308436146,4,0.9989996665555185,0.8948578877377127,0.9666103215935566,0.47554347826086957,0.1362649026398558,0.7642140118746478,0.6198787450677586,251.0813414015466,0.8948578877377127,0.6474150805118085,0.6372952650258629,batch_fill,batch32 fill by combined selection score.,4,R23_N40_S04_top_region_local_search,9
40,known_best_mutation,combined108_known_best_mutation,biased_random_perturbation_287,S3B20_N40_B03_method_c_inspired,biased_random_perturbation,0.95,f25e144b16dbcb4d,uncertainty,9,10,19.5,0.23076923076923078,0.2564102564102564,14.282051282051283,11,35,1,9.483991148242087,557,0.36620644312952005,0.8974358974358975,3,11,3.671666399130261,0.5128205128205129,0.5692307692307692,0.43589743589743585,7,3,39,1.0,0.39473684210526316,23,R23_N40_C02059,N40_R23_N40_C02059_known_best_mutation,"[9,36,33,8,7,16,23,12,5,2,21,18,37,34,25,6,15,26,3,32,1,24,35,28,19,4,39,14,31,30,29,20,11,38,13,22,17,0,27,10]",9-36-33-8-7-16-23-12-5-2-21-18-37-34-25-6-15-26-3-32-1-24-35-28-19-4-39-14-31-30-29-20-11-38-13-22-17-0-27-10,False,False,False,S3R19B28_N40_B03_geometry_signal_top,0.45256410256410257,0.45256410256410257,0.4033808460038865,0.24453928039995368,0.22489521543518917,0.12465277982094689,0.12810236388976226,0.2974230958297461,0.5831066247385269,0.5412567662656138,0.7170665735695547,0.13756650626362393,0.22511409710994773,0.10164661535936967,0.15884156560393284,0.17848563056869735,1996,0.33477825941980666,1925,0.35845281760586867,0.4322691599709394,0.46079887359037275,0.9592391304347826,0.7595996300720822,0.42103320785645554,0.690136169145619,125.05934591225079,0.4322691599709394,0.6392042392377295,0.6372159559510336,batch_fill,batch32 fill by combined selection score.,16,R23_N40_S16_diversity_coverage,10
40,known_best_mutation,combined108_known_best_mutation,rotate_sequence_378,S3R19B28_N40_B04_method_c_inspired,rotate_sequence,1.0,42b2cce7b6cd3830,diversity,12,10,19.5,0.3076923076923077,0.2564102564102564,3.8461538461538463,2,22,2,5.399612813937118,150,0.09861932938856016,0.5641025641025641,0,2,0.8501782034132344,0.5128205128205129,0.26153846153846155,0.7230769230769231,1,9,2,0.05128205128205128,0.8947368421052632,4,R23_N40_C01497,N40_R23_N40_C01497_known_best_mutation,"[12,14,16,18,20,22,24,26,28,30,32,34,36,38,19,1,21,23,25,27,29,31,33,35,37,39,17,15,13,11,9,7,5,3,0,2,4,6,8,10]",12-14-16-18-20-22-24-26-28-30-32-34-36-38-19-1-21-23-25-27-29-31-33-35-37-39-17-15-13-11-9-7-5-3-0-2-4-6-8-10,False,False,False,S3R19B28_N40_B04_method_c_inspired,0.26153846153846155,0.26153846153846155,0.74085388476007,0.21508850183673567,0.199363741611976,0.2721500872240985,0.26322325872876456,0.778693908737018,0.6130798716938455,0.5842648892383091,0.3137474365674278,0.039738456953297745,0.3381358948323289,0.20324673709438026,0.5257653829233343,0.541490143148094,169,0.9439813271090364,1524,0.492164054684895,0.94188618224547,0.7842759570958241,0.5543478260869565,0.12315258247285782,0.9958415323154602,0.7750946792012083,891.183796980174,0.94188618224547,0.6263040857019593,0.6368823644629411,batch_fill,batch32 fill by combined selection score.,7,R23_N40_S07_model_disagreement,11
40,teacher_best_local_search,combined108_known_best_mutation,rotate_sequence_034,S3R19B28_N40_B01_surrogate_top,rotate_sequence,1.0,c1c108e2813bd09b,tradeoff,31,29,19.5,0.7948717948717948,0.7435897435897436,3.8461538461538463,2,39,2,6.635330693509465,150,0.09861932938856016,1.0,0,2,0.6821995113475348,0.5128205128205129,0.7948717948717949,0.5128205128205129,10,0,2,0.05128205128205128,0.8947368421052632,4,R23_N40_C00915,N40_R23_N40_C00915_teacher_best_local_search,"[31,33,35,37,39,0,2,4,6,8,10,12,14,16,18,20,22,24,26,28,30,38,36,34,32,19,17,15,13,11,9,7,5,3,1,21,23,25,27,29]",31-33-35-37-39-0-2-4-6-8-10-12-14-16-18-20-22-24-26-28-30-38-36-34-32-19-17-15-13-11-9-7-5-3-1-21-23-25-27-29,False,False,False,S3B20_N40_B05_surrogate_top,0.2282051282051282,0.2282051282051282,0.7096736616733219,0.3879342078186238,0.36981142717846627,0.2748038734834413,0.26707026560624303,0.8181276514514884,0.536936358508409,0.5454164797123119,0.2899611939930457,0.036483159983633766,0.4018586871520193,0.16141983818306088,0.3217394538546981,0.33986223449485564,673,0.7759253084361454,3,0.9993331110370124,0.8948010210074364,0.9666554929710985,0.483695652173913,0.10197436048021453,0.7592035315929984,0.6214495918834557,251.21910755354577,0.8948010210074364,0.6418615120669104,0.6314889139980053,batch_fill,batch32 fill by combined selection score.,3,R23_N40_S03_top_region_local_search,12
