n,candidate_id,strategy_name,candidate_family,candidate_source,generation_method,seed_strategy,mutation_type,mutation_distance,order_json,order_compact,order_hash,is_existing_teacher_order,priority_n_role,existing_reward_mean_all,pred_reward_mean_all,pred_reward_v01_u2_primary,pred_u2_score_rank,pred_peeq_score_rank,pred_surfaceT_score_rank,tree_prediction_mean,pred_uncertainty_std,pred_rank_within_n,pred_percentile_within_n,ensemble_disagreement_flag,nearest_existing_strategy,novelty_distance_to_nearest_existing,diversity_score,selection_bucket,shortlist_rank_within_n,teacher_batch20_rank_within_n
12,RUN12_N12_C00417,N12_RUN12_N12_C00417_mutate_reverse_short_segment,mutation,surrogate_mutation,mutate_reverse_short_segment,N12_A02_odd_even_interlaced,reverse_short_segment,1,"[0,2,4,10,8,6,1,3,5,7,9,11]","0,2,4,10,8,6,1,3,5,7,9,11",ddeac1737cd4186c,False,sanity_small_N_diagnostic,,0.7767226608929189,0.7970864484089196,0.825093421101125,0.8329201013164221,0.37386385442852293,0.7767226608929189,0.1078570361595807,2,0.9992057188244639,False,N12_A02_odd_even_interlaced,0.045454545454545456,0.045454545454545456,surrogate_top,1,
12,RUN12_N12_C00024,N12_RUN12_N12_C00024_regular_jump_non_coprime_sentinel,regular_jump_sentinel,engineering_baseline,regular_jump_non_coprime_sentinel,,,,"[0,10,8,6,4,2,1,3,5,7,9,11]","0,10,8,6,4,2,1,3,5,7,9,11",689e550783923e35,False,sanity_small_N_diagnostic,,0.776602931332815,0.7961249912368648,0.8466430533430281,0.7397216394046329,0.33263360833570826,0.776602931332815,0.09967508742031235,3,0.9984114376489277,False,N12_A02_odd_even_interlaced,0.15151515151515152,0.15151515151515152,surrogate_top,2,
12,RUN12_N12_C00414,N12_RUN12_N12_C00414_mutate_reverse_short_segment,mutation,surrogate_mutation,mutate_reverse_short_segment,N12_A02_odd_even_interlaced,reverse_short_segment,1,"[0,2,4,6,10,8,1,3,5,7,9,11]","0,2,4,6,10,8,1,3,5,7,9,11",5e763bfd943521e1,False,sanity_small_N_diagnostic,,0.7726359545437126,0.7939793055517768,0.8258870718947758,0.8319280378243586,0.3530892004098274,0.7726359545437126,0.1050507539805205,5,0.9968228752978554,False,N12_A02_odd_even_interlaced,0.015151515151515152,0.015151515151515152,surrogate_top,3,
12,RUN12_N12_C00429,N12_RUN12_N12_C00429_mutate_reverse_short_segment,mutation,surrogate_mutation,mutate_reverse_short_segment,N12_A02_odd_even_interlaced,reverse_short_segment,1,"[0,2,4,6,8,10,3,1,5,7,9,11]","0,2,4,6,8,10,3,1,5,7,9,11",ca5c9cf99a8b5fed,False,sanity_small_N_diagnostic,,0.7726359545437126,0.7939793055517768,0.8258870718947758,0.8319280378243586,0.3530892004098274,0.7726359545437126,0.1050507539805205,6,0.9960285941223193,False,N12_A02_odd_even_interlaced,0.015151515151515152,0.015151515151515152,surrogate_top,4,
12,RUN12_N12_C00025,N12_RUN12_N12_C00025_regular_jump_non_coprime_sentinel,regular_jump_sentinel,engineering_baseline,regular_jump_non_coprime_sentinel,,,,"[1,3,5,7,9,11,0,2,4,6,8,10]","1,3,5,7,9,11,0,2,4,6,8,10",115d71ae6e3eed52,False,sanity_small_N_diagnostic,,0.7717906551993977,0.8020890407455569,0.8133823494888367,0.8465241262597328,0.5153944926596732,0.7717906551993977,0.1415606115298006,7,0.9952343129467831,False,N12_A01_raster_left_to_right,0.3181818181818182,0.3181818181818182,surrogate_top,5,
12,RUN12_N12_C00299,N12_RUN12_N12_C00299_mutate_reverse_short_segment,mutation,surrogate_mutation,mutate_reverse_short_segment,N12_A04_method_c_u2_first_engineering,reverse_short_segment,1,"[0,2,4,10,8,6,5,3,1,7,9,11]","0,2,4,10,8,6,5,3,1,7,9,11",5599d4a477158bae,False,sanity_small_N_diagnostic,,0.768011901191311,0.7932344075925932,0.8204502342401963,0.7694485814440746,0.3906455483194429,0.768011901191311,0.11189322565173676,8,0.9944400317712471,False,N12_A04_method_c_u2_first_engineering,0.045454545454545456,0.045454545454545456,surrogate_top,6,
12,RUN12_N12_C00350,N12_RUN12_N12_C00350_mutate_perturb_last_quarter,mutation,surrogate_mutation,mutate_perturb_last_quarter,N12_A04_method_c_u2_first_engineering,perturb_last_quarter,1,"[0,2,4,6,8,10,5,3,1,7,11,9]","0,2,4,6,8,10,5,3,1,7,11,9",5d96740d04d557d9,False,sanity_small_N_diagnostic,,0.7653866372731215,0.7845243964375935,0.8232345059400784,0.8205361361274758,0.4008328974526446,0.7653866372731216,0.11516911780477426,9,0.9936457505957109,False,N12_A04_method_c_u2_first_engineering,0.015151515151515152,0.015151515151515152,surrogate_top,7,
12,RUN12_N12_C00303,N12_RUN12_N12_C00303_mutate_reverse_short_segment,mutation,surrogate_mutation,mutate_reverse_short_segment,N12_A04_method_c_u2_first_engineering,reverse_short_segment,3,"[0,2,4,6,10,8,5,1,11,9,7,3]","0,2,4,6,10,8,5,1,11,9,7,3",2167d050c97b1988,False,sanity_small_N_diagnostic,,0.7636081773936293,0.7850366495829988,0.8531105141289713,0.7784496676212371,0.5436886436015924,0.7636081773936293,0.11088813240807148,10,0.9928514694201748,False,N12_A04_method_c_u2_first_engineering,0.12121212121212122,0.12121212121212122,surrogate_top,8,
12,RUN12_N12_C00270,N12_RUN12_N12_C00270_mutate_swap_two_positions,mutation,surrogate_mutation,mutate_swap_two_positions,N12_A04_method_c_u2_first_engineering,swap_two_positions,1,"[0,2,6,4,8,10,5,3,1,7,9,11]","0,2,6,4,8,10,5,3,1,7,9,11",1920cac84ad66fbe,False,sanity_small_N_diagnostic,,0.7636053674318518,0.7818160631042601,0.8256863199990352,0.8177279414307611,0.4055124237746273,0.7636053674318518,0.12065893315619731,11,0.9920571882446386,False,N12_A04_method_c_u2_first_engineering,0.015151515151515152,0.015151515151515152,surrogate_top,9,
12,RUN12_N12_C00271,N12_RUN12_N12_C00271_mutate_swap_two_positions,mutation,surrogate_mutation,mutate_swap_two_positions,N12_A04_method_c_u2_first_engineering,swap_two_positions,1,"[0,2,4,8,6,10,5,3,1,7,9,11]","0,2,4,8,6,10,5,3,1,7,9,11",0a63b628b60ffbe5,False,sanity_small_N_diagnostic,,0.7624148912413755,0.7807049519931492,0.8246942565069717,0.8094938144466342,0.4025957571079607,0.7624148912413756,0.11915703162729072,12,0.9912629070691025,False,N12_A04_method_c_u2_first_engineering,0.015151515151515152,0.015151515151515152,surrogate_top,10,
12,RUN12_N12_C00349,N12_RUN12_N12_C00349_mutate_perturb_last_quarter,mutation,surrogate_mutation,mutate_perturb_last_quarter,N12_A04_method_c_u2_first_engineering,perturb_last_quarter,2,"[0,2,4,6,8,10,5,3,1,11,9,7]","0,2,4,6,8,10,5,3,1,11,9,7",c5a31a4517c3df47,False,sanity_small_N_diagnostic,,0.7610843678698199,0.7867519273607767,0.8455331996403262,0.8073326580057645,0.36890388254301976,0.7610843678698199,0.10909687178657855,14,0.9896743447180302,False,N12_A04_method_c_u2_first_engineering,0.045454545454545456,0.045454545454545456,U2_primary_top,11,
12,RUN12_N12_C00346,N12_RUN12_N12_C00346_mutate_perturb_last_quarter,mutation,surrogate_mutation,mutate_perturb_last_quarter,N12_A04_method_c_u2_first_engineering,perturb_last_quarter,2,"[0,2,4,6,8,10,5,3,1,11,7,9]","0,2,4,6,8,10,5,3,1,11,7,9",b699a3a35c0fd430,False,sanity_small_N_diagnostic,,0.7584620464412485,0.7810822845036339,0.8469577479542754,0.8024437324993579,0.3849342337581993,0.7584620464412485,0.11032114996807287,16,0.9880857823669579,False,N12_A04_method_c_u2_first_engineering,0.030303030303030304,0.030303030303030304,U2_primary_top,12,
12,RUN12_N12_C00372,N12_RUN12_N12_C00372_mutate_edge_center_swap,mutation,surrogate_mutation,mutate_edge_center_swap,N12_A04_method_c_u2_first_engineering,edge_center_swap,2,"[0,2,4,6,8,10,1,3,7,5,9,11]","0,2,4,6,8,10,1,3,7,5,9,11",de3577086cea2150,False,sanity_small_N_diagnostic,,0.754251728980931,0.7793243479956973,0.8396993862762707,0.814930679032357,0.3728891657309884,0.754251728980931,0.10899116691519231,23,0.982525814138205,False,N12_A02_odd_even_interlaced,0.015151515151515152,0.015151515151515152,U2_primary_top,13,
12,RUN12_N12_C00426,N12_RUN12_N12_C00426_mutate_reverse_short_segment,mutation,surrogate_mutation,mutate_reverse_short_segment,N12_A02_odd_even_interlaced,reverse_short_segment,2,"[0,2,4,6,8,10,1,3,7,9,11,5]","0,2,4,6,8,10,1,3,7,9,11,5",031d24be438b1648,False,sanity_small_N_diagnostic,,0.7481632907078946,0.7811419500365137,0.8409426866267139,0.8001371848803102,0.40645209994750253,0.7481632907078946,0.11033443762138209,36,0.9722001588562351,False,N12_A02_odd_even_interlaced,0.045454545454545456,0.045454545454545456,U2_primary_top,14,
12,RUN12_N12_C00488,N12_RUN12_N12_C00488_mutate_parity_preserving_swap,mutation,surrogate_mutation,mutate_parity_preserving_swap,N12_A02_odd_even_interlaced,parity_preserving_swap,1,"[0,10,4,6,8,2,1,3,5,7,9,11]","0,10,4,6,8,2,1,3,5,7,9,11",d0d183e0878c22cd,False,sanity_small_N_diagnostic,,0.7468243687502226,0.7783562357507994,0.8406597123258824,0.7353595059739979,0.37518986463595,0.7468243687502226,0.11547885296104501,39,0.9698173153296267,False,N12_A02_odd_even_interlaced,0.10606060606060606,0.10606060606060606,U2_primary_top,15,
12,RUN12_N12_C00026,N12_RUN12_N12_C00026_regular_jump_non_coprime_sentinel,regular_jump_sentinel,engineering_baseline,regular_jump_non_coprime_sentinel,,,,"[1,11,9,7,5,3,0,2,4,6,8,10]","1,11,9,7,5,3,0,2,4,6,8,10",bdefebe906990eb4,False,sanity_small_N_diagnostic,,0.7420064397319364,0.7798646196639931,0.791254609503954,0.7885562029793095,0.4983706903229354,0.7420064397319364,0.1732309693755779,49,0.9618745035742653,True,N12_A06_edge_in_alternating,0.4090909090909091,0.4090909090909091,diversity_top,16,
12,RUN12_N12_C00445,N12_RUN12_N12_C00445_mutate_swap_early_late_blocks,mutation,surrogate_mutation,mutate_swap_early_late_blocks,N12_A02_odd_even_interlaced,swap_early_late_blocks,1,"[1,3,4,6,8,10,0,2,5,7,9,11]","1,3,4,6,8,10,0,2,5,7,9,11",898eb6c9a61c1744,False,sanity_small_N_diagnostic,,0.6813849115296703,0.7112396068663613,0.7167483404705585,0.7625673698539362,0.5323514990153648,0.6813849115296703,0.15399134466213565,76,0.9404289118347895,False,N12_A01_raster_left_to_right,0.25757575757575757,0.25757575757575757,diversity_top,17,
12,RUN12_N12_C00318,N12_RUN12_N12_C00318_mutate_rotate_sequence,mutation,surrogate_mutation,mutate_rotate_sequence,N12_A04_method_c_u2_first_engineering,rotate_sequence,2,"[1,7,9,11,0,2,4,6,8,10,5,3]","1,7,9,11,0,2,4,6,8,10,5,3",0b8d6cf39f82c36e,False,sanity_small_N_diagnostic,,0.6793392647346456,0.7076979050428918,0.7177954172260089,0.8001760263991345,0.6174927249303763,0.6793392647346455,0.13116608401795102,77,0.9396346306592533,False,N12_A06_edge_in_alternating,0.3939393939393939,0.3939393939393939,diversity_top,18,
12,RUN12_N12_C00335,N12_RUN12_N12_C00335_mutate_swap_early_late_blocks,mutation,surrogate_mutation,mutate_swap_early_late_blocks,N12_A04_method_c_u2_first_engineering,swap_early_late_blocks,3,"[0,2,9,11,5,3,1,7,8,10,4,6]","0,2,9,11,5,3,1,7,8,10,4,6",3b94b64069701fd7,False,sanity_small_N_diagnostic,,0.6536926463268032,0.6959879944785193,0.7040517422424163,0.6889191930436862,0.3935165481597773,0.6536926463268032,0.13656177905194528,78,0.9388403494837172,False,N12_A06_edge_in_alternating,0.2727272727272727,0.2727272727272727,diversity_top,19,
12,RUN12_N12_C00046,N12_RUN12_N12_C00046_regular_jump_non_coprime_sentinel,regular_jump_sentinel,engineering_baseline,regular_jump_non_coprime_sentinel,,,,"[11,9,7,5,3,1,0,2,4,6,8,10]","11,9,7,5,3,1,0,2,4,6,8,10",c15b365a0cc5493a,False,sanity_small_N_diagnostic,,0.6291916892854987,0.6071424922459409,0.6398889775898705,0.6886381274554831,0.6665142698927373,0.6291916892854987,0.2889328440116154,88,0.9308975377283558,True,N12_A03_greedy_maximin_distance,0.4393939393939394,0.4393939393939394,diversity_top,20,
12,RUN12_N12_C00134,N12_RUN12_N12_C00134_method_c_maximin_seed_like,method_c_inspired,method_c_inspired,method_c_maximin_seed_like,,,,"[0,5,11,6,8,4,2,7,1,3,9,10]","0,5,11,6,8,4,2,7,1,3,9,10",e1bbed764cecf310,False,sanity_small_N_diagnostic,,0.5524798939236236,0.5361033641480236,0.5409067020140641,0.5772626535977153,0.42364289700479574,0.5524798939236236,0.10988264889627439,343,0.7283558379666402,False,N12_A15_graph_pointer_policy_balanced_dispersion_proxy,0.045454545454545456,0.045454545454545456,method_c_inspired,21,
12,RUN12_N12_C00133,N12_RUN12_N12_C00133_method_c_regular_jump_seed_like,method_c_inspired,method_c_inspired,method_c_regular_jump_seed_like,,,,"[0,5,11,8,10,3,2,1,6,4,7,9]","0,5,11,8,10,3,2,1,6,4,7,9",bf7e00de205f612d,False,sanity_small_N_diagnostic,,0.5212995201975797,0.524614700271288,0.5297336831717872,0.4972289680599157,0.42617384408909526,0.5212995201975797,0.12106606135178831,707,0.43923749007148527,False,N12_A11_graph_pointer_policy_diverse_01,0.12121212121212122,0.12121212121212122,method_c_inspired,22,
12,RUN12_N12_C00132,N12_RUN12_N12_C00132_method_c_diversity_preserved_like,method_c_inspired,method_c_inspired,method_c_diversity_preserved_like,,,,"[0,11,5,8,1,10,2,9,3,4,6,7]","0,11,5,8,1,10,2,9,3,4,6,7",0d6b4d0621ea619c,False,sanity_small_N_diagnostic,,0.5143434205550228,0.5185498438884175,0.5170346364320852,0.39234909159790077,0.4375400876387684,0.5143434205550228,0.13248775641157412,732,0.41938046068308177,False,N12_A11_graph_pointer_policy_diverse_01,0.12121212121212122,0.12121212121212122,method_c_inspired,23,
12,RUN12_N12_C00130,N12_RUN12_N12_C00130_method_c_peeq_aware_like,method_c_inspired,method_c_inspired,method_c_peeq_aware_like,,,,"[0,11,2,4,5,8,6,10,1,3,7,9]","0,11,2,4,5,8,6,10,1,3,7,9",0d8bd0f28802e9f2,False,sanity_small_N_diagnostic,,0.5034662271893731,0.5133384949331171,0.5249492953669577,0.46757284332151355,0.3997545377584996,0.5034662271893731,0.14804829204396275,757,0.39952343129467827,False,N12_A10_graph_pointer_policy_zero_shot_or_proxy_best,0.030303030303030304,0.030303030303030304,method_c_inspired,24,
16,RUN12_N16_C01673,N16_RUN12_N16_C01673_mutate_reverse_short_segment,mutation,surrogate_mutation,mutate_reverse_short_segment,N16_A04_method_c_u2_first_engineering,reverse_short_segment,1,"[0,2,4,6,8,10,14,12,7,5,3,1,9,11,13,15]","0,2,4,6,8,10,14,12,7,5,3,1,9,11,13,15",07d1527fe5bebcbb,False,support_interpolation_diagnostic,,0.8064539049176901,0.8173867155666663,0.8317167021339682,0.8465862010896649,0.39211124212384635,0.8064539049176901,0.09729417405795705,2,0.9992088607594937,False,N16_A04_method_c_u2_first_engineering,0.008333333333333333,0.008333333333333333,surrogate_top,1,
16,RUN12_N16_C01764,N16_RUN12_N16_C01764_mutate_parity_preserving_swap,mutation,surrogate_mutation,mutate_parity_preserving_swap,N16_A04_method_c_u2_first_engineering,parity_preserving_swap,1,"[0,2,4,6,8,14,12,10,7,5,3,1,9,11,13,15]","0,2,4,6,8,14,12,10,7,5,3,1,9,11,13,15",a2a8d66c6fafcb1a,False,support_interpolation_diagnostic,,0.8064539049176901,0.8173867155666663,0.8317167021339682,0.8465862010896649,0.39211124212384635,0.8064539049176901,0.09729417405795705,3,0.9984177215189873,False,N16_A04_method_c_u2_first_engineering,0.025,0.025,surrogate_top,2,
16,RUN12_N16_C01668,N16_RUN12_N16_C01668_mutate_reverse_short_segment,mutation,surrogate_mutation,mutate_reverse_short_segment,N16_A04_method_c_u2_first_engineering,reverse_short_segment,2,"[0,2,4,6,8,14,12,10,7,1,3,5,9,11,13,15]","0,2,4,6,8,14,12,10,7,1,3,5,9,11,13,15",16c51042534d88b9,False,support_interpolation_diagnostic,,0.8006184221134572,0.8105547049846556,0.8355222028288697,0.827870674109335,0.39211124212384635,0.8006184221134572,0.13048758531361718,4,0.997626582278481,False,N16_A02_odd_even_interlaced,0.05,0.05,surrogate_top,3,
16,RUN12_N16_C01736,N16_RUN12_N16_C01736_mutate_perturb_last_quarter,mutation,surrogate_mutation,mutate_perturb_last_quarter,N16_A04_method_c_u2_first_engineering,perturb_last_quarter,3,"[0,2,4,6,8,10,12,14,7,5,3,1,9,13,15,11]","0,2,4,6,8,10,12,14,7,5,3,1,9,13,15,11",59ad143986e9f9dd,False,support_interpolation_diagnostic,,0.7951080419589314,0.8079020878446097,0.8339301009343483,0.8300011304585416,0.400142156102341,0.7951080419589314,0.10404739118374191,6,0.9960443037974683,False,N16_A04_method_c_u2_first_engineering,0.016666666666666666,0.016666666666666666,surrogate_top,4,
16,RUN12_N16_C01742,N16_RUN12_N16_C01742_mutate_perturb_last_quarter,mutation,surrogate_mutation,mutate_perturb_last_quarter,N16_A04_method_c_u2_first_engineering,perturb_last_quarter,1,"[0,2,4,6,8,10,12,14,7,5,3,1,9,15,13,11]","0,2,4,6,8,10,12,14,7,5,3,1,9,15,13,11",6225b728b2249979,False,support_interpolation_diagnostic,,0.7951080419589314,0.8079020878446097,0.835141607042168,0.8358074312483951,0.40252310848329337,0.7951080419589314,0.10404739118374191,7,0.995253164556962,False,N16_A04_method_c_u2_first_engineering,0.025,0.025,surrogate_top,5,
16,RUN12_N16_C01755,N16_RUN12_N16_C01755_mutate_parity_preserving_swap,mutation,surrogate_mutation,mutate_parity_preserving_swap,N16_A04_method_c_u2_first_engineering,parity_preserving_swap,2,"[0,2,4,6,8,10,12,14,9,5,3,1,7,11,15,13]","0,2,4,6,8,10,12,14,9,5,3,1,7,11,15,13",a1fe68f33f9979b3,False,support_interpolation_diagnostic,,0.7900820829642223,0.8050938867864085,0.8337515295057769,0.8116310456822069,0.39211124212384635,0.7900820829642223,0.13529856923642225,8,0.9944620253164557,False,N16_A02_odd_even_interlaced,0.06666666666666667,0.06666666666666667,surrogate_top,6,
16,RUN12_N16_C01672,N16_RUN12_N16_C01672_mutate_reverse_short_segment,mutation,surrogate_mutation,mutate_reverse_short_segment,N16_A04_method_c_u2_first_engineering,reverse_short_segment,1,"[0,2,6,4,8,10,12,14,7,5,3,1,9,11,13,15]","0,2,6,4,8,10,12,14,7,5,3,1,9,11,13,15",a11a0f2276f76dd1,False,support_interpolation_diagnostic,,0.7895240644700864,0.8000156311113786,0.8318371136498288,0.8419902177601288,0.40091208363857295,0.7895240644700864,0.11231702366883069,9,0.9936708860759493,False,N16_A04_method_c_u2_first_engineering,0.008333333333333333,0.008333333333333333,surrogate_top,7,
16,RUN12_N16_C01770,N16_RUN12_N16_C01770_mutate_edge_center_swap,mutation,surrogate_mutation,mutate_edge_center_swap,N16_A04_method_c_u2_first_engineering,edge_center_swap,1,"[0,4,2,6,8,10,12,14,7,5,3,1,9,11,13,15]","0,4,2,6,8,10,12,14,7,5,3,1,9,11,13,15",fdf66063e3ea9cec,False,support_interpolation_diagnostic,,0.7895240644700864,0.8000156311113786,0.8318371136498288,0.8419902177601288,0.40091208363857295,0.7895240644700864,0.11231702366883069,10,0.992879746835443,False,N16_A04_method_c_u2_first_engineering,0.008333333333333333,0.008333333333333333,surrogate_top,8,
16,RUN12_N16_C01753,N16_RUN12_N16_C01753_mutate_parity_preserving_swap,mutation,surrogate_mutation,mutate_parity_preserving_swap,N16_A04_method_c_u2_first_engineering,parity_preserving_swap,1,"[0,2,4,6,8,10,12,14,11,5,3,1,9,7,13,15]","0,2,4,6,8,10,12,14,11,5,3,1,9,7,13,15",2dfb5f6c739eb474,False,support_interpolation_diagnostic,,0.7891946993907212,0.8030473771431247,0.829575208887924,0.8437759320458432,0.3985311312576206,0.7891946993907212,0.1112776578322064,11,0.9920886075949367,False,N16_A02_odd_even_interlaced,0.075,0.075,surrogate_top,9,
16,RUN12_N16_C01661,N16_RUN12_N16_C01661_mutate_reverse_short_segment,mutation,surrogate_mutation,mutate_reverse_short_segment,N16_A04_method_c_u2_first_engineering,reverse_short_segment,1,"[0,2,4,6,8,10,12,14,7,9,1,3,5,11,13,15]","0,2,4,6,8,10,12,14,7,9,1,3,5,11,13,15",e7b10473f6663b81,False,support_interpolation_diagnostic,,0.7875895406605625,0.7992616628574105,0.830072429281458,0.8449393756928395,0.40091208363857295,0.7875895406605625,0.11076781458403347,12,0.9912974683544303,False,N16_A02_odd_even_interlaced,0.05,0.05,surrogate_top,10,
16,RUN12_N16_C01780,N16_RUN12_N16_C01780_mutate_edge_center_swap,mutation,surrogate_mutation,mutate_edge_center_swap,N16_A04_method_c_u2_first_engineering,edge_center_swap,2,"[0,2,4,6,8,10,12,14,7,5,3,1,15,13,11,9]","0,2,4,6,8,10,12,14,7,5,3,1,15,13,11,9",8582b53d280e17a3,False,support_interpolation_diagnostic,,0.7874636605441585,0.8040828167136376,0.8585204613012629,0.8222334516565579,0.36188803845609724,0.7874636605441585,0.09481014043680588,15,0.9889240506329114,False,N16_A04_method_c_u2_first_engineering,0.05,0.05,U2_primary_top,11,
16,RUN12_N16_C02044,N16_RUN12_N16_C02044_mutate_perturb_last_quarter,mutation,surrogate_mutation,mutate_perturb_last_quarter,N16_A02_odd_even_interlaced,perturb_last_quarter,3,"[0,2,4,6,8,10,12,14,1,3,5,7,9,15,13,11]","0,2,4,6,8,10,12,14,1,3,5,7,9,15,13,11",75e61c75c7cef52d,False,support_interpolation_diagnostic,,0.7862626801520016,0.8052099759106498,0.8572655009838025,0.8212413881644947,0.35594416090507686,0.7862626801520016,0.09156433632580852,16,0.9881329113924051,False,N16_A02_odd_even_interlaced,0.025,0.025,U2_primary_top,12,
16,RUN12_N16_C02042,N16_RUN12_N16_C02042_mutate_perturb_last_quarter,mutation,surrogate_mutation,mutate_perturb_last_quarter,N16_A02_odd_even_interlaced,perturb_last_quarter,3,"[0,2,4,6,8,10,12,14,1,3,5,7,9,13,15,11]","0,2,4,6,8,10,12,14,1,3,5,7,9,13,15,11",0dc01fdd3e5ad2af,False,support_interpolation_diagnostic,,0.7849004352540425,0.8052099759106498,0.8572655009838025,0.8158088484819551,0.36238233802777775,0.7849004352540425,0.09152136266072823,18,0.9865506329113924,False,N16_A02_odd_even_interlaced,0.016666666666666666,0.016666666666666666,U2_primary_top,13,
16,RUN12_N16_C01737,N16_RUN12_N16_C01737_mutate_perturb_last_quarter,mutation,surrogate_mutation,mutate_perturb_last_quarter,N16_A04_method_c_u2_first_engineering,perturb_last_quarter,3,"[0,2,4,6,8,10,12,14,7,5,3,1,15,11,9,13]","0,2,4,6,8,10,12,14,7,5,3,1,15,11,9,13",d41c73dc320285d3,False,support_interpolation_diagnostic,,0.7762023907943231,0.7952906060121528,0.8572567842354544,0.8135846055152309,0.3748732927151154,0.7762023907943231,0.1035556896424175,38,0.9707278481012658,False,N16_A04_method_c_u2_first_engineering,0.03333333333333333,0.03333333333333333,U2_primary_top,14,
16,RUN12_N16_C02024,N16_RUN12_N16_C02024_mutate_perturb_first_quarter,mutation,surrogate_mutation,mutate_perturb_first_quarter,N16_A02_odd_even_interlaced,perturb_first_quarter,2,"[0,4,6,2,8,10,12,14,1,3,5,7,9,11,13,15]","0,4,6,2,8,10,12,14,1,3,5,7,9,11,13,15",ecd444e9942110c4,False,support_interpolation_diagnostic,,0.7754811606355929,0.794447352043899,0.8569938874100576,0.8217790499596754,0.3728891657309884,0.775481160635593,0.1032561380671079,41,0.9683544303797469,False,N16_A02_odd_even_interlaced,0.016666666666666666,0.016666666666666666,U2_primary_top,15,
16,RUN12_N16_C01688,N16_RUN12_N16_C01688_mutate_rotate_sequence,mutation,surrogate_mutation,mutate_rotate_sequence,N16_A04_method_c_u2_first_engineering,rotate_sequence,3,"[1,9,11,13,15,0,2,4,6,8,10,12,14,7,5,3]","1,9,11,13,15,0,2,4,6,8,10,12,14,7,5,3",9a674580a1a6fa6e,False,support_interpolation_diagnostic,,0.7334030970777086,0.7590301463610005,0.8132287015350849,0.8146877458742454,0.6238088624965138,0.7334030970777086,0.11906715403470836,120,0.9058544303797469,False,N16_A03_greedy_maximin_distance,0.375,0.375,diversity_top,16,
16,RUN12_N16_C01701,N16_RUN12_N16_C01701_mutate_swap_early_late_blocks,mutation,surrogate_mutation,mutate_swap_early_late_blocks,N16_A04_method_c_u2_first_engineering,swap_early_late_blocks,3,"[0,2,8,13,15,1,9,11,7,5,3,4,6,10,12,14]","0,2,8,13,15,1,9,11,7,5,3,4,6,10,12,14",ce43e530f7921d38,False,support_interpolation_diagnostic,,0.7158652536906523,0.7551922489260409,0.8196347098784391,0.6835713058787021,0.3833135890845592,0.7158652536906523,0.12539591492971922,130,0.8979430379746836,False,N16_A03_greedy_maximin_distance,0.2916666666666667,0.2916666666666667,diversity_top,17,
16,RUN12_N16_C02288,N16_RUN12_N16_C02288_mutate_rotate_sequence,mutation,surrogate_mutation,mutate_rotate_sequence,N16_A08_block_interleaved_quarters,rotate_sequence,2,"[1,5,9,13,2,6,10,14,3,7,11,15,0,4,8,12]","1,5,9,13,2,6,10,14,3,7,11,15,0,4,8,12",2f3426db48646a83,False,support_interpolation_diagnostic,,0.6286604203607501,0.6178325660966799,0.6026770168712485,0.8179693794885403,0.526384732132975,0.6286604203607501,0.10878035517878418,200,0.8425632911392404,False,N16_A01_raster_left_to_right,0.4,0.4,diversity_top,18,
16,RUN12_N16_C02008,N16_RUN12_N16_C02008_mutate_swap_early_late_blocks,mutation,surrogate_mutation,mutate_swap_early_late_blocks,N16_A02_odd_even_interlaced,swap_early_late_blocks,2,"[1,3,9,11,13,10,12,14,0,2,4,7,5,6,8,15]","1,3,9,11,13,10,12,14,0,2,4,7,5,6,8,15",7e1f55ab94d42e8d,False,support_interpolation_diagnostic,,0.6224443469593587,0.6197775540563039,0.621772310304745,0.676116362368446,0.5308114320864605,0.6224443469593587,0.12994810449146785,204,0.8393987341772152,False,N16_A12_graph_pointer_policy_diverse_02,0.325,0.325,diversity_top,19,
16,RUN12_N16_C02251,N16_RUN12_N16_C02251_mutate_swap_two_positions,mutation,surrogate_mutation,mutate_swap_two_positions,N16_A08_block_interleaved_quarters,swap_two_positions,3,"[0,4,8,3,11,5,9,13,2,6,10,14,12,7,15,1]","0,4,8,3,11,5,9,13,2,6,10,14,12,7,15,1",4025f4943c521ba0,False,support_interpolation_diagnostic,,0.6042228045845973,0.6071473095954555,0.6433264756881194,0.7062161881722518,0.7368619355583191,0.6042228045845973,0.10479831440477749,242,0.8093354430379747,False,N16_A08_block_interleaved_quarters,0.2916666666666667,0.2916666666666667,diversity_top,20,
16,RUN12_N16_C01488,N16_RUN12_N16_C01488_method_c_mutated_topology_like,method_c_inspired,method_c_inspired,method_c_mutated_topology_like,,,,"[0,15,7,11,3,5,9,13,1,2,4,12,10,8,6,14]","0,15,7,11,3,5,9,13,1,2,4,12,10,8,6,14",0275e331daee6af4,False,support_interpolation_diagnostic,,0.6973127116819496,0.7115697579330649,0.7848108389365387,0.6570807847300515,0.4056532202651159,0.6973127116819496,0.13823169772875507,167,0.8686708860759493,False,N16_A03_greedy_maximin_distance,0.05,0.05,method_c_inspired,21,
16,RUN12_N16_C01485,N16_RUN12_N16_C01485_method_c_diversity_preserved_like,method_c_inspired,method_c_inspired,method_c_diversity_preserved_like,,,,"[0,15,7,11,1,14,2,13,3,5,9,4,12,10,6,8]","0,15,7,11,1,14,2,13,3,5,9,4,12,10,6,8",4ee7afb26cfc97b7,False,support_interpolation_diagnostic,,0.5902702588938736,0.5681488152488694,0.5597427431095752,0.6428932751642491,0.42147045620967305,0.5902702588938736,0.12459187696990352,359,0.7167721518987342,False,N16_A03_greedy_maximin_distance,0.21666666666666667,0.21666666666666667,method_c_inspired,22,
16,RUN12_N16_C01486,N16_RUN12_N16_C01486_method_c_regular_jump_seed_like,method_c_inspired,method_c_inspired,method_c_regular_jump_seed_like,,,,"[0,5,15,7,10,4,11,3,9,14,13,1,8,2,6,12]","0,5,15,7,10,4,11,3,9,14,13,1,8,2,6,12",3fc5609199b189af,False,support_interpolation_diagnostic,,0.5255762383830193,0.5223665966081994,0.5082848282567601,0.5326816065259471,0.42130693067401076,0.5255762383830194,0.09354582879993543,913,0.2784810126582279,False,N16_A07_regular_jump_coprime,0.20833333333333334,0.20833333333333334,method_c_inspired,23,
16,RUN12_N16_C01487,N16_RUN12_N16_C01487_method_c_maximin_seed_like,method_c_inspired,method_c_inspired,method_c_maximin_seed_like,,,,"[0,7,15,8,11,6,3,9,5,10,13,4,1,12,2,14]","0,7,15,8,11,6,3,9,5,10,13,4,1,12,2,14",89540f37ff6cc8e2,False,support_interpolation_diagnostic,,0.5118931293997929,0.509484900179628,0.5013044948858068,0.5835238813047638,0.4250475851483609,0.5118931293997929,0.11407714016564198,933,0.2626582278481012,False,N16_A15_graph_pointer_policy_balanced_dispersion_proxy,0.03333333333333333,0.03333333333333333,method_c_inspired,24,
24,RUN12_N24_C03770,N24_RUN12_N24_C03770_mutate_reverse_short_segment,mutation,surrogate_mutation,mutate_reverse_short_segment,N24_A02_odd_even_interlaced,reverse_short_segment,1,"[0,2,4,6,8,10,12,22,20,18,16,14,1,3,5,7,9,11,13,15,17,19,21,23]","0,2,4,6,8,10,12,22,20,18,16,14,1,3,5,7,9,11,13,15,17,19,21,23",f52328be9b886aa6,False,core_unseen_intermediate_N_target,,0.8347378384911193,0.882965513752606,0.8931757857674215,0.8623645457608667,0.3877933171933183,0.8347378384911193,0.10394682141434419,2,0.9992088607594937,False,N24_A02_odd_even_interlaced,0.036231884057971016,0.036231884057971016,surrogate_top,1,
24,RUN12_N24_C03428,N24_RUN12_N24_C03428_mutate_reverse_short_segment,mutation,surrogate_mutation,mutate_reverse_short_segment,N24_A04_method_c_u2_first_engineering,reverse_short_segment,1,"[0,2,4,6,8,10,12,14,16,18,20,22,11,9,7,5,3,1,13,15,17,23,21,19]","0,2,4,6,8,10,12,14,16,18,20,22,11,9,7,5,3,1,13,15,17,23,21,19",85ba9118903cc6ba,False,core_unseen_intermediate_N_target,,0.82620638507642,0.879274612392062,0.8774189830463329,0.8583325162824086,0.40541171222158046,0.82620638507642,0.11953695102806776,3,0.9984177215189873,False,N24_A04_method_c_u2_first_engineering,0.010869565217391304,0.010869565217391304,surrogate_top,2,
24,RUN12_N24_C03479,N24_RUN12_N24_C03479_mutate_perturb_first_quarter,mutation,surrogate_mutation,mutate_perturb_first_quarter,N24_A04_method_c_u2_first_engineering,perturb_first_quarter,2,"[0,4,8,2,6,10,12,14,16,18,20,22,11,9,7,5,3,1,13,15,17,19,21,23]","0,4,8,2,6,10,12,14,16,18,20,22,11,9,7,5,3,1,13,15,17,19,21,23",e8ecb4b55f4470e7,False,core_unseen_intermediate_N_target,,0.8222931238041691,0.8674169687969896,0.8755153183546499,0.8361771766345879,0.4211310740125003,0.8222931238041692,0.12347004929761034,4,0.997626582278481,False,N24_A04_method_c_u2_first_engineering,0.010869565217391304,0.010869565217391304,surrogate_top,3,
24,RUN12_N24_C03487,N24_RUN12_N24_C03487_mutate_perturb_first_quarter,mutation,surrogate_mutation,mutate_perturb_first_quarter,N24_A04_method_c_u2_first_engineering,perturb_first_quarter,3,"[0,6,10,8,4,2,12,14,16,18,20,22,11,9,7,5,3,1,13,15,17,19,21,23]","0,6,10,8,4,2,12,14,16,18,20,22,11,9,7,5,3,1,13,15,17,19,21,23",0e78a7738b4ef1d7,False,core_unseen_intermediate_N_target,,0.8222931238041691,0.8674169687969896,0.8755153183546499,0.8369708274282388,0.4211310740125003,0.8222931238041692,0.12347004929761034,5,0.9968354430379747,False,N24_A04_method_c_u2_first_engineering,0.028985507246376812,0.028985507246376812,surrogate_top,4,
24,RUN12_N24_C03489,N24_RUN12_N24_C03489_mutate_perturb_first_quarter,mutation,surrogate_mutation,mutate_perturb_first_quarter,N24_A04_method_c_u2_first_engineering,perturb_first_quarter,1,"[0,6,8,4,2,10,12,14,16,18,20,22,11,9,7,5,3,1,13,15,17,19,21,23]","0,6,8,4,2,10,12,14,16,18,20,22,11,9,7,5,3,1,13,15,17,19,21,23",9b1626b9b8c1ba37,False,core_unseen_intermediate_N_target,,0.8222931238041691,0.8674169687969896,0.8755153183546499,0.8493810907760019,0.4211310740125003,0.8222931238041692,0.12347004929761034,6,0.9960443037974683,False,N24_A04_method_c_u2_first_engineering,0.018115942028985508,0.018115942028985508,surrogate_top,5,
24,RUN12_N24_C03496,N24_RUN12_N24_C03496_mutate_perturb_first_quarter,mutation,surrogate_mutation,mutate_perturb_first_quarter,N24_A04_method_c_u2_first_engineering,perturb_first_quarter,2,"[0,4,8,10,6,2,12,14,16,18,20,22,11,9,7,5,3,1,13,15,17,19,21,23]","0,4,8,10,6,2,12,14,16,18,20,22,11,9,7,5,3,1,13,15,17,19,21,23",3c5aa3d3eeaa5a24,False,core_unseen_intermediate_N_target,,0.8222931238041691,0.8674169687969896,0.8755153183546499,0.8369708274282388,0.4211310740125003,0.8222931238041692,0.12347004929761034,7,0.995253164556962,False,N24_A04_method_c_u2_first_engineering,0.021739130434782608,0.021739130434782608,surrogate_top,6,
24,RUN12_N24_C03523,N24_RUN12_N24_C03523_mutate_parity_preserving_swap,mutation,surrogate_mutation,mutate_parity_preserving_swap,N24_A04_method_c_u2_first_engineering,parity_preserving_swap,1,"[0,2,4,6,8,10,12,22,16,18,20,14,11,9,7,5,3,1,13,15,17,19,21,23]","0,2,4,6,8,10,12,22,16,18,20,14,11,9,7,5,3,1,13,15,17,19,21,23",509d840b265cf619,False,core_unseen_intermediate_N_target,,0.8222931238041691,0.8692175640350848,0.8756428693750581,0.8502739479188591,0.4191469470283733,0.8222931238041692,0.12347004929761034,8,0.9944620253164557,False,N24_A04_method_c_u2_first_engineering,0.025362318840579712,0.025362318840579712,surrogate_top,7,
24,RUN12_N24_C03528,N24_RUN12_N24_C03528_mutate_parity_preserving_swap,mutation,surrogate_mutation,mutate_parity_preserving_swap,N24_A04_method_c_u2_first_engineering,parity_preserving_swap,1,"[0,2,8,6,4,10,12,14,16,18,20,22,11,9,7,5,3,1,13,15,17,19,21,23]","0,2,8,6,4,10,12,14,16,18,20,22,11,9,7,5,3,1,13,15,17,19,21,23",0fe18ccdef6bb5bb,False,core_unseen_intermediate_N_target,,0.8222931238041691,0.871315778320799,0.873892357342288,0.8560802487087126,0.4093925398585934,0.8222931238041692,0.12347004929761034,9,0.9936708860759493,False,N24_A04_method_c_u2_first_engineering,0.010869565217391304,0.010869565217391304,surrogate_top,8,
24,RUN12_N24_C03393,N24_RUN12_N24_C03393_mutate_swap_two_positions,mutation,surrogate_mutation,mutate_swap_two_positions,N24_A04_method_c_u2_first_engineering,swap_two_positions,1,"[0,2,4,6,8,10,12,14,16,18,20,22,11,9,3,5,7,1,13,15,17,19,21,23]","0,2,4,6,8,10,12,14,16,18,20,22,11,9,3,5,7,1,13,15,17,19,21,23",0ea203722243266f,False,core_unseen_intermediate_N_target,,0.8214756634867089,0.871315778320799,0.8733963255962561,0.8560802487087126,0.4093925398585934,0.8214756634867089,0.12340842097349422,10,0.992879746835443,False,N24_A04_method_c_u2_first_engineering,0.010869565217391304,0.010869565217391304,surrogate_top,9,
24,RUN12_N24_C03430,N24_RUN12_N24_C03430_mutate_reverse_short_segment,mutation,surrogate_mutation,mutate_reverse_short_segment,N24_A04_method_c_u2_first_engineering,reverse_short_segment,1,"[0,2,4,6,8,10,12,14,16,18,20,22,11,7,9,5,3,1,13,15,17,19,21,23]","0,2,4,6,8,10,12,14,16,18,20,22,11,7,9,5,3,1,13,15,17,19,21,23",56a56fb3a11d8329,False,core_unseen_intermediate_N_target,,0.8214756634867089,0.8735380005430212,0.8745868017867323,0.8560802487087126,0.4093925398585934,0.8214756634867089,0.12340842097349422,11,0.9920886075949367,False,N24_A04_method_c_u2_first_engineering,0.0036231884057971015,0.0036231884057971015,surrogate_top,10,
24,RUN12_N24_C03898,N24_RUN12_N24_C03898_mutate_parity_preserving_swap,mutation,surrogate_mutation,mutate_parity_preserving_swap,N24_A02_odd_even_interlaced,parity_preserving_swap,1,"[0,2,4,6,8,10,12,14,16,22,20,18,1,3,5,7,9,11,13,15,17,19,21,23]","0,2,4,6,8,10,12,14,16,22,20,18,1,3,5,7,9,11,13,15,17,19,21,23",38cbf4e6c5d1426d,False,core_unseen_intermediate_N_target,,0.818670774999056,0.8718077756573679,0.8907948333864691,0.8588923235386446,0.35835408275912317,0.818670774999056,0.09424231326360143,16,0.9881329113924051,False,N24_A02_odd_even_interlaced,0.010869565217391304,0.010869565217391304,U2_primary_top,11,
24,RUN12_N24_C03757,N24_RUN12_N24_C03757_mutate_swap_two_positions,mutation,surrogate_mutation,mutate_swap_two_positions,N24_A02_odd_even_interlaced,swap_two_positions,1,"[0,2,4,6,8,10,12,14,16,18,22,20,1,3,5,7,9,11,13,15,17,19,21,23]","0,2,4,6,8,10,12,14,16,18,22,20,1,3,5,7,9,11,13,15,17,19,21,23",ea48dd957d06b9d8,False,core_unseen_intermediate_N_target,,0.8183580095640081,0.8653497907075351,0.8957461082804846,0.8455618246724314,0.35835408275912317,0.8183580095640081,0.08687654615856218,17,0.9873417721518988,False,N24_A02_odd_even_interlaced,0.0036231884057971015,0.0036231884057971015,U2_primary_top,12,
24,RUN12_N24_C03772,N24_RUN12_N24_C03772_mutate_reverse_short_segment,mutation,surrogate_mutation,mutate_reverse_short_segment,N24_A02_odd_even_interlaced,reverse_short_segment,1,"[0,2,4,6,8,10,12,14,16,18,20,22,3,1,5,7,9,11,13,15,17,19,21,23]","0,2,4,6,8,10,12,14,16,18,20,22,3,1,5,7,9,11,13,15,17,19,21,23",928daa468ad8897d,False,core_unseen_intermediate_N_target,,0.8183580095640081,0.8653497907075351,0.8957461082804846,0.8455618246724314,0.35835408275912317,0.8183580095640081,0.08687654615856218,18,0.9865506329113924,False,N24_A02_odd_even_interlaced,0.0036231884057971015,0.0036231884057971015,U2_primary_top,13,
24,RUN12_N24_C03893,N24_RUN12_N24_C03893_mutate_parity_preserving_swap,mutation,surrogate_mutation,mutate_parity_preserving_swap,N24_A02_odd_even_interlaced,parity_preserving_swap,1,"[0,2,6,4,8,10,12,14,16,18,20,22,1,3,5,7,9,11,13,15,17,19,21,23]","0,2,6,4,8,10,12,14,16,18,20,22,1,3,5,7,9,11,13,15,17,19,21,23",eaa82007fc4a240d,False,core_unseen_intermediate_N_target,,0.8102759224280784,0.8565467106045264,0.8859942841637412,0.8456808722914791,0.3693624255539316,0.8102759224280784,0.09877234376352485,29,0.9778481012658228,False,N24_A02_odd_even_interlaced,0.0036231884057971015,0.0036231884057971015,U2_primary_top,14,
24,RUN12_N24_C03899,N24_RUN12_N24_C03899_mutate_parity_preserving_swap,mutation,surrogate_mutation,mutate_parity_preserving_swap,N24_A02_odd_even_interlaced,parity_preserving_swap,1,"[0,2,4,6,8,10,12,14,16,20,18,22,1,3,5,7,9,11,13,15,17,19,21,23]","0,2,4,6,8,10,12,14,16,20,18,22,1,3,5,7,9,11,13,15,17,19,21,23",4eb5d120691e4dbe,False,core_unseen_intermediate_N_target,,0.8102759224280784,0.8565467106045264,0.8859942841637412,0.8456808722914791,0.3693624255539316,0.8102759224280784,0.09877234376352485,30,0.9770569620253164,False,N24_A02_odd_even_interlaced,0.0036231884057971015,0.0036231884057971015,U2_primary_top,15,
24,RUN12_N24_C03804,N24_RUN12_N24_C03804_mutate_rotate_sequence,mutation,surrogate_mutation,mutate_rotate_sequence,N24_A02_odd_even_interlaced,rotate_sequence,2,"[3,5,7,9,11,13,15,17,19,21,23,0,2,4,6,8,10,12,14,16,18,20,22,1]","3,5,7,9,11,13,15,17,19,21,23,0,2,4,6,8,10,12,14,16,18,20,22,1",86481d26a31f8c7e,False,core_unseen_intermediate_N_target,,0.719315156280346,0.7639323749484741,0.7411643626927934,0.8148238125135449,0.6957568027210882,0.7193151562803458,0.1942215495915949,169,0.8670886075949367,True,N24_A01_raster_left_to_right,0.358695652173913,0.358695652173913,diversity_top,16,
24,RUN12_N24_C03441,N24_RUN12_N24_C03441_mutate_rotate_sequence,mutation,surrogate_mutation,mutate_rotate_sequence,N24_A04_method_c_u2_first_engineering,rotate_sequence,1,"[3,1,13,15,17,19,21,23,0,2,4,6,8,10,12,14,16,18,20,22,11,9,7,5]","3,1,13,15,17,19,21,23,0,2,4,6,8,10,12,14,16,18,20,22,11,9,7,5",4519dd33beccb789,False,core_unseen_intermediate_N_target,,0.714075685357568,0.7612212687317935,0.7302651031526051,0.8169666696564022,0.6183575799001418,0.7140756853575679,0.19689156023141516,171,0.865506329113924,True,N24_A08_block_interleaved_quarters,0.4166666666666667,0.4166666666666667,diversity_top,17,
24,RUN12_N24_C03462,N24_RUN12_N24_C03462_mutate_swap_early_late_blocks,mutation,surrogate_mutation,mutate_swap_early_late_blocks,N24_A04_method_c_u2_first_engineering,swap_early_late_blocks,3,"[0,12,14,11,9,1,13,15,16,18,20,22,8,10,2,4,6,3,7,5,17,19,21,23]","0,12,14,11,9,1,13,15,16,18,20,22,8,10,2,4,6,3,7,5,17,19,21,23",5fe2e50fd68eac43,False,core_unseen_intermediate_N_target,,0.6735344872745899,0.6947152409328097,0.7121672687943851,0.6973389833070939,0.4455941572071255,0.6735344872745899,0.15043647010243416,196,0.8457278481012658,True,N24_A14_graph_pointer_policy_u2first_proxy,0.2572463768115942,0.2572463768115942,diversity_top,18,
24,RUN12_N24_C03808,N24_RUN12_N24_C03808_mutate_swap_early_late_blocks,mutation,surrogate_mutation,mutate_swap_early_late_blocks,N24_A02_odd_even_interlaced,swap_early_late_blocks,1,"[0,2,4,6,8,10,12,17,19,21,23,22,1,3,5,7,9,11,13,15,14,16,18,20]","0,2,4,6,8,10,12,17,19,21,23,22,1,3,5,7,9,11,13,15,14,16,18,20",32723588bfab88f1,False,core_unseen_intermediate_N_target,,0.6550860006424574,0.6847597687928733,0.6674174864424746,0.7357886802373705,0.3783425345031265,0.6550860006424574,0.15222675537020533,202,0.8409810126582279,True,N24_A01_raster_left_to_right,0.2898550724637681,0.2898550724637681,diversity_top,19,
24,RUN12_N24_C03809,N24_RUN12_N24_C03809_mutate_swap_early_late_blocks,mutation,surrogate_mutation,mutate_swap_early_late_blocks,N24_A02_odd_even_interlaced,swap_early_late_blocks,1,"[0,17,19,21,23,10,12,14,16,18,20,22,1,3,5,7,9,11,13,15,2,4,6,8]","0,17,19,21,23,10,12,14,16,18,20,22,1,3,5,7,9,11,13,15,2,4,6,8",be8159b6e3a850be,False,core_unseen_intermediate_N_target,,0.6353106804643901,0.6627065781101703,0.649263952996375,0.7713871212979074,0.418064947205432,0.6353106804643903,0.1372725529731132,206,0.8378164556962026,False,N24_A06_edge_in_alternating,0.427536231884058,0.427536231884058,diversity_top,20,
24,RUN12_N24_C03389,N24_RUN12_N24_C03389_method_c_mutated_topology_like,method_c_inspired,method_c_inspired,method_c_mutated_topology_like,,,,"[0,23,11,17,5,8,14,20,2,1,3,4,6,7,9,12,10,13,15,16,18,19,21,22]","0,23,11,17,5,8,14,20,2,1,3,4,6,7,9,12,10,13,15,16,18,19,21,22",cd519fa4db1b9112,False,core_unseen_intermediate_N_target,,0.5489598384131847,0.5444637239245684,0.5342802036984075,0.5417584323320271,0.41232501050948867,0.5489598384131847,0.10997570694666914,560,0.557753164556962,False,N24_A03_greedy_maximin_distance,0.0036231884057971015,0.0036231884057971015,method_c_inspired,21,
24,RUN12_N24_C03387,N24_RUN12_N24_C03387_method_c_regular_jump_seed_like,method_c_inspired,method_c_inspired,method_c_regular_jump_seed_like,,,,"[0,11,23,17,22,9,5,8,20,7,14,2,18,16,1,3,12,10,4,6,21,19,13,15]","0,11,23,17,22,9,5,8,20,7,14,2,18,16,1,3,12,10,4,6,21,19,13,15",c7a488b1e3d353a1,False,core_unseen_intermediate_N_target,,0.5239581537507676,0.5129693716710472,0.49156821922076566,0.6212954340789426,0.4207116925787726,0.5239581537507676,0.10791963902765697,921,0.2721518987341772,False,N24_A07_regular_jump_coprime,0.2210144927536232,0.2210144927536232,method_c_inspired,22,
24,RUN12_N24_C03384,N24_RUN12_N24_C03384_method_c_peeq_aware_like,method_c_inspired,method_c_inspired,method_c_peeq_aware_like,,,,"[0,23,2,4,11,17,6,8,5,14,10,12,20,1,16,18,3,7,22,9,13,15,19,21]","0,23,2,4,11,17,6,8,5,14,10,12,20,1,16,18,3,7,22,9,13,15,19,21",67bcec240d34110a,False,core_unseen_intermediate_N_target,,0.5174497414039777,0.5155321524205033,0.5161906009510666,0.586906435423925,0.42225306923044337,0.5174497414039777,0.12763665645609984,965,0.23734177215189878,False,N24_A10_graph_pointer_policy_zero_shot_or_proxy_best,0.018115942028985508,0.018115942028985508,method_c_inspired,23,
24,RUN12_N24_C03386,N24_RUN12_N24_C03386_method_c_diversity_preserved_like,method_c_inspired,method_c_inspired,method_c_diversity_preserved_like,,,,"[0,23,11,17,1,22,2,21,5,8,14,20,3,4,19,18,6,7,9,10,16,15,13,12]","0,23,11,17,1,22,2,21,5,8,14,20,3,4,19,18,6,7,9,10,16,15,13,12",90a118fe7d964c19,False,core_unseen_intermediate_N_target,,0.506838055328124,0.5015767891362136,0.5159765173112311,0.41479527724977294,0.4124182479693718,0.5068380553281239,0.1308709331826899,988,0.2191455696202531,False,N24_A06_edge_in_alternating,0.21014492753623187,0.21014492753623187,method_c_inspired,24,
40,RUN12_N40_C06776,N40_RUN12_N40_C06776_mutate_reverse_short_segment,mutation,surrogate_mutation,mutate_reverse_short_segment,N40_A02_odd_even_interlaced,reverse_short_segment,2,"[0,2,4,6,8,10,12,14,16,18,20,22,24,26,28,38,36,34,32,30,9,7,5,3,1,11,13,15,17,19,21,23,25,27,29,31,33,35,37,39]","0,2,4,6,8,10,12,14,16,18,20,22,24,26,28,38,36,34,32,30,9,7,5,3,1,11,13,15,17,19,21,23,25,27,29,31,33,35,37,39",bb2b5c78d79354aa,False,core_large_N_target,,0.8395447829355638,0.8838405137526061,0.8933741984658341,0.8703662464411389,0.4020487210594102,0.8395447829355638,0.10432136796679892,2,0.9992088607594937,False,N40_A02_odd_even_interlaced,0.02564102564102564,0.02564102564102564,surrogate_top,1,
40,RUN12_N40_C06588,N40_RUN12_N40_C06588_mutate_reverse_short_segment,mutation,surrogate_mutation,mutate_reverse_short_segment,N40_A04_method_c_u2_first_engineering,reverse_short_segment,1,"[0,2,10,8,6,4,12,14,16,18,20,22,24,26,28,30,32,34,36,38,19,17,15,13,11,9,7,5,3,1,21,23,25,27,29,31,33,35,37,39]","0,2,10,8,6,4,12,14,16,18,20,22,24,26,28,30,32,34,36,38,19,17,15,13,11,9,7,5,3,1,21,23,25,27,29,31,33,35,37,39",6a6614d60f60eda1,False,core_large_N_target,,0.838407207071885,0.8845161089907013,0.8835031667198022,0.8720527543776467,0.41184178607644084,0.8384072070718849,0.11608152927012619,3,0.9984177215189873,False,N40_A04_method_c_u2_first_engineering,0.007692307692307693,0.007692307692307693,surrogate_top,2,
40,RUN12_N40_C06597,N40_RUN12_N40_C06597_mutate_reverse_short_segment,mutation,surrogate_mutation,mutate_reverse_short_segment,N40_A04_method_c_u2_first_engineering,reverse_short_segment,1,"[0,2,4,6,8,10,12,14,16,18,20,22,24,26,28,30,32,34,36,38,19,17,15,13,11,9,7,5,3,1,21,23,35,33,31,29,27,25,37,39]","0,2,4,6,8,10,12,14,16,18,20,22,24,26,28,30,32,34,36,38,19,17,15,13,11,9,7,5,3,1,21,23,35,33,31,29,27,25,37,39",bae7306ba5472703,False,core_large_N_target,,0.838407207071885,0.8845161089907013,0.8813206270372628,0.8720527543776467,0.4138259130605678,0.8384072070718849,0.11608152927012619,4,0.997626582278481,False,N40_A04_method_c_u2_first_engineering,0.019230769230769232,0.019230769230769232,surrogate_top,3,
40,RUN12_N40_C06598,N40_RUN12_N40_C06598_mutate_reverse_short_segment,mutation,surrogate_mutation,mutate_reverse_short_segment,N40_A04_method_c_u2_first_engineering,reverse_short_segment,3,"[0,2,4,6,8,10,12,14,16,18,20,22,24,26,28,30,32,34,36,38,19,17,7,9,11,13,15,5,3,1,21,23,25,27,29,31,33,35,37,39]","0,2,4,6,8,10,12,14,16,18,20,22,24,26,28,30,32,34,36,38,19,17,7,9,11,13,15,5,3,1,21,23,25,27,29,31,33,35,37,39",019b5b56f8606713,False,core_large_N_target,,0.838407207071885,0.8845161089907013,0.8813206270372628,0.8720527543776467,0.41184178607644084,0.8384072070718849,0.11608152927012619,5,0.9968354430379747,False,N40_A04_method_c_u2_first_engineering,0.01282051282051282,0.01282051282051282,surrogate_top,4,
40,RUN12_N40_C06606,N40_RUN12_N40_C06606_mutate_reverse_short_segment,mutation,surrogate_mutation,mutate_reverse_short_segment,N40_A04_method_c_u2_first_engineering,reverse_short_segment,1,"[0,2,4,6,8,10,12,14,16,18,30,28,26,24,22,20,32,34,36,38,19,17,15,13,11,9,7,5,3,1,21,23,25,27,29,31,33,35,37,39]","0,2,4,6,8,10,12,14,16,18,30,28,26,24,22,20,32,34,36,38,19,17,15,13,11,9,7,5,3,1,21,23,25,27,29,31,33,35,37,39",b4c290b0a94462af,False,core_large_N_target,,0.838407207071885,0.8845161089907013,0.8813206270372628,0.8720527543776467,0.4138259130605678,0.8384072070718849,0.11608152927012619,6,0.9960443037974683,False,N40_A04_method_c_u2_first_engineering,0.019230769230769232,0.019230769230769232,surrogate_top,5,
40,RUN12_N40_C06761,N40_RUN12_N40_C06761_mutate_swap_two_positions,mutation,surrogate_mutation,mutate_swap_two_positions,N40_A02_odd_even_interlaced,swap_two_positions,1,"[0,2,4,6,8,10,12,14,16,18,38,22,24,26,28,30,32,34,36,20,1,3,5,7,9,11,13,15,17,19,21,23,25,27,29,31,33,35,37,39]","0,2,4,6,8,10,12,14,16,18,38,22,24,26,28,30,32,34,36,20,1,3,5,7,9,11,13,15,17,19,21,23,25,27,29,31,33,35,37,39",afdb406246cf2562,False,core_large_N_target,,0.838407207071885,0.8845161089907013,0.8813206270372628,0.8713384686633611,0.4138259130605678,0.8384072070718849,0.11608152927012619,7,0.995253164556962,False,N40_A02_odd_even_interlaced,0.021794871794871794,0.021794871794871794,surrogate_top,6,
40,RUN12_N40_C06559,N40_RUN12_N40_C06559_mutate_swap_two_positions,mutation,surrogate_mutation,mutate_swap_two_positions,N40_A04_method_c_u2_first_engineering,swap_two_positions,1,"[0,2,4,6,8,10,12,14,16,18,20,22,24,26,28,30,32,34,36,38,19,17,15,13,11,9,7,5,3,1,21,25,23,27,29,31,33,35,37,39]","0,2,4,6,8,10,12,14,16,18,20,22,24,26,28,30,32,34,36,38,19,17,15,13,11,9,7,5,3,1,21,25,23,27,29,31,33,35,37,39",d530ee3b371338ec,False,core_large_N_target,,0.8376066118337897,0.8845161089907013,0.8846936429102784,0.8720527543776467,0.41184178607644084,0.8376066118337897,0.11629051072075623,8,0.9944620253164557,False,N40_A04_method_c_u2_first_engineering,0.001282051282051282,0.001282051282051282,surrogate_top,7,
40,RUN12_N40_C06583,N40_RUN12_N40_C06583_mutate_reverse_short_segment,mutation,surrogate_mutation,mutate_reverse_short_segment,N40_A04_method_c_u2_first_engineering,reverse_short_segment,3,"[0,2,4,6,8,10,12,14,16,18,20,22,24,26,28,30,32,34,36,38,19,17,15,13,11,5,7,9,3,1,21,23,25,27,29,31,33,35,37,39]","0,2,4,6,8,10,12,14,16,18,20,22,24,26,28,30,32,34,36,38,19,17,15,13,11,5,7,9,3,1,21,23,25,27,29,31,33,35,37,39",e7707170ca8e7f38,False,core_large_N_target,,0.8376066118337897,0.8845161089907013,0.8835031667198022,0.8720527543776467,0.41184178607644084,0.8376066118337897,0.11629051072075623,9,0.9936708860759493,False,N40_A04_method_c_u2_first_engineering,0.0038461538461538464,0.0038461538461538464,surrogate_top,8,
40,RUN12_N40_C06592,N40_RUN12_N40_C06592_mutate_reverse_short_segment,mutation,surrogate_mutation,mutate_reverse_short_segment,N40_A04_method_c_u2_first_engineering,reverse_short_segment,1,"[0,2,4,6,8,10,12,14,18,16,20,22,24,26,28,30,32,34,36,38,19,17,15,13,11,9,7,5,3,1,21,23,25,27,29,31,33,35,37,39]","0,2,4,6,8,10,12,14,18,16,20,22,24,26,28,30,32,34,36,38,19,17,15,13,11,9,7,5,3,1,21,23,25,27,29,31,33,35,37,39",cacefa9a3f67fec7,False,core_large_N_target,,0.8376066118337897,0.8845161089907013,0.8846936429102784,0.8720527543776467,0.41184178607644084,0.8376066118337897,0.11629051072075623,10,0.992879746835443,False,N40_A04_method_c_u2_first_engineering,0.001282051282051282,0.001282051282051282,surrogate_top,9,
40,RUN12_N40_C06594,N40_RUN12_N40_C06594_mutate_reverse_short_segment,mutation,surrogate_mutation,mutate_reverse_short_segment,N40_A04_method_c_u2_first_engineering,reverse_short_segment,1,"[0,2,4,6,8,10,12,14,16,18,20,22,24,26,28,32,30,34,36,38,19,17,15,13,11,9,7,5,3,1,21,23,25,27,29,31,33,35,37,39]","0,2,4,6,8,10,12,14,16,18,20,22,24,26,28,32,30,34,36,38,19,17,15,13,11,9,7,5,3,1,21,23,25,27,29,31,33,35,37,39",b18760c6d6729b71,False,core_large_N_target,,0.8376066118337897,0.8845161089907013,0.8846936429102784,0.8720527543776467,0.41184178607644084,0.8376066118337897,0.11629051072075623,11,0.9920886075949367,False,N40_A04_method_c_u2_first_engineering,0.001282051282051282,0.001282051282051282,surrogate_top,10,
40,RUN12_N40_C06752,N40_RUN12_N40_C06752_mutate_swap_two_positions,mutation,surrogate_mutation,mutate_swap_two_positions,N40_A02_odd_even_interlaced,swap_two_positions,1,"[0,2,4,6,8,10,12,14,16,18,20,22,24,26,28,30,32,34,36,38,1,3,5,7,9,11,13,15,17,19,21,23,25,27,29,31,33,37,35,39]","0,2,4,6,8,10,12,14,16,18,20,22,24,26,28,30,32,34,36,38,1,3,5,7,9,11,13,15,17,19,21,23,25,27,29,31,33,37,35,39",6062dd1d42f24e0c,False,core_large_N_target,,0.8249438230560714,0.8636692351519797,0.8964058305027068,0.8501253167359235,0.37607069228559986,0.8249438230560714,0.08819059251713178,36,0.9723101265822784,False,N40_A02_odd_even_interlaced,0.001282051282051282,0.001282051282051282,U2_primary_top,11,
40,RUN12_N40_C06760,N40_RUN12_N40_C06760_mutate_swap_two_positions,mutation,surrogate_mutation,mutate_swap_two_positions,N40_A02_odd_even_interlaced,swap_two_positions,1,"[0,2,4,6,8,10,16,14,12,18,20,22,24,26,28,30,32,34,36,38,1,3,5,7,9,11,13,15,17,19,21,23,25,27,29,31,33,35,37,39]","0,2,4,6,8,10,16,14,12,18,20,22,24,26,28,30,32,34,36,38,1,3,5,7,9,11,13,15,17,19,21,23,25,27,29,31,33,35,37,39",8cb38445118defd0,False,core_large_N_target,,0.8249438230560714,0.8636692351519797,0.8952153543122306,0.8501253167359235,0.37607069228559986,0.8249438230560714,0.08819059251713178,37,0.9715189873417721,False,N40_A02_odd_even_interlaced,0.0038461538461538464,0.0038461538461538464,U2_primary_top,12,
40,RUN12_N40_C06770,N40_RUN12_N40_C06770_mutate_reverse_short_segment,mutation,surrogate_mutation,mutate_reverse_short_segment,N40_A02_odd_even_interlaced,reverse_short_segment,1,"[0,2,4,8,6,10,12,14,16,18,20,22,24,26,28,30,32,34,36,38,1,3,5,7,9,11,13,15,17,19,21,23,25,27,29,31,33,35,37,39]","0,2,4,8,6,10,12,14,16,18,20,22,24,26,28,30,32,34,36,38,1,3,5,7,9,11,13,15,17,19,21,23,25,27,29,31,33,35,37,39",c8b48e6b76ff43ae,False,core_large_N_target,,0.8249438230560714,0.8636692351519797,0.8964058305027068,0.8501253167359235,0.37607069228559986,0.8249438230560714,0.08819059251713178,39,0.9699367088607594,False,N40_A02_odd_even_interlaced,0.001282051282051282,0.001282051282051282,U2_primary_top,13,
40,RUN12_N40_C06788,N40_RUN12_N40_C06788_mutate_reverse_short_segment,mutation,surrogate_mutation,mutate_reverse_short_segment,N40_A02_odd_even_interlaced,reverse_short_segment,1,"[0,2,4,6,8,10,12,14,16,18,20,22,24,26,28,30,32,34,36,38,1,3,5,7,9,11,13,15,17,19,21,25,23,27,29,31,33,35,37,39]","0,2,4,6,8,10,12,14,16,18,20,22,24,26,28,30,32,34,36,38,1,3,5,7,9,11,13,15,17,19,21,25,23,27,29,31,33,35,37,39",889f993f8cb94699,False,core_large_N_target,,0.8249438230560714,0.8636692351519797,0.8964058305027068,0.8501253167359235,0.37607069228559986,0.8249438230560714,0.08819059251713178,41,0.9683544303797469,False,N40_A02_odd_even_interlaced,0.001282051282051282,0.001282051282051282,U2_primary_top,14,
40,RUN12_N40_C06884,N40_RUN12_N40_C06884_mutate_parity_preserving_swap,mutation,surrogate_mutation,mutate_parity_preserving_swap,N40_A02_odd_even_interlaced,parity_preserving_swap,1,"[0,2,4,6,8,10,12,14,16,18,20,22,24,26,28,30,32,34,36,38,1,3,5,7,9,11,13,15,17,19,21,23,25,27,29,31,33,39,37,35]","0,2,4,6,8,10,12,14,16,18,20,22,24,26,28,30,32,34,36,38,1,3,5,7,9,11,13,15,17,19,21,23,25,27,29,31,33,39,37,35",78166aaca6f5527d,False,core_large_N_target,,0.8249438230560714,0.8636692351519797,0.8967034495503259,0.8442919834025903,0.37363947175994994,0.8249438230560714,0.08819059251713178,42,0.9675632911392406,False,N40_A02_odd_even_interlaced,0.0038461538461538464,0.0038461538461538464,U2_primary_top,15,
40,RUN12_N40_C06615,N40_RUN12_N40_C06615_mutate_rotate_sequence,mutation,surrogate_mutation,mutate_rotate_sequence,N40_A04_method_c_u2_first_engineering,rotate_sequence,3,"[1,21,23,25,27,29,31,33,35,37,39,0,2,4,6,8,10,12,14,16,18,20,22,24,26,28,30,32,34,36,38,19,17,15,13,11,9,7,5,3]","1,21,23,25,27,29,31,33,35,37,39,0,2,4,6,8,10,12,14,16,18,20,22,24,26,28,30,32,34,36,38,19,17,15,13,11,9,7,5,3",c633a4543b21db90,False,core_large_N_target,,0.7894239870934516,0.8356264037473871,0.8663972909358968,0.8325236302279871,0.783918231658303,0.7894239870934516,0.11669547856068888,153,0.879746835443038,False,N40_A04_method_c_u2_first_engineering,0.40897435897435896,0.40897435897435896,diversity_top,16,
40,RUN12_N40_C06617,N40_RUN12_N40_C06617_mutate_rotate_sequence,mutation,surrogate_mutation,mutate_rotate_sequence,N40_A04_method_c_u2_first_engineering,rotate_sequence,2,"[3,1,21,23,25,27,29,31,33,35,37,39,0,2,4,6,8,10,12,14,16,18,20,22,24,26,28,30,32,34,36,38,19,17,15,13,11,9,7,5]","3,1,21,23,25,27,29,31,33,35,37,39,0,2,4,6,8,10,12,14,16,18,20,22,24,26,28,30,32,34,36,38,19,17,15,13,11,9,7,5",76266442897b1145,False,core_large_N_target,,0.7523536167230812,0.7971753882157268,0.8081763914649972,0.8325236302279871,0.6799429246054465,0.7523536167230812,0.1752802070210917,197,0.8449367088607596,True,N40_A08_block_interleaved_quarters,0.40897435897435896,0.40897435897435896,diversity_top,17,
40,RUN12_N40_C06632,N40_RUN12_N40_C06632_mutate_swap_early_late_blocks,mutation,surrogate_mutation,mutate_swap_early_late_blocks,N40_A04_method_c_u2_first_engineering,swap_early_late_blocks,1,"[0,19,17,15,13,11,9,7,5,18,20,22,24,26,28,30,32,34,36,38,2,4,6,8,10,12,14,16,3,1,21,23,25,27,29,31,33,35,37,39]","0,19,17,15,13,11,9,7,5,18,20,22,24,26,28,30,32,34,36,38,2,4,6,8,10,12,14,16,3,1,21,23,25,27,29,31,33,35,37,39",e9241f88fd5aa55c,False,core_large_N_target,,0.7299805326600168,0.7718258633360601,0.7693959166520695,0.8309987777656348,0.4046388388154319,0.729980532660017,0.14405556517504847,203,0.8401898734177216,False,N40_A04_method_c_u2_first_engineering,0.3076923076923077,0.3076923076923077,diversity_top,18,
40,RUN12_N40_C06620,N40_RUN12_N40_C06620_mutate_rotate_sequence,mutation,surrogate_mutation,mutate_rotate_sequence,N40_A04_method_c_u2_first_engineering,rotate_sequence,2,"[5,3,1,21,23,25,27,29,31,33,35,37,39,0,2,4,6,8,10,12,14,16,18,20,22,24,26,28,30,32,34,36,38,19,17,15,13,11,9,7]","5,3,1,21,23,25,27,29,31,33,35,37,39,0,2,4,6,8,10,12,14,16,18,20,22,24,26,28,30,32,34,36,38,19,17,15,13,11,9,7",63f00f86a3b09365,False,core_large_N_target,,0.7289055810087957,0.7623784305437693,0.7537183197747824,0.8162523839421163,0.6149157219622213,0.7289055810087957,0.20148143603494953,207,0.8370253164556962,True,N40_A08_block_interleaved_quarters,0.41025641025641024,0.41025641025641024,diversity_top,19,
40,RUN12_N40_C06829,N40_RUN12_N40_C06829_mutate_swap_early_late_blocks,mutation,surrogate_mutation,mutate_swap_early_late_blocks,N40_A02_odd_even_interlaced,swap_early_late_blocks,2,"[0,2,4,6,30,32,34,36,38,27,29,31,11,13,15,17,19,21,23,25,1,3,5,7,9,24,26,28,8,10,12,14,16,18,20,22,33,35,37,39]","0,2,4,6,30,32,34,36,38,27,29,31,11,13,15,17,19,21,23,25,1,3,5,7,9,24,26,28,8,10,12,14,16,18,20,22,33,35,37,39",807cd7bfab9fca1b,False,core_large_N_target,,0.7198545616737897,0.7594357019639456,0.7517507638895763,0.8196762154073578,0.4272853256300004,0.7198545616737897,0.15638147403295255,211,0.8338607594936709,True,N40_A06_edge_in_alternating,0.3974358974358974,0.3974358974358974,diversity_top,20,
40,RUN12_N40_C06558,N40_RUN12_N40_C06558_method_c_mutated_topology_like,method_c_inspired,method_c_inspired,method_c_mutated_topology_like,,,,"[0,39,19,29,9,14,24,34,4,2,6,26,21,16,11,31,36,1,3,5,7,8,10,12,13,15,17,18,20,22,23,25,27,28,30,32,33,35,37,38]","0,39,19,29,9,14,24,34,4,2,6,26,21,16,11,31,36,1,3,5,7,8,10,12,13,15,17,18,20,22,23,25,27,28,30,32,33,35,37,38",dbc1fd6afa741696,False,core_large_N_target,,0.5629030228423816,0.5517559243104792,0.5354281628820808,0.5898680905115383,0.4208885959815563,0.5629030228423818,0.12999538322163598,643,0.49208860759493667,False,N40_A03_greedy_maximin_distance,0.007692307692307693,0.007692307692307693,method_c_inspired,21,
40,RUN12_N40_C06553,N40_RUN12_N40_C06553_method_c_peeq_aware_like,method_c_inspired,method_c_inspired,method_c_peeq_aware_like,,,,"[0,39,2,4,19,29,6,8,9,14,10,12,24,34,16,18,11,21,20,22,26,31,28,30,36,1,32,38,3,5,7,13,15,17,23,25,27,33,35,37]","0,39,2,4,19,29,6,8,9,14,10,12,24,34,16,18,11,21,20,22,26,31,28,30,36,1,32,38,3,5,7,13,15,17,23,25,27,33,35,37",ec4fbb34a15bde2d,False,core_large_N_target,,0.5441049560224337,0.5341594711720781,0.5096655395376124,0.605728113553013,0.42475791317230205,0.5441049560224337,0.12294733464113809,739,0.4161392405063291,False,N40_A10_graph_pointer_policy_zero_shot_or_proxy_best,0.01282051282051282,0.01282051282051282,method_c_inspired,22,
40,RUN12_N40_C06557,N40_RUN12_N40_C06557_method_c_maximin_seed_like,method_c_inspired,method_c_inspired,method_c_maximin_seed_like,,,,"[0,19,39,20,29,18,9,21,14,17,24,22,34,16,4,23,2,15,6,25,11,13,26,12,31,27,36,28,1,10,3,30,5,8,7,32,33,35,37,38]","0,19,39,20,29,18,9,21,14,17,24,22,34,16,4,23,2,15,6,25,11,13,26,12,31,27,36,28,1,10,3,30,5,8,7,32,33,35,37,38",11f3748e11162c88,False,core_large_N_target,,0.5054468509521363,0.49558512062214277,0.4517538219706374,0.5214955421137797,0.4371906916217617,0.5054468509521363,0.11369756895496316,989,0.2183544303797469,False,N40_A15_graph_pointer_policy_balanced_dispersion_proxy,0.017948717948717947,0.017948717948717947,method_c_inspired,23,
40,RUN12_N40_C06555,N40_RUN12_N40_C06555_method_c_diversity_preserved_like,method_c_inspired,method_c_inspired,method_c_diversity_preserved_like,,,,"[0,39,19,29,1,38,2,37,9,14,24,34,3,36,4,35,6,11,16,21,5,33,7,32,26,31,8,10,30,28,12,27,13,15,17,18,25,23,22,20]","0,39,19,29,1,38,2,37,9,14,24,34,3,36,4,35,6,11,16,21,5,33,7,32,26,31,8,10,30,28,12,27,13,15,17,18,25,23,22,20",73b38199afa127b2,False,core_large_N_target,,0.49985964008371603,0.4942585736176046,0.5062274597602469,0.44039984530076953,0.30040939891686064,0.49985964008371603,0.1389857761583503,998,0.2112341772151899,False,N40_A06_edge_in_alternating,0.22179487179487178,0.22179487179487178,method_c_inspired,24,
