n,candidate_family,candidate_source,generation_method,seed_strategy,mutation_type,mutation_distance,order_hash,priority_role,first_track,last_track,center_track_index,first_track_norm,last_track_norm,mean_jump,median_jump,max_jump,min_jump,std_jump,total_jump,normalized_mean_jump,normalized_max_jump,adjacent_jump_count,long_jump_count,jump_entropy,running_center_distance_mean,early_center_bias,late_center_bias,edge_early_count,center_early_count,odd_even_transition_count,parity_switch_rate,monotonicity_fraction,direction_reversal_count,candidate_id,strategy_name,order_json,order_compact,is_existing_teacher_order,duplicate_of_run12,nearest_existing_teacher_strategy,novelty_distance_to_combined80,pred_reward_combined80_u2_primary,pred_u2_score_combined80_rank,pred_peeq_score_combined80_rank,pred_surfaceT_score_combined80_rank,pred_mises_score_combined80_rank,pred_tree_mean,pred_uncertainty_std,pred_rank_within_n,pred_percentile_within_n,normalized_pred_reward_within_n,normalized_novelty_within_n,normalized_uncertainty_within_n,exploitation_score,exploration_score,combined_selection_score,selection_bucket,selection_reason,shortlist_rank_within_n,shortlist_name,batch28_rank_within_n
12,known_best_mutation,combined80_known_best_mutation,swap_two_positions_104,S3B20_N12_B02_diversity_top,swap_two_positions,0.16666666666666666,40ed8616dac9d0fe,exploitation,1,10,5.5,0.09090909090909091,0.9090909090909091,2.8181818181818183,2,10,1,2.3671302847802793,31,0.25619834710743805,0.9090909090909091,1,1,1.2776134368191157,0.5454545454545455,0.8181818181818182,0.4545454545454546,3,0,1,0.09090909090909091,0.8,2,R18_N12_C00205,N12_R18_N12_C00205_known_best_mutation,"[1,11,9,7,5,3,2,0,4,6,8,10]",1-11-9-7-5-3-2-0-4-6-8-10,False,False,S3B20_N12_B02_diversity_top,0.015151515151515152,0.7767946480121407,0.9011463430301353,0.756818428831571,0.38180985998193917,0.3075288191418168,0.7767946480121402,0.052160194705747266,1,1.0,1.0,0.030303030303030304,0.08969307870294234,1.0,0.575514373316346,0.7179994163508958,surrogate_top,batch28 balanced bucket selection.,1,R18_N12_S01_surrogate_top,1
12,known_best_mutation,combined80_known_best_mutation,reverse_segment_009,S3B20_N12_B02_diversity_top,reverse_segment,0.3333333333333333,be1cc720f2c9e77d,exploitation,1,10,5.5,0.09090909090909091,0.9090909090909091,2.8181818181818183,2,8,2,1.7486712783337586,31,0.25619834710743805,0.7272727272727273,0,1,1.2776134368191157,0.5454545454545455,0.393939393939394,0.4545454545454546,1,2,1,0.09090909090909091,0.8,2,R18_N12_C00148,N12_R18_N12_C00148_known_best_mutation,"[1,5,7,9,11,3,0,2,4,6,8,10]",1-5-7-9-11-3-0-2-4-6-8-10,False,False,S3B20_N12_B02_diversity_top,0.09090909090909091,0.7379424687550663,0.8529163720997848,0.7368084626267525,0.41938843539732396,0.25875493011683803,0.7379424687550653,0.06704374412839009,5,0.995995995995996,0.9405385956916567,0.18181818181818182,0.15186273502185643,0.9405385956916567,0.5931233200893279,0.7084291545101653,U2_primary_top,batch28 balanced bucket selection.,3,R18_N12_S03_U2_primary_top,2
12,known_best_mutation,combined80_known_best_mutation,biased_random_perturbation_183,S3B20_N12_B02_diversity_top,biased_random_perturbation,0.8333333333333334,4895b67717437def,diversity,1,4,5.5,0.09090909090909091,0.36363636363636365,5.7272727272727275,5,11,1,2.8632755905497493,63,0.5206611570247934,1.0,2,5,2.1180782093497093,0.5454545454545455,0.3333333333333333,0.7575757575757575,1,2,11,1.0,0.1,9,R18_N12_C00236,N12_R18_N12_C00236_known_best_mutation,"[1,6,5,10,3,8,7,2,9,0,11,4]",1-6-5-10-3-8-7-2-9-0-11-4,False,False,N12_A13_graph_pointer_policy_anti_odd_even_novelty,0.19696969696969696,0.4897740204749237,0.43951377542794556,0.6198872222983003,0.5943332424057447,0.5781976957147389,0.4897740204749227,0.12453659091249983,242,0.7587587587587588,0.5607286410911606,0.3939393939393939,0.392014490753347,0.5607286410911606,0.48528849923565626,0.5104031314677235,geometry_signal_top,batch28 balanced bucket selection.,4,R18_N12_S04_geometry_signal_top,3
12,known_best_mutation,combined80_known_best_mutation,reverse_segment_089,S3B20_N12_B02_diversity_top,reverse_segment,0.16666666666666666,dd8d2d38519a3101,exploitation,1,10,5.5,0.09090909090909091,0.9090909090909091,2.8181818181818183,2,8,2,1.7486712783337586,31,0.25619834710743805,0.7272727272727273,0,1,1.2776134368191157,0.5454545454545455,0.8181818181818182,0.4545454545454546,3,0,1,0.09090909090909091,0.8,2,R18_N12_C00197,N12_R18_N12_C00197_known_best_mutation,"[1,9,11,7,5,3,0,2,4,6,8,10]",1-9-11-7-5-3-0-2-4-6-8-10,False,False,S3B20_N12_B02_diversity_top,0.015151515151515152,0.7379424687550663,0.8529163720997848,0.7368084626267525,0.41938843539732396,0.25875493011683803,0.7379424687550653,0.06704374412839009,6,0.994994994994995,0.9405385956916567,0.030303030303030304,0.15186273502185643,0.9405385956916567,0.55524453221054,0.6857018817828926,method_c_or_known_best_inspired,batch28 balanced bucket selection.,5,R18_N12_S05_method_c_or_known_best_inspired,4
16,known_best_mutation,combined80_known_best_mutation,reverse_segment_057,S3B20_N16_B04_surrogate_top,reverse_segment,0.25,30de77c3e7f8a362,exploitation,0,15,7.5,0.0,1.0,2.7333333333333334,2,8,1,1.8061622912192088,41,0.18222222222222223,0.5333333333333333,1,1,1.3699740752745009,0.5333333333333333,0.6,0.6,2,2,1,0.06666666666666667,0.8571428571428571,2,R18_N16_C00297,N16_R18_N16_C00297_known_best_mutation,"[0,2,4,6,10,12,14,8,7,5,3,1,9,11,13,15]",0-2-4-6-10-12-14-8-7-5-3-1-9-11-13-15,False,False,N16_A04_method_c_u2_first_engineering,0.025,0.7837953306452194,0.8587704355191715,0.8467956690003048,0.5678324968527558,0.14512956491876303,0.7837953306452209,0.023081191184889795,1,1.0,1.0,0.05,0.0070783459211720525,1.0,0.5639156691842344,0.7085617518881757,surrogate_top,batch28 balanced bucket selection.,1,R18_N16_S01_surrogate_top,1
16,regular_jump_non_coprime,regular_jump_sweep,regular_jump_start2_jump2_dir1,,,,312f8ce1f996df06,sentinel,2,15,7.5,0.13333333333333333,1.0,2.7333333333333334,2,14,1,3.021405118299909,41,0.18222222222222223,0.9333333333333333,1,1,0.6998428398862386,0.5333333333333333,0.36666666666666664,0.6,1,3,1,0.06666666666666667,0.8571428571428571,2,R18_N16_C00047,N16_R18_N16_C00047_regular_jump_non_coprime,"[2,4,6,8,10,12,14,0,1,3,5,7,9,11,13,15]",2-4-6-8-10-12-14-0-1-3-5-7-9-11-13-15,False,False,N16_A02_odd_even_interlaced,0.058333333333333334,0.7660576976793804,0.8723203043232174,0.7539769231764706,0.40533777872741117,0.3773925003717018,0.7660576976793807,0.04317927634414349,22,0.9819742489270387,0.9733201468373402,0.11666666666666667,0.08719348676281283,0.9733201468373402,0.5819314447797664,0.7119031258005599,U2_primary_top,batch28 balanced bucket selection.,3,R18_N16_S03_U2_primary_top,2
16,regular_jump_coprime,regular_jump_sweep,regular_jump_start1_jump7_dir-1,,,,c05db2a343acc169,exploitation,1,8,7.5,0.06666666666666667,0.5333333333333333,7.933333333333334,7,9,7,0.9977753031397177,119,0.5288888888888889,0.6,0,7,0.9967916319816366,0.5333333333333333,0.6,0.5,3,1,15,1.0,0.07142857142857142,13,R18_N16_C00205,N16_R18_N16_C00205_regular_jump_coprime,"[1,10,3,12,5,14,7,0,9,2,11,4,13,6,15,8]",1-10-3-12-5-14-7-0-9-2-11-4-13-6-15-8,False,False,N16_A13_graph_pointer_policy_anti_odd_even_novelty,0.24166666666666667,0.48155024139479785,0.4216158290186317,0.6023295770904238,0.574494865833502,0.7533107802199709,0.481550241394797,0.11816280826123016,668,0.4274678111587983,0.545381584123066,0.48333333333333334,0.38609341542468023,0.545381584123066,0.4980118876859558,0.5121811211998483,geometry_signal_top,batch28 balanced bucket selection.,4,R18_N16_S04_geometry_signal_top,3
16,known_best_mutation,combined80_known_best_mutation,parity_preserving_swap_068,S3B20_N16_B05_surrogate_top,parity_preserving_swap,0.125,29dfa1d3af9c6e04,exploitation,0,15,7.5,0.0,1.0,2.7333333333333334,2,8,1,1.8061622912192088,41,0.18222222222222223,0.5333333333333333,1,1,1.3699740752745009,0.5333333333333333,0.6,0.5666666666666667,2,2,1,0.06666666666666667,0.8571428571428571,2,R18_N16_C00530,N16_R18_N16_C00530_known_best_mutation,"[0,2,4,6,8,14,12,10,9,1,3,5,7,11,13,15]",0-2-4-6-8-14-12-10-9-1-3-5-7-11-13-15,False,False,N16_A02_odd_even_interlaced,0.058333333333333334,0.7837953306452194,0.8587704355191715,0.8467956690003048,0.5678324968527558,0.14512956491876303,0.7837953306452209,0.023081191184889795,3,0.9982832618025751,1.0,0.11666666666666667,0.0070783459211720525,1.0,0.5805823358509011,0.7185617518881757,method_c_or_known_best_inspired,batch28 balanced bucket selection.,5,R18_N16_S05_method_c_or_known_best_inspired,4
24,known_best_mutation,combined80_known_best_mutation,rotate_sequence_050,N24_A04_method_c_u2_first_engineering,rotate_sequence,1.0,d469c04212e81fca,diversity,2,0,11.5,0.08695652173913043,0.0,3.739130434782609,2,23,2,4.9009084455519485,86,0.16257088846880907,1.0,0,2,0.7653636126766978,0.5217391304347826,0.4057971014492754,0.7101449275362319,2,4,2,0.08695652173913043,0.8636363636363636,3,R18_N24_C00601,N24_R18_N24_C00601_known_best_mutation,"[2,4,6,8,10,12,14,16,18,20,22,11,9,7,5,3,1,13,15,17,19,21,23,0]",2-4-6-8-10-12-14-16-18-20-22-11-9-7-5-3-1-13-15-17-19-21-23-0,False,False,N24_A04_method_c_u2_first_engineering,0.08333333333333333,0.8346615857274359,0.9026654190989053,0.7308708859102163,0.6360137321803779,0.5340293626025543,0.8346615857274355,0.05311782246862869,1,1.0,1.0,0.17164179104477612,0.1120594658429913,1.0,0.6153223409297923,0.742555188533165,surrogate_top,batch28 balanced bucket selection.,1,R18_N24_S01_surrogate_top,1
24,known_best_mutation,combined80_known_best_mutation,swap_two_positions_056,S3B20_N24_B02_diversity_top,swap_two_positions,0.08333333333333333,5aaa917610a07c7e,exploitation,3,1,11.5,0.13043478260869565,0.043478260869565216,3.739130434782609,2,21,2,5.342344309581441,86,0.16257088846880907,0.9130434782608695,0,2,0.6784070909375675,0.5217391304347826,0.34782608695652173,0.6231884057971014,2,4,2,0.08695652173913043,0.8636363636363636,3,R18_N24_C01021,N24_R18_N24_C01021_known_best_mutation,"[3,5,7,9,11,13,15,17,19,21,23,2,0,4,6,8,10,12,14,16,18,20,22,1]",3-5-7-9-11-13-15-17-19-21-23-2-0-4-6-8-10-12-14-16-18-20-22-1,False,False,S3B20_N24_B02_diversity_top,0.0036231884057971015,0.8321048506131351,0.9018245761827914,0.7383044872747386,0.6080175288310399,0.5259342115304294,0.8321048506131347,0.05802945671935633,8,0.9966666666666667,0.9963185797176493,0.007462686567164179,0.13094244637482466,0.9963185797176493,0.5760293797614632,0.7181837757436527,U2_primary_top,batch28 balanced bucket selection.,5,R18_N24_S05_U2_primary_top,2
24,regular_jump_coprime,regular_jump_sweep,regular_jump_start2_jump11_dir-1,,,,d3a53772d5f34db6,exploitation,2,13,11.5,0.08695652173913043,0.5652173913043478,11.956521739130435,11,13,11,0.9990543733109615,275,0.5198487712665407,0.5652173913043478,0,11,0.9986359641585718,0.5217391304347826,0.5652173913043478,0.5072463768115941,3,3,23,1.0,0.09090909090909091,20,R18_N24_C00495,N24_R18_N24_C00495_regular_jump_coprime,"[2,15,4,17,6,19,8,21,10,23,12,1,14,3,16,5,18,7,20,9,22,11,0,13]",2-15-4-17-6-19-8-21-10-23-12-1-14-3-16-5-18-7-20-9-22-11-0-13,False,False,N24_A02_odd_even_interlaced,0.4057971014492754,0.46489707739927627,0.4153975729401721,0.5969619275615897,0.4872887409743537,0.8087977669398103,0.4648970773992756,0.13214442723832334,1073,0.48952380952380947,0.4675793542167418,0.8358208955223881,0.41588050853198255,0.4675793542167418,0.5492999704062016,0.5150607585598749,geometry_signal_top,batch28 balanced bucket selection.,7,R18_N24_S07_geometry_signal_top,3
24,known_best_mutation,combined80_known_best_mutation,seed_crossover_205,S3B20_N24_B02_diversity_top,seed_crossover,0.16666666666666666,ab92e12a269eefca,exploitation,3,1,11.5,0.13043478260869565,0.043478260869565216,3.739130434782609,2,23,2,4.918619383034296,86,0.16257088846880907,1.0,0,2,0.7653636126766978,0.5217391304347826,0.34782608695652173,0.6231884057971014,2,4,2,0.08695652173913043,0.8636363636363636,3,R18_N24_C01123,N24_R18_N24_C01123_known_best_mutation,"[3,5,7,9,11,13,15,17,19,21,23,0,2,4,6,8,10,12,22,20,18,16,14,1]",3-5-7-9-11-13-15-17-19-21-23-0-2-4-6-8-10-12-22-20-18-16-14-1,False,False,S3B20_N24_B02_diversity_top,0.036231884057971016,0.8334242950575794,0.9013134024150387,0.7326252718751286,0.63145946700982,0.5313246842399811,0.8334242950575791,0.05709240001825852,5,0.9980952380952381,0.9982184361056038,0.0746268656716418,0.12733989322432643,0.9982184361056038,0.5931448349208579,0.7290479191083179,method_c_or_known_best_inspired,batch28 balanced bucket selection.,10,R18_N24_S10_method_c_or_known_best_inspired,4
24,known_best_mutation,combined80_known_best_mutation,swap_early_late_blocks_131,S3B20_N24_B01_surrogate_top,swap_early_late_blocks,0.3333333333333333,e930ae09f58cc941,diversity,17,6,11.5,0.7391304347826086,0.2608695652173913,3.9565217391304346,2,15,2,4.348695565234778,91,0.1720226843100189,0.6521739130434783,0,3,0.9274479232123118,0.5217391304347826,0.5652173913043478,0.5652173913043478,3,3,3,0.13043478260869565,0.7272727272727273,6,R18_N24_C01735,N24_R18_N24_C01735_known_best_mutation,"[17,19,21,23,8,10,12,22,20,18,16,14,1,3,5,7,9,11,13,15,0,2,4,6]",17-19-21-23-8-10-12-22-20-18-16-14-1-3-5-7-9-11-13-15-0-2-4-6,False,False,N24_A13_graph_pointer_policy_anti_odd_even_novelty,0.47101449275362317,0.6030267515360568,0.5884163116407525,0.6327515199225725,0.6555053182352452,0.4798248710685574,0.6030267515360564,0.22695743052164807,695,0.6695238095238095,0.6664710505513923,0.9701492537313433,0.7803930116562614,0.6664710505513923,0.7651749935673539,0.7291110751941152,diversity_top,batch28 balanced bucket selection.,12,R18_N24_S12_diversity_top,5
24,regular_jump_non_coprime,regular_jump_sweep,regular_jump_start11_jump10_dir1,,,,f868aca20195ed3a,sentinel,11,22,11.5,0.4782608695652174,0.9565217391304348,6.6521739130434785,2,14,1,5.138166613070006,153,0.2892249527410208,0.6086956521739131,1,5,1.6899461611103166,0.5217391304347826,0.43478260869565216,0.47826086956521735,2,4,1,0.043478260869565216,0.5454545454545454,10,R18_N24_C00465,N24_R18_N24_C00465_regular_jump_non_coprime,"[11,21,7,17,3,13,23,9,19,5,15,1,0,2,4,6,8,10,12,14,16,18,20,22]",11-21-7-17-3-13-23-9-19-5-15-1-0-2-4-6-8-10-12-14-16-18-20-22,False,False,S3B20_N24_B02_diversity_top,0.14492753623188406,0.4886829063971227,0.4676375633355836,0.6358474933773592,0.5974838295743685,0.547815759040653,0.4886829063971226,0.28407919706850615,945,0.5504761904761905,0.5018283590570993,0.2985074626865672,1.0,0.5018283590570993,0.5506324631530464,0.5460559707429546,uncertainty_calibration,batch28 balanced bucket selection.,14,R18_N24_S14_uncertainty_calibration,6
24,regular_jump_coprime,regular_jump_sweep,regular_jump_start20_jump7_dir-1,,,,0c9eaa96b519ed0c,exploitation,20,3,11.5,0.8695652173913043,0.13043478260869565,9.608695652173912,7,17,7,4.391089103635686,221,0.4177693761814744,0.7391304347826086,0,6,0.828055725379504,0.5217391304347826,0.49275362318840576,0.49275362318840576,2,4,23,1.0,0.45454545454545453,12,R18_N24_C00340,N24_R18_N24_C00340_regular_jump_coprime,"[20,13,6,23,16,9,2,19,12,5,22,15,8,1,18,11,4,21,14,7,0,17,10,3]",20-13-6-23-16-9-2-19-12-5-22-15-8-1-18-11-4-21-14-7-0-17-10-3,False,False,N24_A08_block_interleaved_quarters,0.4855072463768116,0.3091989497642632,0.17938718323586753,0.4328681192198332,0.6844104365895196,0.6914731483742161,0.30919894976426315,0.12936786951150564,1669,0.20571428571428574,0.24339099704453793,1.0,0.4052059177899616,0.24339099704453793,0.4649062319324882,0.38115458559967075,negative_control_sentinel,batch28 balanced bucket selection.,16,R18_N24_S16_negative_control_sentinel,7
24,known_best_mutation,combined80_known_best_mutation,swap_early_late_blocks_067,S3B20_N24_B02_diversity_top,swap_early_late_blocks,0.3333333333333333,f1233028e9f67703,diversity,16,1,11.5,0.6956521739130435,0.043478260869565216,3.9565217391304346,2,23,2,4.894346879815752,91,0.1720226843100189,1.0,0,1,0.9274479232123118,0.5217391304347826,0.463768115942029,0.5072463768115941,3,3,3,0.13043478260869565,0.6818181818181818,7,R18_N24_C01029,N24_R18_N24_C01029_known_best_mutation,"[16,18,20,22,11,13,15,17,19,21,23,0,2,4,6,8,10,12,14,3,5,7,9,1]",16-18-20-22-11-13-15-17-19-21-23-0-2-4-6-8-10-12-14-3-5-7-9-1,False,False,N24_A04_method_c_u2_first_engineering,0.4492753623188406,0.6294687350064118,0.6308595828088688,0.6128058625098097,0.6558548694828122,0.515183991275323,0.6294687350064118,0.2163618875172687,651,0.6904761904761905,0.7045446287288372,0.9253731343283582,0.7396580094019184,0.7045446287288372,0.7667744312633337,0.7429359116697275,batch_fill,batch28 fill by combined selection score.,13,R18_N24_S13_diversity_top,8
24,known_best_mutation,combined80_known_best_mutation,rotate_sequence_274,S3B20_N24_B01_surrogate_top,rotate_sequence,1.0,ff4a2ca726ec276c,diversity,2,0,11.5,0.08695652173913043,0.0,3.739130434782609,2,23,2,4.918619383034296,86,0.16257088846880907,1.0,0,2,0.7653636126766978,0.5217391304347826,0.4057971014492754,0.7101449275362319,2,4,2,0.08695652173913043,0.8636363636363636,3,R18_N24_C01817,N24_R18_N24_C01817_known_best_mutation,"[2,4,6,8,10,12,22,20,18,16,14,1,3,5,7,9,11,13,15,17,19,21,23,0]",2-4-6-8-10-12-22-20-18-16-14-1-3-5-7-9-11-13-15-17-19-21-23-0,False,False,S3B20_N24_B01_surrogate_top,0.08333333333333333,0.8346615857274359,0.9026654190989053,0.7308708859102163,0.6360137321803779,0.5340293626025543,0.8346615857274355,0.05311782246862869,2,0.9995238095238095,1.0,0.17164179104477612,0.1120594658429913,1.0,0.6153223409297923,0.742555188533165,batch_fill,batch28 fill by combined selection score.,2,R18_N24_S02_surrogate_top,9
24,known_best_mutation,combined80_known_best_mutation,reverse_segment_137,S3B20_N24_B04_surrogate_top,reverse_segment,0.25,18768954906ed35e,exploitation,0,1,11.5,0.0,0.043478260869565216,3.608695652173913,2,16,2,3.807762442749794,83,0.15689981096408318,0.6956521739130435,0,2,1.0144044449514424,0.5217391304347826,0.5652173913043478,0.608695652173913,3,3,1,0.043478260869565216,0.8636363636363636,3,R18_N24_C00861,N24_R18_N24_C00861_known_best_mutation,"[0,2,4,6,8,10,12,14,16,18,20,22,11,9,7,5,3,19,21,23,17,15,13,1]",0-2-4-6-8-10-12-14-16-18-20-22-11-9-7-5-3-19-21-23-17-15-13-1,False,False,N24_A04_method_c_u2_first_engineering,0.06521739130434782,0.83392072968107,0.895159675176543,0.7703453273009592,0.624961913050971,0.43053284563733535,0.8339207296810696,0.05816725009820782,3,0.9990476190476191,0.9989332479300892,0.13432835820895522,0.13147219870519877,0.9989332479300892,0.6092898156548276,0.7391233570881854,batch_fill,batch28 fill by combined selection score.,3,R18_N24_S03_surrogate_top,10
40,known_best_mutation,combined80_known_best_mutation,reverse_segment_009,S3B20_N40_B02_diversity_top,reverse_segment,0.1,aaf186300ff761a7,exploitation,1,3,19.5,0.02564102564102564,0.07692307692307693,3.8461538461538463,2,39,2,6.635330693509465,150,0.09861932938856016,1.0,0,2,0.6821995113475348,0.5128205128205129,0.5333333333333333,0.4564102564102564,5,5,2,0.05128205128205128,0.9210526315789473,3,R18_N40_C01795,N40_R18_N40_C01795_known_best_mutation,"[1,21,23,25,27,29,31,33,35,37,39,0,2,4,6,8,10,12,14,16,18,20,22,24,26,28,30,38,36,34,32,19,17,15,13,11,9,7,5,3]",1-21-23-25-27-29-31-33-35-37-39-0-2-4-6-8-10-12-14-16-18-20-22-24-26-28-30-38-36-34-32-19-17-15-13-11-9-7-5-3,False,False,S3B20_N40_B02_diversity_top,0.007692307692307693,0.8514641979123286,0.9163562910248619,0.7859110624769983,0.6212112145758286,0.5203261296147816,0.8514641979123281,0.035509035141857,1,1.0,1.0,0.015384615384615385,0.06400811642267445,1.0,0.5666477771306888,0.7119089097710934,surrogate_top,batch28 balanced bucket selection.,1,R18_N40_S01_surrogate_top,1
40,known_best_mutation,combined80_known_best_mutation,seed_crossover_301,S3B20_N40_B05_surrogate_top,seed_crossover,0.525,15819cd97ca505dd,exploitation,0,3,19.5,0.0,0.07692307692307693,3.717948717948718,2,35,1,6.380855653371656,145,0.09533201840894148,0.8974358974358975,1,2,0.6821995113475348,0.5128205128205129,0.5384615384615385,0.4871794871794871,5,5,3,0.07692307692307693,0.9210526315789473,3,R18_N40_C02227,N40_R18_N40_C02227_known_best_mutation,"[0,2,4,6,8,10,12,14,16,18,20,22,24,26,28,30,32,34,36,1,21,23,25,27,29,31,33,35,37,39,38,19,17,15,13,11,9,7,5,3]",0-2-4-6-8-10-12-14-16-18-20-22-24-26-28-30-32-34-36-1-21-23-25-27-29-31-33-35-37-39-38-19-17-15-13-11-9-7-5-3,False,False,N40_A04_method_c_u2_first_engineering,0.14102564102564102,0.8352921770206385,0.9112226468835914,0.7622852854730187,0.5819369067350896,0.4901933165214423,0.835292177020638,0.0714035979006012,15,0.9953871499176277,0.9771216367115181,0.28205128205128205,0.1968056594732891,0.9771216367115181,0.6472908525988134,0.7558136869267482,U2_primary_top,batch28 balanced bucket selection.,5,R18_N40_S05_U2_primary_top,2
40,regular_jump_coprime,regular_jump_sweep,regular_jump_start2_jump19_dir-1,,,,dbcae350738d334d,exploitation,2,21,19.5,0.05128205128205128,0.5384615384615384,19.974358974358974,19,21,19,0.9996712148522015,779,0.5121630506245891,0.5384615384615384,0,19,0.9995256892936493,0.5128205128205129,0.5384615384615385,0.49743589743589745,5,5,39,1.0,0.05263157894736842,36,R18_N40_C01455,N40_R18_N40_C01455_regular_jump_coprime,"[2,23,4,25,6,27,8,29,10,31,12,33,14,35,16,37,18,39,20,1,22,3,24,5,26,7,28,9,30,11,32,13,34,15,36,17,38,19,0,21]",2-23-4-25-6-27-8-29-10-31-12-33-14-35-16-37-18-39-20-1-22-3-24-5-26-7-28-9-30-11-32-13-34-15-36-17-38-19-0-21,False,False,S3B20_N40_B02_diversity_top,0.258974358974359,0.4310449242441215,0.38700436027889845,0.4860437236362964,0.41134599471812455,0.8007648368732501,0.431044924244121,0.1545989386190131,1556,0.4876441515650741,0.40523791424216293,0.517948717948718,0.5045998208041007,0.40523791424216293,0.4532879964811893,0.4370488207824368,geometry_signal_top,batch28 balanced bucket selection.,7,R18_N40_S07_geometry_signal_top,3
40,known_best_mutation,combined80_known_best_mutation,seed_crossover_021,S3B20_N40_B05_surrogate_top,seed_crossover,0.475,7d3b10405c7fb47b,exploitation,0,3,19.5,0.0,0.07692307692307693,3.8205128205128207,2,22,2,5.4059406775148755,149,0.09796186719263643,0.5641025641025641,0,2,0.6821995113475348,0.5128205128205129,0.5384615384615385,0.5794871794871794,5,5,1,0.02564102564102564,0.9210526315789473,3,R18_N40_C02031,N40_R18_N40_C02031_known_best_mutation,"[0,2,4,6,8,10,12,14,16,18,20,22,24,26,28,30,32,34,36,38,19,1,21,23,25,27,29,31,33,35,37,39,17,15,13,11,9,7,5,3]",0-2-4-6-8-10-12-14-16-18-20-22-24-26-28-30-32-34-36-38-19-1-21-23-25-27-29-31-33-35-37-39-17-15-13-11-9-7-5-3,False,False,N40_A04_method_c_u2_first_engineering,0.11282051282051282,0.8439639216139437,0.9043249579573444,0.7683219370703325,0.6780523606608609,0.42822486213691746,0.8439639216139432,0.047780106689599325,5,0.998682042833608,0.9893894494035305,0.22564102564102564,0.10940686283146049,0.9893894494035305,0.6224558261484903,0.7428297978533442,method_c_or_known_best_inspired,batch28 balanced bucket selection.,10,R18_N40_S10_method_c_or_known_best_inspired,4
40,regular_jump_coprime,regular_jump_sweep,regular_jump_start2_jump7_dir-1,,,,63bec2f6e1775433,exploitation,2,9,19.5,0.05128205128205128,0.23076923076923078,11.666666666666666,7,33,7,9.977753031397176,455,0.29914529914529914,0.8461538461538461,0,7,0.6789538995185759,0.5128205128205129,0.517948717948718,0.4564102564102564,5,5,39,1.0,0.6578947368421053,13,R18_N40_C00496,N40_R18_N40_C00496_regular_jump_coprime,"[2,35,28,21,14,7,0,33,26,19,12,5,38,31,24,17,10,3,36,29,22,15,8,1,34,27,20,13,6,39,32,25,18,11,4,37,30,23,16,9]",2-35-28-21-14-7-0-33-26-19-12-5-38-31-24-17-10-3-36-29-22-15-8-1-34-27-20-13-6-39-32-25-18-11-4-37-30-23-16-9,False,False,S3B20_N40_B03_method_c_inspired,0.4653846153846154,0.46015072351851766,0.4395697864187299,0.5236795296237083,0.568699199936294,0.5367507368376095,0.4601507235185172,0.1600712965578756,1504,0.5047775947281714,0.4464135381212684,0.9307692307692308,0.5248456639937473,0.4464135381212684,0.5831888864577548,0.5308317108993346,diversity_top,batch28 balanced bucket selection.,12,R18_N40_S12_diversity_top,5
40,regular_jump_non_coprime,regular_jump_sweep,regular_jump_start19_jump18_dir1,,,,0e5c11a2c6d4abbe,sentinel,19,38,19.5,0.48717948717948717,0.9743589743589743,10.692307692307692,2,22,1,9.078444027288349,417,0.2741617357001972,0.5641025641025641,1,9,1.6326014825216701,0.5128205128205129,0.46153846153846156,0.4871794871794871,4,6,1,0.02564102564102564,0.5263157894736842,18,R18_N40_C01408,N40_R18_N40_C01408_regular_jump_non_coprime,"[19,37,15,33,11,29,7,25,3,21,39,17,35,13,31,9,27,5,23,1,0,2,4,6,8,10,12,14,16,18,20,22,24,26,28,30,32,34,36,38]",19-37-15-33-11-29-7-25-3-21-39-17-35-13-31-9-27-5-23-1-0-2-4-6-8-10-12-14-16-18-20-22-24-26-28-30-32-34-36-38,False,False,S3B20_N40_B02_diversity_top,0.37051282051282053,0.481603681962018,0.46640889069243724,0.6401082557631216,0.49674407175298774,0.5920448556986388,0.48160368196201825,0.28850331978714067,1460,0.5192751235584844,0.47676278019622176,0.7410256410256411,1.0,0.47676278019622176,0.6474759393643323,0.5948877922912014,uncertainty_calibration,batch28 balanced bucket selection.,14,R18_N40_S14_uncertainty_calibration,6
40,regular_jump_coprime,regular_jump_sweep,regular_jump_start28_jump17_dir1,,,,62bbf686be08043d,exploitation,28,11,19.5,0.717948717948718,0.28205128205128205,19.615384615384617,17,23,17,2.975243016279033,765,0.5029585798816568,0.5897435897435898,0,17,0.9881108365218301,0.5128205128205129,0.49230769230769234,0.49230769230769234,4,6,39,1.0,0.15789473684210525,32,R18_N40_C01346,N40_R18_N40_C01346_regular_jump_coprime,"[28,5,22,39,16,33,10,27,4,21,38,15,32,9,26,3,20,37,14,31,8,25,2,19,36,13,30,7,24,1,18,35,12,29,6,23,0,17,34,11]",28-5-22-39-16-33-10-27-4-21-38-15-32-9-26-3-20-37-14-31-8-25-2-19-36-13-30-7-24-1-18-35-12-29-6-23-0-17-34-11,False,False,N40_A13_graph_pointer_policy_anti_odd_even_novelty,0.5,0.2967600292160324,0.18912411236424395,0.42075486202981655,0.5316735854354765,0.777386205255202,0.2967600292160325,0.13132090984556244,2355,0.22438220757825367,0.2152666896695483,1.0,0.41847911642464136,0.2152666896695483,0.4520925026031799,0.36345855023238005,negative_control_sentinel,batch28 balanced bucket selection.,16,R18_N40_S16_negative_control_sentinel,7
40,known_best_mutation,combined80_known_best_mutation,swap_early_late_blocks_179,S3B20_N40_B02_diversity_top,swap_early_late_blocks,0.3,28a97f63306a5424,diversity,1,3,19.5,0.02564102564102564,0.07692307692307693,3.8461538461538463,2,38,1,6.818295378888132,150,0.09861932938856016,0.9743589743589743,1,3,0.798896152131183,0.5128205128205129,0.5076923076923077,0.49230769230769234,5,5,2,0.05128205128205128,0.9210526315789473,3,R18_N40_C01909,N40_R18_N40_C01909_known_best_mutation,"[1,21,23,25,27,28,30,32,34,36,38,0,2,4,6,8,10,12,14,16,18,20,22,24,26,29,31,33,35,37,39,19,17,15,13,11,9,7,5,3]",1-21-23-25-27-28-30-32-34-36-38-0-2-4-6-8-10-12-14-16-18-20-22-24-26-29-31-33-35-37-39-19-17-15-13-11-9-7-5-3,False,False,S3B20_N40_B02_diversity_top,0.26153846153846155,0.8367050973422762,0.9102982428092433,0.772348352039288,0.6197831652859371,0.5071069864285331,0.8367050973422754,0.07066713434227016,13,0.9960461285008237,0.9791204780828346,0.5230769230769231,0.1940809974750356,0.9791204780828346,0.708101693209797,0.792958022740778,batch_fill,batch28 fill by combined selection score.,6,R18_N40_S06_U2_primary_top,8
40,known_best_mutation,combined80_known_best_mutation,rotate_sequence_274,S3B20_N40_B01_surrogate_top,rotate_sequence,1.0,ee3347652006802e,diversity,1,3,19.5,0.02564102564102564,0.07692307692307693,3.8461538461538463,2,39,2,6.6507700018386595,150,0.09861932938856016,1.0,0,2,0.6309174600654835,0.5128205128205129,0.30256410256410254,0.6923076923076923,1,9,2,0.05128205128205128,0.9210526315789473,3,R18_N40_C02718,N40_R18_N40_C02718_known_best_mutation,"[1,11,13,15,17,19,21,23,25,27,29,31,33,35,37,39,0,2,4,6,8,10,12,14,16,18,20,22,24,26,28,38,36,34,32,30,9,7,5,3]",1-11-13-15-17-19-21-23-25-27-29-31-33-35-37-39-0-2-4-6-8-10-12-14-16-18-20-22-24-26-28-38-36-34-32-30-9-7-5-3,False,False,S3B20_N40_B02_diversity_top,0.21794871794871795,0.8514641979123286,0.9163562910248619,0.7859110624769983,0.6212112145758286,0.5203261296147816,0.8514641979123281,0.035509035141857,2,0.999670510708402,1.0,0.4358974358974359,0.06400811642267445,1.0,0.671775982258894,0.7749858328480165,batch_fill,batch28 fill by combined selection score.,2,R18_N40_S02_surrogate_top,9
40,known_best_mutation,combined80_known_best_mutation,rotate_sequence_074,S3B20_N40_B01_surrogate_top,rotate_sequence,1.0,6b85dcffc8f51f55,diversity,4,2,19.5,0.10256410256410256,0.05128205128205128,3.8461538461538463,2,39,2,6.6507700018386595,150,0.09861932938856016,1.0,0,2,0.6309174600654835,0.5128205128205129,0.3641025641025641,0.7025641025641025,3,7,2,0.05128205128205128,0.8947368421052632,4,R18_N40_C02570,N40_R18_N40_C02570_known_best_mutation,"[4,6,8,10,12,14,16,18,20,22,24,26,28,38,36,34,32,30,9,7,5,3,1,11,13,15,17,19,21,23,25,27,29,31,33,35,37,39,0,2]",4-6-8-10-12-14-16-18-20-22-24-26-28-38-36-34-32-30-9-7-5-3-1-11-13-15-17-19-21-23-25-27-29-31-33-35-37-39-0-2,False,False,S3B20_N40_B01_surrogate_top,0.09743589743589744,0.8438422132632055,0.8960827513044537,0.7818370043434393,0.6173100234754981,0.5156577826109083,0.8438422132632052,0.046708082326643516,6,0.9983525535420099,0.9892172700647774,0.19487179487179487,0.10544074120886875,0.9892172700647774,0.6138755954953501,0.7374989694574438,batch_fill,batch28 fill by combined selection score.,11,R18_N40_S11_method_c_or_known_best_inspired,10
