dataset_source,n,strategy_name,handoff_strategy_name,job_name,candidate_id,candidate_family,selection_bucket,predicted_reward_mean_all,predicted_rank_within_n,predicted_uncertainty_std,novelty_distance_to_teacher,nearest_existing_teacher_strategy,order_json,u2_range,peeq_max,surface_t_proxy,surface_t_proxy_mpa,mises_max,teacher_validation_status,final_step,final_frame_time,extracted_fields,previous_reward_mean_all,u2_rank_combined80_within_n,u2_score_combined80_rank,u2_cost_minmax_combined80_within_n,peeq_rank_combined80_within_n,peeq_score_combined80_rank,peeq_cost_minmax_combined80_within_n,surfaceT_rank_combined80_within_n,surfaceT_score_combined80_rank,surfaceT_cost_minmax_combined80_within_n,mises_rank_combined80_within_n,mises_score_combined80_rank,mises_cost_minmax_combined80_within_n,reward_combined80_u2_primary,combined80_constrained_rank_within_n,combined80_pareto_flag_u2_peeq,combined80_pareto_flag_u2_peeq_surfaceT_mises,is_new_best_u2_within_n,is_new_best_peeq_within_n,is_new_best_surfaceT_within_n,is_new_best_combined_reward_within_n,original_run12_candidate_id,u2_rank_batch20_within_n,u2_cost_minmax_batch20_within_n,u2_score_batch20_rank,peeq_rank_batch20_within_n,peeq_cost_minmax_batch20_within_n,peeq_score_batch20_rank,surfaceT_rank_batch20_within_n,surfaceT_cost_minmax_batch20_within_n,surfaceT_score_batch20_rank,mises_rank_batch20_within_n,mises_cost_minmax_batch20_within_n,mises_score_batch20_rank,reward_batch20_u2_primary,batch20_constrained_rank_within_n,batch20_pareto_flag_u2_peeq,batch20_pareto_flag_u2_peeq_surfaceT_mises
probe60_run08,12,N12_A01_raster_left_to_right,,J2D_N12_N12_A01_raster_left_to_right,N12_A01,raster,,nan,nan,nan,nan,,"[0,1,2,3,4,5,6,7,8,9,10,11]",0.0001314298706347472,0.172713503241539,585930688.0,585.930688,579938304.0,PASS_ODB_EXTRACTED,step_final_cooling,1200.0,,0.09214285714285717,18.0,0.10526315789473684,0.8005559020052946,19.0,0.052631578947368474,0.9253590101392108,20.0,0.0,1.0,6.0,0.736842105263158,0.2,0.11578947368421055,20,False,False,False,False,False,False,,,,,,,,,,,,,,,,,
probe60_run08,12,N12_A02_odd_even_interlaced,,J2D_N12_N12_A02_odd_even_interlaced,N12_A02,odd_even,,nan,nan,nan,nan,,"[0,2,4,6,8,10,1,3,5,7,9,11]",4.044348497700412e-05,0.14851008355617523,585297728.0,585.297728,579939584.0,PASS_ODB_EXTRACTED,step_final_cooling,1200.0,,0.8042857142857143,6.0,0.736842105263158,0.1265925005322361,7.0,0.6842105263157895,0.2339174440572509,17.0,0.1578947368421053,0.8777563532087412,17.0,0.1578947368421053,1.0,0.6394736842105264,7,False,False,False,False,False,False,,,,,,,,,,,,,,,,,
probe60_run08,12,N12_A03_greedy_maximin_distance,,J2D_N12_N12_A03_greedy_maximin_distance,N12_A03,maximin,,nan,nan,nan,nan,,"[0,11,5,8,2,1,3,4,6,7,9,10]",8.175894481610158e-05,0.16098161041736603,585035712.0,585.035712,579939584.0,PASS_ODB_EXTRACTED,step_final_cooling,1200.0,,0.4257142857142857,13.0,0.368421052631579,0.43262848212759913,15.0,0.26315789473684215,0.5902031332877555,16.0,0.21052631578947367,0.8271531691881736,17.0,0.1578947368421053,1.0,0.3210526315789474,15,False,False,False,False,False,False,,,,,,,,,,,,,,,,,
probe60_run08,12,N12_A04_method_c_u2_first_engineering,,J2D_N12_N12_A04_method_c_u2_first_engineering,N12_A04,method_c,,nan,nan,nan,nan,,"[0,2,4,6,8,10,5,3,1,7,9,11]",4.4116221033618785e-05,0.1464761346578598,581743296.0,581.743296,579939584.0,PASS_ODB_EXTRACTED,step_final_cooling,1200.0,,0.8357142857142857,7.0,0.6842105263157895,0.15379755618462665,4.0,0.8421052631578947,0.1758117371007936,7.0,0.6842105263157895,0.19128844062098288,17.0,0.1578947368421053,1.0,0.6894736842105263,5,False,True,False,False,False,False,,,,,,,,,,,,,,,,,
probe60_run08,12,N12_A05_center_out,,J2D_N12_N12_A05_center_out,N12_A05,center_out,,nan,nan,nan,nan,,"[5,6,4,7,3,8,2,9,1,10,0,11]",0.0001583552163992863,0.16032162308692932,580972800.0,580.9728,579938048.0,PASS_ODB_EXTRACTED,step_final_cooling,1200.0,,0.13285714285714287,20.0,0.0,1.0,14.0,0.3157894736842105,0.5713486623376292,3.0,0.8947368421052632,0.04248244833382775,2.5,0.9210526315789473,0.04,0.1986842105263158,18,False,True,False,False,False,False,,,,,,,,,,,,,,,,,
probe60_run08,12,N12_A06_edge_in_alternating,,J2D_N12_N12_A06_edge_in_alternating,N12_A06,edge_in,,nan,nan,nan,nan,,"[0,11,1,10,2,9,3,8,4,7,5,6]",0.00010128901044481609,0.17532625794410706,580798976.0,580.798976,579937984.0,PASS_ODB_EXTRACTED,step_final_cooling,1200.0,,0.2371428571428571,16.0,0.21052631578947367,0.5772935258807723,20.0,0.0,1.0,2.0,0.9473684210526316,0.008911796697320281,1.0,1.0,0.0,0.2815789473684211,16,False,True,False,False,False,False,,,,,,,,,,,,,,,,,
probe60_run08,12,N12_A07_regular_jump_coprime,,J2D_N12_N12_A07_regular_jump_coprime,N12_A07,regular_jump,,nan,nan,nan,nan,,"[0,5,10,3,8,1,6,11,4,9,2,7]",6.379491514962865e-05,0.15351411700248718,581880128.0,581.880128,579938432.0,PASS_ODB_EXTRACTED,step_final_cooling,1200.0,,0.6928571428571428,9.0,0.5789473684210527,0.29956353564515037,9.0,0.5789473684210527,0.37687231439471663,9.0,0.5789473684210527,0.21771482250568575,10.0,0.5263157894736843,0.28,0.5763157894736842,10,False,True,False,False,False,False,,,,,,,,,,,,,,,,,
probe60_run08,12,N12_A08_block_interleaved_quarters,,J2D_N12_N12_A08_block_interleaved_quarters,N12_A08,block_interleaved,,nan,nan,nan,nan,,"[0,3,6,9,1,4,7,10,2,5,8,11]",3.6826456380367745e-05,0.14324450492858887,582462656.0,582.462656,579939584.0,PASS_ODB_EXTRACTED,step_final_cooling,1200.0,,0.9042857142857142,3.0,0.8947368421052632,0.0998000867156871,3.0,0.8947368421052632,0.08349076964860555,13.0,0.368421052631579,0.33021853060417283,17.0,0.1578947368421053,1.0,0.8052631578947369,3,False,False,False,False,False,False,,,,,,,,,,,,,,,,,
probe60_run08,12,N12_A09_center_edge_alternating,,J2D_N12_N12_A09_center_edge_alternating,N12_A09,center_edge,,nan,nan,nan,nan,,"[5,0,6,11,4,1,7,10,3,2,8,9]",0.00010808459228428546,0.1680927276611328,580752832.0,580.752832,579938304.0,PASS_ODB_EXTRACTED,step_final_cooling,1200.0,,0.2235714285714286,17.0,0.1578947368421053,0.6276304352811026,18.0,0.10526315789473684,0.793353023160379,1.0,1.0,0.0,6.0,0.736842105263158,0.2,0.2605263157894737,17,False,True,False,False,False,False,,,,,,,,,,,,,,,,,
probe60_run08,12,N12_A10_graph_pointer_policy_zero_shot_or_proxy_best,,J2D_N12_N12_A10_graph_pointer_policy_zero_shot_or_proxy_best,N12_A10,graph_pointer_proxy,,nan,nan,nan,nan,,"[0,11,2,5,4,8,6,1,10,3,7,9]",5.570924804487731e-05,0.15651747584342957,583114560.0,583.11456,579938304.0,PASS_ODB_EXTRACTED,step_final_cooling,1200.0,,0.69,8.0,0.631578947368421,0.2396705784109131,10.0,0.5263157894736843,0.4626720554016904,15.0,0.26315789473684215,0.45612083456936614,6.0,0.736842105263158,0.2,0.5789473684210527,9,False,True,False,False,False,False,,,,,,,,,,,,,,,,,
probe60_run08,12,N12_A11_graph_pointer_policy_diverse_01,,J2D_N12_N12_A11_graph_pointer_policy_diverse_01,N12_A11,graph_pointer_proxy,,nan,nan,nan,nan,,"[0,5,11,10,1,3,8,2,9,6,4,7]",7.328880428758566e-05,0.1638757288455963,582071168.0,582.071168,579939392.0,PASS_ODB_EXTRACTED,step_final_cooling,1200.0,,0.4985714285714285,10.0,0.5263157894736843,0.3698876151255084,17.0,0.1578947368421053,0.6728821019812711,11.0,0.4736842105263158,0.2546104024522891,12.0,0.42105263157894735,0.88,0.44210526315789483,12,False,False,False,False,False,False,,,,,,,,,,,,,,,,,
probe60_run08,12,N12_A12_graph_pointer_policy_diverse_02,,J2D_N12_N12_A12_graph_pointer_policy_diverse_02,N12_A12,graph_pointer_proxy,,nan,nan,nan,nan,,"[4,7,3,8,2,9,1,10,0,11,5,6]",0.00013954683527117595,0.16334585845470428,581337984.0,581.337984,579938048.0,PASS_ODB_EXTRACTED,step_final_cooling,1200.0,,0.1407142857142857,19.0,0.052631578947368474,0.8606806894276917,16.0,0.21052631578947367,0.6577448024731195,6.0,0.736842105263158,0.11301048155839019,2.5,0.9210526315789473,0.04,0.19605263157894742,19,False,True,False,False,False,False,,,,,,,,,,,,,,,,,
probe60_run08,12,N12_A13_graph_pointer_policy_anti_odd_even_novelty,,J2D_N12_N12_A13_graph_pointer_policy_anti_odd_even_novelty,N12_A13,graph_pointer_proxy,,nan,nan,nan,nan,,"[1,10,3,8,5,6,7,4,9,2,11,0]",7.77201084929402e-05,0.14032196998596191,581967424.0,581.967424,579939328.0,PASS_ODB_EXTRACTED,step_final_cooling,1200.0,,0.6428571428571428,11.0,0.4736842105263158,0.40271161218411067,1.0,1.0,0.0,10.0,0.5263157894736843,0.2345743102936814,11.0,0.4736842105263158,0.84,0.5842105263157895,8,True,True,False,False,False,False,,,,,,,,,,,,,,,,,
probe60_run08,12,N12_A14_graph_pointer_policy_u2first_proxy,,J2D_N12_N12_A14_graph_pointer_policy_u2first_proxy,N12_A14,graph_pointer_proxy,,nan,nan,nan,nan,,"[0,5,2,6,4,7,8,3,10,1,9,11]",0.00010109988033946138,0.15888875722885132,581829312.0,581.829312,579938368.0,PASS_ODB_EXTRACTED,step_final_cooling,1200.0,,0.42142857142857143,15.0,0.26315789473684215,0.5758925825615675,12.0,0.42105263157894735,0.530414652773107,8.0,0.631578947368421,0.20790072184317215,8.5,0.6052631578947368,0.24,0.34868421052631576,14,False,False,False,False,False,False,,,,,,,,,,,,,,,,,
probe60_run08,12,N12_A15_graph_pointer_policy_balanced_dispersion_proxy,,J2D_N12_N12_A15_graph_pointer_policy_balanced_dispersion_proxy,N12_A15,graph_pointer_proxy,,nan,nan,nan,nan,,"[0,5,11,6,4,8,7,2,3,1,9,10]",9.216308080794988e-05,0.1593673974275589,581069312.0,581.069312,579938240.0,PASS_ODB_EXTRACTED,step_final_cooling,1200.0,,0.47857142857142854,14.0,0.3157894736842105,0.5096950325984676,13.0,0.368421052631579,0.5440884118074256,4.0,0.8421052631578947,0.06112182339562939,4.0,0.8421052631578947,0.16,0.4052631578947368,13,False,True,False,False,False,False,,,,,,,,,,,,,,,,,
probe60_run08,16,N16_A01_raster_left_to_right,,J2D_N16_N16_A01_raster_left_to_right,N16_A01,raster,,nan,nan,nan,nan,,"[0,1,2,3,4,5,6,7,8,9,10,11,12,13,14,15]",0.00024349282352886803,0.17520761489868164,587841664.0,587.841664,579948288.0,PASS_ODB_EXTRACTED,step_final_cooling,1200.0,,0.09214285714285717,18.0,0.10526315789473684,0.847256453741858,19.0,0.052631578947368474,0.8525228565562386,20.0,0.0,1.0,16.5,0.1842105263157895,0.96,0.08815789473684213,20,False,False,False,False,False,False,,,,,,,,,,,,,,,,,
probe60_run08,16,N16_A02_odd_even_interlaced,,J2D_N16_N16_A02_odd_even_interlaced,N16_A02,odd_even,,nan,nan,nan,nan,,"[0,2,4,6,8,10,12,14,1,3,5,7,9,11,13,15]",4.9715717977960594e-05,0.15370793640613556,585719808.0,585.719808,579947520.0,PASS_ODB_EXTRACTED,step_final_cooling,1200.0,,0.79,4.0,0.8421052631578947,0.01563810605994577,8.0,0.631578947368421,0.15550042874913947,19.0,0.052631578947368474,0.6943458499663498,8.0,0.631578947368421,0.48,0.7105263157894738,6,False,True,False,False,False,False,,,,,,,,,,,,,,,,,
probe60_run08,16,N16_A03_greedy_maximin_distance,,J2D_N16_N16_A03_greedy_maximin_distance,N16_A03,maximin,,nan,nan,nan,nan,,"[0,15,7,11,3,5,9,13,1,2,4,6,8,10,12,14]",4.607185064742225e-05,0.1532730907201767,582927360.0,582.92736,579948160.0,PASS_ODB_EXTRACTED,step_final_cooling,1200.0,,0.8614285714285714,1.0,1.0,0.0,7.0,0.6842105263157895,0.1414026739453375,16.0,0.21052631578947367,0.29209267163890146,13.5,0.3421052631578947,0.88,0.825,2,True,True,False,False,False,False,,,,,,,,,,,,,,,,,
probe60_run08,16,N16_A04_method_c_u2_first_engineering,,J2D_N16_N16_A04_method_c_u2_first_engineering,N16_A04,method_c,,nan,nan,nan,nan,,"[0,2,4,6,8,10,12,14,7,5,3,1,9,11,13,15]",5.043179316999158e-05,0.15182757377624512,581727104.0,581.727104,579948352.0,PASS_ODB_EXTRACTED,step_final_cooling,1200.0,,0.85,5.0,0.7894736842105263,0.018711231062612146,5.0,0.7894736842105263,0.09453882293264411,8.0,0.631578947368421,0.1191953461357623,19.5,0.02631578947368418,1.0,0.7355263157894737,5,False,False,False,False,False,False,,,,,,,,,,,,,,,,,
probe60_run08,16,N16_A05_center_out,,J2D_N16_N16_A05_center_out,N16_A05,center_out,,nan,nan,nan,nan,,"[7,8,6,9,5,10,4,11,3,12,2,13,1,14,0,15]",0.00027908391211894923,0.16641919314861298,582182080.0,582.18208,579946816.0,PASS_ODB_EXTRACTED,step_final_cooling,1200.0,,0.09357142857142857,20.0,0.0,1.0,15.0,0.26315789473684215,0.5676010579837921,11.0,0.4736842105263158,0.18473480902377637,2.5,0.9210526315789473,0.04,0.14605263157894738,19,False,False,False,False,False,False,,,,,,,,,,,,,,,,,
probe60_run08,16,N16_A06_edge_in_alternating,,J2D_N16_N16_A06_edge_in_alternating,N16_A06,edge_in,,nan,nan,nan,nan,,"[0,15,1,14,2,13,3,12,4,11,5,10,6,9,7,8]",0.00020532089024527522,0.1797565519809723,581764096.0,581.764096,579947776.0,PASS_ODB_EXTRACTED,step_final_cooling,1200.0,,0.27714285714285714,15.0,0.26315789473684215,0.6834368941768815,20.0,0.0,1.0,9.0,0.5789473684210527,0.12452405756483419,9.0,0.5789473684210527,0.64,0.2578947368421053,17,False,True,False,False,False,False,,,,,,,,,,,,,,,,,
probe60_run08,16,N16_A07_regular_jump_coprime,,J2D_N16_N16_A07_regular_jump_coprime,N16_A07,regular_jump,,nan,nan,nan,nan,,"[0,5,10,15,4,9,14,3,8,13,2,7,12,1,6,11]",0.0002763091160886688,0.16533087193965912,581433216.0,581.433216,579946752.0,PASS_ODB_EXTRACTED,step_final_cooling,1200.0,,0.17428571428571427,19.0,0.052631578947368474,0.9880916206107233,14.0,0.3157894736842105,0.532317540066909,4.0,0.8421052631578947,0.07686066986881045,1.0,1.0,0.0,0.2315789473684211,18,False,True,False,False,False,False,,,,,,,,,,,,,,,,,
probe60_run08,16,N16_A08_block_interleaved_quarters,,J2D_N16_N16_A08_block_interleaved_quarters,N16_A08,block_interleaved,,nan,nan,nan,nan,,"[0,4,8,12,1,5,9,13,2,6,10,14,3,7,11,15]",0.00016068820355030766,0.1505546271800995,582573376.0,582.573376,579948160.0,PASS_ODB_EXTRACTED,step_final_cooling,1200.0,,0.6185714285714285,12.0,0.42105263157894735,0.4918902145196076,4.0,0.8421052631578947,0.05326972547977633,14.0,0.3157894736842105,0.2411011441056892,13.5,0.3421052631578947,0.88,0.49078947368421055,11,False,True,False,False,False,False,,,,,,,,,,,,,,,,,
probe60_run08,16,N16_A09_center_edge_alternating,,J2D_N16_N16_A09_center_edge_alternating,N16_A09,center_edge,,nan,nan,nan,nan,,"[7,0,8,15,6,1,9,14,5,2,10,13,4,3,11,12]",0.00021473178685482708,0.17430327832698822,580899648.0,580.899648,579946944.0,PASS_ODB_EXTRACTED,step_final_cooling,1200.0,,0.275,16.0,0.21052631578947367,0.7238249176556653,17.0,0.1578947368421053,0.8232041449775963,1.0,1.0,0.0,4.5,0.8157894736842105,0.12,0.30921052631578955,15,False,True,False,False,False,False,,,,,,,,,,,,,,,,,
probe60_run08,16,N16_A10_graph_pointer_policy_zero_shot_or_proxy_best,,J2D_N16_N16_A10_graph_pointer_policy_zero_shot_or_proxy_best,N16_A10,graph_pointer_proxy,,nan,nan,nan,nan,,"[0,15,2,7,4,11,6,3,8,5,10,9,12,13,14,1]",0.0001204781697197177,0.1701684147119522,581290304.0,581.290304,579948096.0,PASS_ODB_EXTRACTED,step_final_cooling,1200.0,,0.62,10.0,0.5263157894736843,0.31932389509110265,16.0,0.21052631578947367,0.6891513182526359,2.0,0.9473684210526316,0.05627414284265551,12.0,0.42105263157894735,0.84,0.5000000000000001,10,False,True,False,False,False,False,,,,,,,,,,,,,,,,,
probe60_run08,16,N16_A11_graph_pointer_policy_diverse_01,,J2D_N16_N16_A11_graph_pointer_policy_diverse_01,N16_A11,graph_pointer_proxy,,nan,nan,nan,nan,,"[0,5,15,10,1,14,4,2,9,13,3,12,8,11,7,6]",0.00018299555517842236,0.17434175312519073,582880128.0,582.880128,579946944.0,PASS_ODB_EXTRACTED,step_final_cooling,1200.0,,0.31,14.0,0.3157894736842105,0.5876249652755918,18.0,0.10526315789473684,0.8244515030374763,15.0,0.26315789473684215,0.28528888438171274,4.5,0.8157894736842105,0.12,0.29342105263157897,16,False,True,False,False,False,False,,,,,,,,,,,,,,,,,
probe60_run08,16,N16_A12_graph_pointer_policy_diverse_02,,J2D_N16_N16_A12_graph_pointer_policy_diverse_02,N16_A12,graph_pointer_proxy,,nan,nan,nan,nan,,"[9,5,10,4,11,3,12,2,13,1,14,0,15,7,8,6]",0.00023973382963049517,0.16137175261974335,581517248.0,581.517248,579946816.0,PASS_ODB_EXTRACTED,step_final_cooling,1200.0,,0.31,17.0,0.1578947368421053,0.8311242678170869,10.0,0.5263157894736843,0.40396236669524993,6.0,0.736842105263158,0.08896551088329384,2.5,0.9210526315789473,0.04,0.3276315789473685,14,False,True,False,False,False,False,,,,,,,,,,,,,,,,,
probe60_run08,16,N16_A13_graph_pointer_policy_anti_odd_even_novelty,,J2D_N16_N16_A13_graph_pointer_policy_anti_odd_even_novelty,N16_A13,graph_pointer_proxy,,nan,nan,nan,nan,,"[1,14,3,12,5,10,7,8,9,6,11,4,13,2,15,0]",0.00011749031591534731,0.15198101103305817,581337280.0,581.33728,579948288.0,PASS_ODB_EXTRACTED,step_final_cooling,1200.0,,0.8071428571428572,9.0,0.5789473684210527,0.3065011519871561,6.0,0.736842105263158,0.0995132791458834,3.0,0.8947368421052632,0.06304105320414127,16.5,0.1842105263157895,0.96,0.6223684210526316,7,False,True,False,False,False,False,,,,,,,,,,,,,,,,,
probe60_run08,16,N16_A14_graph_pointer_policy_u2first_proxy,,J2D_N16_N16_A14_graph_pointer_policy_u2first_proxy,N16_A14,graph_pointer_proxy,,nan,nan,nan,nan,,"[0,7,2,8,4,6,9,5,10,12,14,11,1,3,13,15]",0.00015728273911008728,0.1641508787870407,582433856.0,582.433856,579947264.0,PASS_ODB_EXTRACTED,step_final_cooling,1200.0,,0.5999999999999999,11.0,0.4736842105263158,0.4772752438665262,12.0,0.42105263157894735,0.49406200557977753,13.0,0.368421052631579,0.22100323594759794,7.0,0.6842105263157895,0.32,0.4631578947368421,12,False,False,False,False,False,False,,,,,,,,,,,,,,,,,
probe60_run08,16,N16_A15_graph_pointer_policy_balanced_dispersion_proxy,,J2D_N16_N16_A15_graph_pointer_policy_balanced_dispersion_proxy,N16_A15,graph_pointer_proxy,,nan,nan,nan,nan,,"[0,7,15,8,6,11,9,3,5,10,4,13,1,2,12,14]",0.0001736121434987581,0.16458375751972198,582198912.0,582.198912,579947904.0,PASS_ODB_EXTRACTED,step_final_cooling,1200.0,,0.4928571428571429,13.0,0.368421052631579,0.5473548967632333,13.0,0.368421052631579,0.5080959914974819,12.0,0.42105263157894735,0.18715946491624336,10.0,0.5263157894736843,0.72,0.38157894736842113,13,False,False,False,False,False,False,,,,,,,,,,,,,,,,,
probe60_run08,24,N24_A01_raster_left_to_right,,J2D_N24_N24_A01_raster_left_to_right,N24_A01,raster,,nan,nan,nan,nan,,"[0,1,2,3,4,5,6,7,8,9,10,11,12,13,14,15,16,17,18,19,20,21,22,23]",0.0005523721708868834,0.18925029039382935,587159872.0,587.159872,579944256.0,PASS_ODB_EXTRACTED,step_final_cooling,1200.0,,0.1392857142857143,17.0,0.1578947368421053,0.8698657356733678,20.0,0.0,1.0,17.0,0.1578947368421053,0.6344433535155185,11.5,0.4473684210526315,0.71875,0.14078947368421058,19,False,False,False,False,False,False,,,,,,,,,,,,,,,,,
probe60_run08,24,N24_A02_odd_even_interlaced,,J2D_N24_N24_A02_odd_even_interlaced,N24_A02,odd_even,,nan,nan,nan,nan,,"[0,2,4,6,8,10,12,14,16,18,20,22,1,3,5,7,9,11,13,15,17,19,21,23]",8.360300034837564e-05,0.15498611330986023,586226112.0,586.226112,579943936.0,PASS_ODB_EXTRACTED,step_final_cooling,1200.0,,0.8257142857142858,5.0,0.7894736842105263,0.0480222335686336,5.0,0.7894736842105263,0.03671164104173204,15.0,0.26315789473684215,0.5349642720776742,7.0,0.6842105263157895,0.5625,0.7315789473684211,6,False,True,False,False,False,False,,,,,,,,,,,,,,,,,
probe60_run08,24,N24_A03_greedy_maximin_distance,,J2D_N24_N24_A03_greedy_maximin_distance,N24_A03,maximin,,nan,nan,nan,nan,,"[0,23,11,17,5,8,14,20,2,1,3,4,6,7,9,10,12,13,15,16,18,19,21,22]",0.0002935029126547306,0.16460579633712769,584637632.0,584.637632,579944576.0,PASS_ODB_EXTRACTED,step_final_cooling,1200.0,,0.5142857142857142,12.0,0.42105263157894735,0.4160175921865287,14.0,0.3157894736842105,0.3071552782645452,12.0,0.42105263157894735,0.36573392243495334,14.5,0.2894736842105263,0.875,0.393421052631579,13,False,False,False,False,False,False,,,,,,,,,,,,,,,,,
probe60_run08,24,N24_A04_method_c_u2_first_engineering,,J2D_N24_N24_A04_method_c_u2_first_engineering,N24_A04,method_c,,nan,nan,nan,nan,,"[0,2,4,6,8,10,12,14,16,18,20,22,11,9,7,5,3,1,13,15,17,19,21,23]",5.621172385872342e-05,0.15437763929367065,581727232.0,581.727232,579944640.0,PASS_ODB_EXTRACTED,step_final_cooling,1200.0,,0.9785714285714286,1.0,1.0,0.0,3.0,0.8947368421052632,0.01960526387447671,3.0,0.8947368421052632,0.05567146675394098,17.0,0.1578947368421053,0.90625,0.9263157894736843,1,True,True,False,False,False,False,,,,,,,,,,,,,,,,,
probe60_run08,24,N24_A05_center_out,,J2D_N24_N24_A05_center_out,N24_A05,center_out,,nan,nan,nan,nan,,"[11,12,10,13,9,14,8,15,7,16,6,17,5,18,4,19,3,20,2,21,1,22,0,23]",0.0006265991143266092,0.17296180129051208,588072192.0,588.072192,579944128.0,PASS_ODB_EXTRACTED,step_final_cooling,1200.0,,0.04357142857142858,20.0,0.0,1.0,17.0,0.1578947368421053,0.5420724128353546,18.0,0.10526315789473684,0.7316383025145912,9.5,0.5526315789473684,0.65625,0.06973684210526317,20,False,False,False,False,False,False,,,,,,,,,,,,,,,,,
probe60_run08,24,N24_A06_edge_in_alternating,,J2D_N24_N24_A06_edge_in_alternating,N24_A06,edge_in,,nan,nan,nan,nan,,"[0,23,1,22,2,21,3,20,4,19,5,18,6,17,7,16,8,15,9,14,10,13,11,12]",0.000525546938433763,0.18484757840633392,590591168.0,590.591168,579942784.0,PASS_ODB_EXTRACTED,step_final_cooling,1200.0,,0.22428571428571425,15.0,0.26315789473684215,0.8228358873607748,19.0,0.052631578947368474,0.8762240460348135,20.0,0.0,1.0,1.0,1.0,0.0,0.2315789473684211,17,False,True,False,False,False,False,,,,,,,,,,,,,,,,,
probe60_run08,24,N24_A07_regular_jump_coprime,,J2D_N24_N24_A07_regular_jump_coprime,N24_A07,regular_jump,,nan,nan,nan,nan,,"[0,11,22,9,20,7,18,5,16,3,14,1,12,23,10,21,8,19,6,17,4,15,2,13]",0.00023713416885584593,0.1627264767885208,583243392.0,583.243392,579943104.0,PASS_ODB_EXTRACTED,step_final_cooling,1200.0,,0.6285714285714284,10.0,0.5263157894736843,0.31719222412808384,11.0,0.4736842105263158,0.25432089559429305,9.0,0.5789473684210527,0.21719713085692466,2.0,0.9473684210526316,0.15625,0.5421052631578949,9,False,True,False,False,False,False,,,,,,,,,,,,,,,,,
probe60_run08,24,N24_A08_block_interleaved_quarters,,J2D_N24_N24_A08_block_interleaved_quarters,N24_A08,block_interleaved,,nan,nan,nan,nan,,"[0,6,12,18,1,7,13,19,2,8,14,20,3,9,15,21,4,10,16,22,5,11,17,23]",0.0006247397857350734,0.15462736785411835,584995648.0,584.995648,579943744.0,PASS_ODB_EXTRACTED,step_final_cooling,1200.0,,0.21714285714285714,19.0,0.052631578947368474,0.996740235456449,4.0,0.8421052631578947,0.026626025370926534,14.0,0.3157894736842105,0.40387552500954566,4.5,0.8157894736842105,0.46875,0.275,16,False,False,False,False,False,False,,,,,,,,,,,,,,,,,
probe60_run08,24,N24_A09_center_edge_alternating,,J2D_N24_N24_A09_center_edge_alternating,N24_A09,center_edge,,nan,nan,nan,nan,,"[11,0,12,23,10,1,13,22,9,2,14,21,8,3,15,20,7,4,16,19,6,5,17,18]",0.0005546370016418223,0.17539091408252716,581775744.0,581.775744,579943744.0,PASS_ODB_EXTRACTED,step_final_cooling,1200.0,,0.17142857142857149,18.0,0.10526315789473684,0.8738364243540574,18.0,0.10526315789473684,0.6103634466287652,5.0,0.7894736842105263,0.06083974254077347,4.5,0.8157894736842105,0.46875,0.2092105263157895,18,False,True,False,False,False,False,,,,,,,,,,,,,,,,,
probe60_run08,24,N24_A10_graph_pointer_policy_zero_shot_or_proxy_best,,J2D_N24_N24_A10_graph_pointer_policy_zero_shot_or_proxy_best,N24_A10,graph_pointer_proxy,,nan,nan,nan,nan,,"[0,23,2,11,4,17,6,5,8,10,14,12,20,16,1,18,3,22,7,9,13,15,19,21]",0.00018885933013734757,0.15415936708450317,583863616.0,583.863616,579943360.0,PASS_ODB_EXTRACTED,step_final_cooling,1200.0,,0.8571428571428573,7.0,0.6842105263157895,0.2325570454315514,2.0,0.9473684210526316,0.013468852728227114,10.0,0.5263157894736843,0.2832733322424044,3.0,0.8947368421052632,0.28125,0.7315789473684212,5,False,True,False,False,False,False,,,,,,,,,,,,,,,,,
probe60_run08,24,N24_A11_graph_pointer_policy_diverse_01,,J2D_N24_N24_A11_graph_pointer_policy_diverse_01,N24_A11,graph_pointer_proxy,,nan,nan,nan,nan,,"[0,11,23,22,1,9,20,2,7,21,18,3,5,16,4,19,14,12,6,17,10,8,15,13]",0.0002307547981672542,0.16373257339000702,589194880.0,589.19488,579943936.0,PASS_ODB_EXTRACTED,step_final_cooling,1200.0,,0.647142857142857,8.0,0.631578947368421,0.30600794692420186,12.0,0.42105263157894735,0.2826058633559315,19.0,0.052631578947368474,0.8512450226367753,7.0,0.6842105263157895,0.5625,0.5342105263157895,10,False,False,False,False,False,False,,,,,,,,,,,,,,,,,
probe60_run08,24,N24_A12_graph_pointer_policy_diverse_02,,J2D_N24_N24_A12_graph_pointer_policy_diverse_02,N24_A12,graph_pointer_proxy,,nan,nan,nan,nan,,"[9,14,8,15,7,16,6,17,5,18,4,19,3,20,2,21,1,22,0,23,11,12,10,13]",0.0005429062013035946,0.16415530443191528,583079232.0,583.079232,579943936.0,PASS_ODB_EXTRACTED,step_final_cooling,1200.0,,0.3242857142857143,16.0,0.21052631578947367,0.8532700504575289,13.0,0.368421052631579,0.29449034231605953,7.0,0.6842105263157895,0.19970817651230022,7.0,0.6842105263157895,0.5625,0.31315789473684214,15,False,True,False,False,False,False,,,,,,,,,,,,,,,,,
probe60_run08,24,N24_A13_graph_pointer_policy_anti_odd_even_novelty,,J2D_N24_N24_A13_graph_pointer_policy_anti_odd_even_novelty,N24_A13,graph_pointer_proxy,,nan,nan,nan,nan,,"[1,22,3,20,5,18,7,16,9,14,11,12,13,10,15,8,17,6,19,4,21,2,23,0]",0.0002316626496394747,0.16216421127319336,581204672.0,581.204672,579944256.0,PASS_ODB_EXTRACTED,step_final_cooling,1200.0,,0.7428571428571429,9.0,0.5789473684210527,0.30759958707507506,9.0,0.5789473684210527,0.23851360437491595,1.0,1.0,0.0,11.5,0.4473684210526315,0.71875,0.6144736842105264,8,False,True,False,False,False,False,,,,,,,,,,,,,,,,,
probe60_run08,24,N24_A14_graph_pointer_policy_u2first_proxy,,J2D_N24_N24_A14_graph_pointer_policy_u2first_proxy,N24_A14,graph_pointer_proxy,,nan,nan,nan,nan,,"[0,11,2,12,4,10,6,13,8,9,14,15,16,7,18,20,22,17,1,5,3,19,21,23]",0.00037357585802055837,0.1622905135154724,583235840.0,583.23584,579944640.0,PASS_ODB_EXTRACTED,step_final_cooling,1200.0,,0.55,13.0,0.368421052631579,0.5564010345696857,10.0,0.5263157894736843,0.24206441137079332,8.0,0.631578947368421,0.21639257077401408,17.0,0.1578947368421053,0.90625,0.4157894736842106,11,False,False,False,False,False,False,,,,,,,,,,,,,,,,,
probe60_run08,24,N24_A15_graph_pointer_policy_balanced_dispersion_proxy,,J2D_N24_N24_A15_graph_pointer_policy_balanced_dispersion_proxy,N24_A15,graph_pointer_proxy,,nan,nan,nan,nan,,"[0,11,23,12,10,17,13,5,9,8,14,20,15,2,7,1,16,3,6,4,18,19,21,22]",0.000441046652440491,0.1661432981491089,583990144.0,583.990144,579944128.0,PASS_ODB_EXTRACTED,step_final_cooling,1200.0,,0.3771428571428571,14.0,0.3157894736842105,0.6746904560181275,16.0,0.21052631578947367,0.3503799438892061,11.0,0.4736842105263158,0.29675312278405064,9.5,0.5526315789473684,0.65625,0.3223684210526316,14,False,False,False,False,False,False,,,,,,,,,,,,,,,,,
probe60_run08,40,N40_A01_raster_left_to_right,,J2D_N40_N40_A01_raster_left_to_right,N40_A01,raster,,nan,nan,nan,nan,,"[0,1,2,3,4,5,6,7,8,9,10,11,12,13,14,15,16,17,18,19,20,21,22,23,24,25,26,27,28,29,30,31,32,33,34,35,36,37,38,39]",0.0015270577277988195,0.20001305639743805,585953088.0,585.953088,579928512.0,PASS_ODB_EXTRACTED,step_final_cooling,1200.0,,0.3842857142857143,13.0,0.368421052631579,0.723456328064674,19.0,0.052631578947368474,0.9880718889484135,12.0,0.42105263157894735,0.3141768389961073,20.0,0.0,1.0,0.2921052631578948,14,False,False,False,False,False,False,,,,,,,,,,,,,,,,,
probe60_run08,40,N40_A02_odd_even_interlaced,,J2D_N40_N40_A02_odd_even_interlaced,N40_A02,odd_even,,nan,nan,nan,nan,,"[0,2,4,6,8,10,12,14,16,18,20,22,24,26,28,30,32,34,36,38,1,3,5,7,9,11,13,15,17,19,21,23,25,27,29,31,33,35,37,39]",0.00015956887364154682,0.15780819952487946,587307392.0,587.307392,579927744.0,PASS_ODB_EXTRACTED,step_final_cooling,1200.0,,0.85,5.0,0.7894736842105263,0.03539202630247005,6.0,0.736842105263158,0.08274114173857565,14.0,0.3157894736842105,0.4106324013382805,19.0,0.052631578947368474,0.8285714285714286,0.6947368421052632,6,False,False,False,False,False,False,,,,,,,,,,,,,,,,,
probe60_run08,40,N40_A03_greedy_maximin_distance,,J2D_N40_N40_A03_greedy_maximin_distance,N40_A03,maximin,,nan,nan,nan,nan,,"[0,39,19,29,9,14,24,34,4,2,6,11,16,21,26,31,36,1,3,5,7,8,10,12,13,15,17,18,20,22,23,25,27,28,30,32,33,35,37,38]",0.0006838651936504903,0.16065658628940582,585288896.0,585.288896,579926656.0,PASS_ODB_EXTRACTED,step_final_cooling,1200.0,,0.7642857142857142,9.0,0.5789473684210527,0.2991964297144173,8.0,0.631578947368421,0.14384150574781715,9.0,0.5789473684210527,0.2668720884650798,13.5,0.3421052631578947,0.5857142857142857,0.5776315789473684,9,False,False,False,False,False,False,,,,,,,,,,,,,,,,,
probe60_run08,40,N40_A04_method_c_u2_first_engineering,,J2D_N40_N40_A04_method_c_u2_first_engineering,N40_A04,method_c,,nan,nan,nan,nan,,"[0,2,4,6,8,10,12,14,16,18,20,22,24,26,28,30,32,34,36,38,19,17,15,13,11,9,7,5,3,1,21,23,25,27,29,31,33,35,37,39]",0.0001108189990191022,0.15395095944404602,582221504.0,582.221504,579926528.0,PASS_ODB_EXTRACTED,step_final_cooling,1200.0,,0.9928571428571429,2.0,0.9473684210526316,0.010863088943226596,1.0,1.0,0.0,2.0,0.9473684210526316,0.0484078291230981,12.0,0.42105263157894735,0.5571428571428572,0.9315789473684212,1,True,True,False,False,False,False,,,,,,,,,,,,,,,,,
probe60_run08,40,N40_A05_center_out,,J2D_N40_N40_A05_center_out,N40_A05,center_out,,nan,nan,nan,nan,,"[19,20,18,21,17,22,16,23,15,24,14,25,13,26,12,27,11,28,10,29,9,30,8,31,7,32,6,33,5,34,4,35,3,36,2,37,1,38,0,39]",0.001834161696024239,0.17962194979190826,588607232.0,588.607232,579925632.0,PASS_ODB_EXTRACTED,step_final_cooling,1200.0,,0.16642857142857143,17.0,0.1578947368421053,0.8779784485361021,18.0,0.10526315789473684,0.5506649849192519,16.0,0.21052631578947367,0.5032089559042053,5.5,0.7631578947368421,0.35714285714285715,0.1828947368421053,19,False,False,False,False,False,False,,,,,,,,,,,,,,,,,
probe60_run08,40,N40_A06_edge_in_alternating,,J2D_N40_N40_A06_edge_in_alternating,N40_A06,edge_in,,nan,nan,nan,nan,,"[0,39,1,38,2,37,3,36,4,35,5,34,6,33,7,32,8,31,9,30,10,29,11,28,12,27,13,26,14,25,15,24,16,23,17,22,18,21,19,20]",0.0016398808220401406,0.20056912302970886,595556480.0,595.55648,579926400.0,PASS_ODB_EXTRACTED,step_final_cooling,1200.0,,0.2671428571428571,14.0,0.3157894736842105,0.7802242814749019,20.0,0.0,1.0,19.0,0.052631578947368474,0.9981448223678813,10.0,0.5263157894736843,0.5285714285714286,0.2368421052631579,17,False,False,False,False,False,False,,,,,,,,,,,,,,,,,
probe60_run08,40,N40_A07_regular_jump_coprime,,J2D_N40_N40_A07_regular_jump_coprime,N40_A07,regular_jump,,nan,nan,nan,nan,,"[0,13,26,39,12,25,38,11,24,37,10,23,36,9,22,35,8,21,34,7,20,33,6,19,32,5,18,31,4,17,30,3,16,29,2,15,28,1,14,27]",0.002076672622933984,0.1631038337945938,595582528.0,595.582528,579924032.0,PASS_ODB_EXTRACTED,step_final_cooling,1200.0,,0.09642857142857142,20.0,0.0,1.0,11.0,0.4736842105263158,0.19633708508763967,20.0,0.0,1.0,1.0,1.0,0.0,0.14473684210526316,20,False,True,False,False,False,False,,,,,,,,,,,,,,,,,
probe60_run08,40,N40_A08_block_interleaved_quarters,,J2D_N40_N40_A08_block_interleaved_quarters,N40_A08,block_interleaved,,nan,nan,nan,nan,,"[0,10,20,30,1,11,21,31,2,12,22,32,3,13,23,33,4,14,24,34,5,15,25,35,6,16,26,36,7,17,27,37,8,18,28,38,9,19,29,39]",0.0020561176352202892,0.1575537621974945,594139136.0,594.139136,579924416.0,PASS_ODB_EXTRACTED,step_final_cooling,1200.0,,0.18571428571428572,19.0,0.052631578947368474,0.9896575732767711,5.0,0.7894736842105263,0.0772832406156065,18.0,0.10526315789473684,0.8971994566654208,3.0,0.8947368421052632,0.08571428571428572,0.24736842105263163,16,False,True,False,False,False,False,,,,,,,,,,,,,,,,,
probe60_run08,40,N40_A09_center_edge_alternating,,J2D_N40_N40_A09_center_edge_alternating,N40_A09,center_edge,,nan,nan,nan,nan,,"[19,0,20,39,18,1,21,38,17,2,22,37,16,3,23,36,15,4,24,35,14,5,25,34,13,6,26,33,12,7,27,32,11,8,28,31,10,9,29,30]",0.0018988421652466059,0.177616149187088,588119552.0,588.119552,579924096.0,PASS_ODB_EXTRACTED,step_final_cooling,1200.0,,0.15285714285714286,18.0,0.10526315789473684,0.9105230076802904,16.0,0.21052631578947367,0.5076388240724286,15.0,0.26315789473684215,0.46847565478198244,2.0,0.9473684210526316,0.014285714285714285,0.1842105263157895,18,False,True,False,False,False,False,,,,,,,,,,,,,,,,,
probe60_run08,40,N40_A10_graph_pointer_policy_zero_shot_or_proxy_best,,J2D_N40_N40_A10_graph_pointer_policy_zero_shot_or_proxy_best,N40_A10,graph_pointer_proxy,,nan,nan,nan,nan,,"[0,39,2,19,4,29,6,9,8,14,10,24,12,34,16,18,20,11,22,21,26,28,31,30,36,32,1,3,5,38,7,13,15,17,23,25,27,33,35,37]",0.0007608353594150685,0.15650783479213715,585921600.0,585.9216,579925632.0,PASS_ODB_EXTRACTED,step_final_cooling,1200.0,,0.75,10.0,0.5263157894736843,0.3379246600779203,4.0,0.8421052631578947,0.0548471915542696,10.0,0.5263157894736843,0.3119342164039638,5.5,0.7631578947368421,0.35714285714285715,0.6013157894736842,8,False,True,False,False,False,False,,,,,,,,,,,,,,,,,
probe60_run08,40,N40_A11_graph_pointer_policy_diverse_01,,J2D_N40_N40_A11_graph_pointer_policy_diverse_01,N40_A11,graph_pointer_proxy,,nan,nan,nan,nan,,"[0,13,39,26,1,38,12,2,25,37,3,11,36,24,4,35,10,5,23,34,6,9,33,22,7,32,8,21,31,30,20,29,19,28,27,18,14,17,15,16]",0.001706571551039815,0.1783028244972229,591114368.0,591.114368,579925952.0,PASS_ODB_EXTRACTED,step_final_cooling,1200.0,,0.27428571428571424,15.0,0.26315789473684215,0.8137803208851476,17.0,0.1578947368421053,0.5223686044266694,17.0,0.1578947368421053,0.6817709425396333,8.0,0.631578947368421,0.42857142857142855,0.25000000000000006,15,False,False,False,False,False,False,,,,,,,,,,,,,,,,,
probe60_run08,40,N40_A12_graph_pointer_policy_diverse_02,,J2D_N40_N40_A12_graph_pointer_policy_diverse_02,N40_A12,graph_pointer_proxy,,nan,nan,nan,nan,,"[15,24,14,25,13,26,12,27,11,28,10,29,9,30,8,31,7,32,6,33,5,34,4,35,3,36,2,37,1,38,0,39,19,20,18,21,17,22,16,23]",0.0017555009108036757,0.17297148704528809,584625472.0,584.625472,579924800.0,PASS_ODB_EXTRACTED,step_final_cooling,1200.0,,0.33142857142857146,16.0,0.21052631578947367,0.8383995678056937,14.0,0.3157894736842105,0.40800679688488894,6.0,0.736842105263158,0.21962203604605582,4.0,0.8421052631578947,0.17142857142857143,0.31578947368421056,13,False,True,False,False,False,False,,,,,,,,,,,,,,,,,
probe60_run08,40,N40_A13_graph_pointer_policy_anti_odd_even_novelty,,J2D_N40_N40_A13_graph_pointer_policy_anti_odd_even_novelty,N40_A13,graph_pointer_proxy,,nan,nan,nan,nan,,"[1,38,3,36,5,34,7,32,9,30,11,28,13,26,15,24,17,22,19,20,21,18,23,16,25,14,27,12,29,10,31,8,33,6,35,4,37,2,39,0]",0.0006711278786042385,0.1731724888086319,581541824.0,581.541824,579925760.0,PASS_ODB_EXTRACTED,step_final_cooling,1200.0,,0.7714285714285715,7.0,0.6842105263157895,0.29278753522362794,15.0,0.26315789473684215,0.41231845886133,1.0,1.0,0.0,7.0,0.6842105263157895,0.38571428571428573,0.6315789473684211,7,False,True,False,False,False,False,,,,,,,,,,,,,,,,,
probe60_run08,40,N40_A14_graph_pointer_policy_u2first_proxy,,J2D_N40_N40_A14_graph_pointer_policy_u2first_proxy,N40_A14,graph_pointer_proxy,,nan,nan,nan,nan,,"[0,19,2,20,4,18,6,21,8,17,10,22,12,16,14,23,15,24,25,13,26,28,30,27,32,11,34,36,38,29,1,9,3,5,7,31,33,35,37,39]",0.0011768606042323881,0.1633206307888031,585949184.0,585.949184,579927232.0,PASS_ODB_EXTRACTED,step_final_cooling,1200.0,,0.6214285714285713,11.0,0.4736842105263158,0.5472514993574145,12.0,0.42105263157894735,0.20098756845150956,11.0,0.4736842105263158,0.31389879026008954,16.0,0.21052631578947367,0.7142857142857143,0.45,11,False,False,False,False,False,False,,,,,,,,,,,,,,,,,
probe60_run08,40,N40_A15_graph_pointer_policy_balanced_dispersion_proxy,,J2D_N40_N40_A15_graph_pointer_policy_balanced_dispersion_proxy,N40_A15,graph_pointer_proxy,,nan,nan,nan,nan,,"[0,19,39,20,18,29,21,9,17,14,22,24,16,34,23,4,15,2,6,11,25,13,26,12,31,27,36,1,28,3,10,5,7,8,30,32,33,35,37,38]",0.001238039828649562,0.16922278702259064,585095872.0,585.095872,579926784.0,PASS_ODB_EXTRACTED,step_final_cooling,1200.0,,0.5785714285714285,12.0,0.42105263157894735,0.5780343757245475,13.0,0.368421052631579,0.32759393343502236,7.0,0.6842105263157895,0.2531246296482,15.0,0.26315789473684215,0.6142857142857143,0.42894736842105263,12,False,False,False,False,False,False,,,,,,,,,,,,,,,,,
batch20_run14,12,S3B20_N12_B01_surrogate_top,S3B20_N12_B01_surrogate_top,J2D_S3B20_N12_B01_surrogate_top,RUN12_N12_C00417,mutation,surrogate_top,0.7767226608929189,2.0,0.1078570361595807,0.045454545454545456,N12_A02_odd_even_interlaced,"[0,2,4,10,8,6,1,3,5,7,9,11]",3.767202088056365e-05,0.1479470580816269,585915072.0,585.915072,579939584.0,PASS_TEACHER_FIELDS_EXTRACTED,step_final_cooling,1200.0,AC YIELD;HFL;NT11;PEEQ;RF;S;U,,4.0,0.8421052631578947,0.10606343614535424,6.0,0.736842105263158,0.21783297248560937,19.0,0.052631578947368474,0.9969840798971621,17.0,0.1578947368421053,1.0,0.7078947368421054,4,False,False,False,False,False,False,RUN12_N12_C00417,3.0,0.25714208342250505,0.5,3.0,0.35627010099302425,0.5,5.0,1.0,0.0,4.0,1.0,0.25,0.43750000000000006,3,False,False
batch20_run14,12,S3B20_N12_B02_diversity_top,S3B20_N12_B02_diversity_top,J2D_S3B20_N12_B02_diversity_top,RUN12_N12_C00026,regular_jump_sentinel,diversity_top,0.7420064397319364,49.0,0.1732309693755779,0.4090909090909091,N12_A06_edge_in_alternating,"[1,11,9,7,5,3,0,2,4,6,8,10]",2.3353248252533376e-05,0.14696112275123596,582776448.0,582.776448,579939520.0,PASS_TEACHER_FIELDS_EXTRACTED,step_final_cooling,1200.0,AC YIELD;HFL;NT11;PEEQ;RF;S;U,,1.0,1.0,0.0,5.0,0.7894736842105263,0.189666842336931,14.0,0.3157894736842105,0.3908212202116088,13.0,0.368421052631579,0.96,0.8578947368421053,1,True,True,True,False,False,True,RUN12_N12_C00026,1.0,0.0,1.0,2.0,0.2896877628978437,0.75,3.0,0.33021483494721315,0.5,2.0,0.9473684210526315,0.75,0.8875000000000001,1,True,True
batch20_run14,12,S3B20_N12_B03_method_c_inspired,S3B20_N12_B03_method_c_inspired,J2D_S3B20_N12_B03_method_c_inspired,RUN12_N12_C00134,method_c_inspired,method_c_inspired,0.5524798939236236,343.0,0.10988264889627439,0.045454545454545456,N12_A15_graph_pointer_policy_balanced_dispersion_proxy,"[0,5,11,6,8,4,2,7,1,3,9,10]",7.903753157734172e-05,0.15747925639152527,581229056.0,581.229056,579938368.0,PASS_TEACHER_FIELDS_EXTRACTED,step_final_cooling,1200.0,AC YIELD;HFL;NT11;PEEQ;RF;S;U,,12.0,0.42105263157894735,0.41247015942965476,11.0,0.4736842105263158,0.4901481334537767,5.0,0.7894736842105263,0.09197320280826658,8.5,0.6052631578947368,0.24,0.47763157894736846,11,False,True,False,False,False,False,RUN12_N12_C00134,5.0,1.0,0.0,5.0,1.0,0.0,1.0,0.0,1.0,1.0,0.0,1.0,0.15000000000000002,5,False,True
batch20_run14,12,S3B20_N12_B04_surrogate_top,S3B20_N12_B04_surrogate_top,J2D_S3B20_N12_B04_surrogate_top,RUN12_N12_C00024,regular_jump_sentinel,surrogate_top,0.776602931332815,3.0,0.09967508742031235,0.15151515151515152,N12_A02_odd_even_interlaced,"[0,10,8,6,4,2,1,3,5,7,9,11]",3.2932137401076034e-05,0.14267149567604065,582234944.0,582.234944,579939584.0,PASS_TEACHER_FIELDS_EXTRACTED,step_final_cooling,1200.0,AC YIELD;HFL;NT11;PEEQ;RF;S;U,,2.0,0.9473684210526316,0.07095370000924724,2.0,0.9473684210526316,0.06712108221964345,12.0,0.42105263157894735,0.28624048254721646,17.0,0.1578947368421053,1.0,0.855263157894737,2,True,True,False,False,False,False,RUN12_N12_C00024,2.0,0.17202141388205835,0.75,1.0,0.0,1.0,2.0,0.2146573976700037,0.75,4.0,1.0,0.25,0.7749999999999999,2,True,True
batch20_run14,12,S3B20_N12_B05_surrogate_top,S3B20_N12_B05_surrogate_top,J2D_S3B20_N12_B05_surrogate_top,RUN12_N12_C00414,mutation,surrogate_top,0.7726359545437126,5.0,0.1050507539805205,0.015151515151515152,N12_A02_odd_even_interlaced,"[0,2,4,6,10,8,1,3,5,7,9,11]",3.931116134481272e-05,0.14962293207645416,585543936.0,585.543936,579939584.0,PASS_TEACHER_FIELDS_EXTRACTED,step_final_cooling,1200.0,AC YIELD;HFL;NT11;PEEQ;RF;S;U,,5.0,0.7894736842105263,0.11820504035120738,8.0,0.631578947368421,0.26570922115637574,18.0,0.10526315789473684,0.9253065361416,17.0,0.1578947368421053,1.0,0.6578947368421054,6,False,False,False,False,False,False,RUN12_N12_C00414,4.0,0.28657840488304903,0.25,4.0,0.4694454842955646,0.25,4.0,0.9207992460973244,0.25,4.0,1.0,0.25,0.25,4,False,False
batch20_run14,16,S3B20_N16_B01_surrogate_top,S3B20_N16_B01_surrogate_top,J2D_S3B20_N16_B01_surrogate_top,RUN12_N16_C01673,mutation,surrogate_top,0.8064539049176901,2.0,0.09729417405795705,0.008333333333333333,N16_A04_method_c_u2_first_engineering,"[0,2,4,6,8,10,14,12,7,5,3,1,9,11,13,15]",5.233794854575535e-05,0.15044885873794556,581672320.0,581.67232,579948352.0,PASS_TEACHER_FIELDS_EXTRACTED,step_final_cooling,1200.0,AC YIELD;HFL;NT11;PEEQ;RF;S;U,,6.0,0.736842105263158,0.026891731950531624,2.0,0.9473684210526316,0.049840698559161345,7.0,0.6842105263157895,0.11130369045533747,19.5,0.02631578947368418,1.0,0.7381578947368421,4,False,False,False,False,False,False,RUN12_N16_C01673,3.0,0.19176561676139295,0.5,2.0,0.10528286945287482,0.75,2.0,0.05683601015737461,0.75,5.0,1.0,0.0,0.55,3,False,False
batch20_run14,16,S3B20_N16_B02_diversity_top,S3B20_N16_B02_diversity_top,J2D_S3B20_N16_B02_diversity_top,RUN12_N16_C01688,mutation,diversity_top,0.7334030970777086,120.0,0.11906715403470836,0.375,N16_A03_greedy_maximin_distance,"[1,9,11,13,15,0,2,4,6,8,10,12,14,7,5,3]",7.41247381483845e-05,0.16351349651813507,581958912.0,581.958912,579947200.0,PASS_TEACHER_FIELDS_EXTRACTED,step_final_cooling,1200.0,AC YIELD;HFL;NT11;PEEQ;RF;S;U,,8.0,0.631578947368421,0.12039242657140381,11.0,0.4736842105263158,0.4733979878984046,10.0,0.5263157894736843,0.1525873751947561,6.0,0.736842105263158,0.28,0.5947368421052632,9,False,True,False,False,False,False,RUN12_N16_C01688,5.0,1.0,0.0,5.0,1.0,0.0,3.0,0.12926391382405744,0.5,1.0,0.0,1.0,0.1,5,False,True
batch20_run14,16,S3B20_N16_B03_method_c_inspired,S3B20_N16_B03_method_c_inspired,J2D_S3B20_N16_B03_method_c_inspired,RUN12_N16_C01488,method_c_inspired,method_c_inspired,0.6973127116819496,167.0,0.13823169772875507,0.05,N16_A03_greedy_maximin_distance,"[0,15,7,11,3,5,9,13,1,2,4,12,10,8,6,14]",6.606194119740394e-05,0.15563784539699554,582991360.0,582.99136,579948032.0,PASS_TEACHER_FIELDS_EXTRACTED,step_final_cooling,1200.0,AC YIELD;HFL;NT11;PEEQ;RF;S;U,,7.0,0.6842105263157895,0.0857899390432387,9.0,0.5789473684210527,0.21806833415862512,17.0,0.1578947368421053,0.3013118955646314,11.0,0.4736842105263158,0.8,0.6000000000000001,8,False,True,False,False,False,False,RUN12_N16_C01488,4.0,0.7008907764883593,0.25,4.0,0.4606448268331561,0.25,4.0,0.39018551765409937,0.25,2.0,0.7222222222222222,0.75,0.275,4,False,True
batch20_run14,16,S3B20_N16_B04_surrogate_top,S3B20_N16_B04_surrogate_top,J2D_S3B20_N16_B04_surrogate_top,RUN12_N16_C01764,mutation,surrogate_top,0.8064539049176901,3.0,0.09729417405795705,0.025,N16_A04_method_c_u2_first_engineering,"[0,2,4,6,8,14,12,10,7,5,3,1,9,11,13,15]",4.716870898846537e-05,0.1489115208387375,581447424.0,581.447424,579948288.0,PASS_TEACHER_FIELDS_EXTRACTED,step_final_cooling,1200.0,AC YIELD;HFL;NT11;PEEQ;RF;S;U,,2.0,0.9473684210526316,0.004707302849973488,1.0,1.0,0.0,5.0,0.7894736842105263,0.07890733758032249,16.5,0.1842105263157895,0.96,0.9039473684210527,1,True,True,False,True,False,True,RUN12_N16_C01764,1.0,0.0,1.0,1.0,0.0,1.0,1.0,0.0,1.0,3.5,0.9444444444444444,0.375,0.9687500000000001,1,True,True
batch20_run14,16,S3B20_N16_B05_surrogate_top,S3B20_N16_B05_surrogate_top,J2D_S3B20_N16_B05_surrogate_top,RUN12_N16_C01668,mutation,surrogate_top,0.8006184221134572,4.0,0.13048758531361718,0.05,N16_A02_odd_even_interlaced,"[0,2,4,6,8,14,12,10,7,1,3,5,9,11,13,15]",4.960947671861504e-05,0.15050330758094788,585404352.0,585.404352,579948288.0,PASS_TEACHER_FIELDS_EXTRACTED,step_final_cooling,1200.0,AC YIELD;HFL;NT11;PEEQ;RF;S;U,,3.0,0.8947368421052632,0.015182158592357125,3.0,0.8947368421052632,0.05160593726977379,18.0,0.10526315789473684,0.648904295236427,16.5,0.1842105263157895,0.96,0.7802631578947369,3,False,False,False,False,False,False,RUN12_N16_C01668,2.0,0.0905462639051766,0.75,3.0,0.1090117376689165,0.5,5.0,1.0,0.0,3.5,0.9444444444444444,0.375,0.6062500000000001,2,False,False
batch20_run14,24,S3B20_N24_B01_surrogate_top,S3B20_N24_B01_surrogate_top,J2D_S3B20_N24_B01_surrogate_top,RUN12_N24_C03770,mutation,surrogate_top,0.8347378384911193,2.0,0.10394682141434419,0.036231884057971016,N24_A02_odd_even_interlaced,"[0,2,4,6,8,10,12,22,20,18,16,14,1,3,5,7,9,11,13,15,17,19,21,23]",7.634673784195911e-05,0.16024285554885864,586730944.0,586.730944,579944704.0,PASS_TEACHER_FIELDS_EXTRACTED,step_final_cooling,1200.0,AC YIELD;HFL;NT11;PEEQ;RF;S;U,,4.0,0.8421052631578947,0.03530059450774157,8.0,0.631578947368421,0.18449743471370467,16.0,0.21052631578947367,0.5887470681285114,19.0,0.052631578947368474,0.9375,0.6973684210526316,7,False,False,False,False,False,False,RUN12_N24_C03770,3.0,0.09644316242309893,0.5,4.0,0.5757292912654993,0.25,5.0,1.0,0.0,4.0,0.6,0.25,0.3875,4,False,False
batch20_run14,24,S3B20_N24_B02_diversity_top,S3B20_N24_B02_diversity_top,J2D_S3B20_N24_B02_diversity_top,RUN12_N24_C03804,mutation,diversity_top,0.719315156280346,169.0,0.1942215495915949,0.358695652173913,N24_A01_raster_left_to_right,"[3,5,7,9,11,13,15,17,19,21,23,0,2,4,6,8,10,12,14,16,18,20,22,1]",7.592932161060162e-05,0.15607720613479614,581836224.0,581.836224,579944512.0,PASS_TEACHER_FIELDS_EXTRACTED,step_final_cooling,1200.0,AC YIELD;HFL;NT11;PEEQ;RF;S;U,,3.0,0.8947368421052632,0.0345687826929413,6.0,0.736842105263158,0.06738615612574951,6.0,0.736842105263158,0.06728304150984564,13.0,0.368421052631579,0.84375,0.8210526315789475,3,False,True,False,False,False,False,RUN12_N24_C03804,2.0,0.0943165309861841,0.75,2.0,0.21028034328816728,0.75,3.0,0.022144939395489182,0.5,1.0,0.0,1.0,0.7375000000000002,2,True,True
batch20_run14,24,S3B20_N24_B03_method_c_inspired,S3B20_N24_B03_method_c_inspired,J2D_S3B20_N24_B03_method_c_inspired,RUN12_N24_C03389,method_c_inspired,method_c_inspired,0.5489598384131847,560.0,0.10997570694666914,0.0036231884057971015,N24_A03_greedy_maximin_distance,"[0,23,11,17,5,8,14,20,2,1,3,4,6,7,9,12,10,13,15,16,18,19,21,22]",0.00025369730428792536,0.1650789976119995,584643072.0,584.643072,579944576.0,PASS_TEACHER_FIELDS_EXTRACTED,step_final_cooling,1200.0,AC YIELD;HFL;NT11;PEEQ;RF;S;U,,11.0,0.4736842105263158,0.34623062102969276,15.0,0.26315789473684215,0.32045865567854726,13.0,0.368421052631579,0.3663134784268805,14.5,0.2894736842105263,0.875,0.4118421052631579,12,False,False,False,False,False,False,RUN12_N24_C03389,5.0,1.0,0.0,5.0,1.0,0.0,4.0,0.5828900935917762,0.25,2.0,0.2,0.75,0.0625,5,False,False
batch20_run14,24,S3B20_N24_B04_surrogate_top,S3B20_N24_B04_surrogate_top,J2D_S3B20_N24_B04_surrogate_top,RUN12_N24_C03428,mutation,surrogate_top,0.82620638507642,3.0,0.11953695102806776,0.010869565217391304,N24_A04_method_c_u2_first_engineering,"[0,2,4,6,8,10,12,14,16,18,20,22,11,9,7,5,3,1,13,15,17,23,21,19]",5.741682798543479e-05,0.1594105213880539,581725376.0,581.725376,579944832.0,PASS_TEACHER_FIELDS_EXTRACTED,step_final_cooling,1200.0,AC YIELD;HFL;NT11;PEEQ;RF;S;U,,2.0,0.9473684210526316,0.0021127818511605515,7.0,0.6842105263157895,0.1610975495828975,2.0,0.9473684210526316,0.05547373588610702,20.0,0.0,1.0,0.8473684210526315,2,False,True,False,False,False,False,RUN12_N24_C03428,1.0,0.0,1.0,3.0,0.5027093096979561,0.5,1.0,0.0,1.0,5.0,1.0,0.0,0.85,1,True,True
batch20_run14,24,S3B20_N24_B05_surrogate_top,S3B20_N24_B05_surrogate_top,J2D_S3B20_N24_B05_surrogate_top,RUN12_N24_C03479,mutation,surrogate_top,0.8222931238041691,4.0,0.12347004929761034,0.010869565217391304,N24_A04_method_c_u2_first_engineering,"[0,4,8,2,6,10,12,14,16,18,20,22,11,9,7,5,3,1,13,15,17,19,21,23]",9.08282927412074e-05,0.15368027985095978,581741824.0,581.741824,579944640.0,PASS_TEACHER_FIELDS_EXTRACTED,step_final_cooling,1200.0,AC YIELD;HFL;NT11;PEEQ;RF;S;U,,6.0,0.736842105263158,0.06068957599867031,1.0,1.0,0.0,4.0,0.8421052631578947,0.057226040473463156,17.0,0.1578947368421053,0.90625,0.7710526315789475,4,True,True,False,True,False,False,RUN12_N24_C03479,4.0,0.17022306744498492,0.25,1.0,0.0,1.0,2.0,0.003285940776351455,0.75,3.0,0.4,0.5,0.4625000000000001,3,True,True
batch20_run14,40,S3B20_N40_B01_surrogate_top,S3B20_N40_B01_surrogate_top,J2D_S3B20_N40_B01_surrogate_top,RUN12_N40_C06776,mutation,surrogate_top,0.8395447829355638,2.0,0.10432136796679892,0.02564102564102564,N40_A02_odd_even_interlaced,"[0,2,4,6,8,10,12,14,16,18,20,22,24,26,28,38,36,34,32,30,9,7,5,3,1,11,13,15,17,19,21,23,25,27,29,31,33,35,37,39]",0.00011389043356757611,0.16068832576274872,582971072.0,582.971072,579927616.0,PASS_TEACHER_FIELDS_EXTRACTED,step_final_cooling,1200.0,AC YIELD;HFL;NT11;PEEQ;RF;S;U,,4.0,0.8421052631578947,0.012408508828426599,9.0,0.5789473684210527,0.1445223449508581,5.0,0.7894736842105263,0.10179318643851476,18.0,0.10526315789473684,0.8,0.7473684210526317,5,False,False,False,False,False,False,RUN12_N40_C06776,3.0,0.041626451103898066,0.5,4.0,0.8197005818130902,0.25,3.0,0.19701728191662804,0.5,5.0,1.0,0.0,0.425,4,False,False
batch20_run14,40,S3B20_N40_B02_diversity_top,S3B20_N40_B02_diversity_top,J2D_S3B20_N40_B02_diversity_top,RUN12_N40_C06615,mutation,diversity_top,0.7894239870934516,153.0,0.11669547856068888,0.40897435897435896,N40_A04_method_c_u2_first_engineering,"[1,21,23,25,27,29,31,33,35,37,39,0,2,4,6,8,10,12,14,16,18,20,22,24,26,28,30,32,34,36,38,19,17,15,13,11,9,7,5,3]",8.922922461351845e-05,0.15504635870456696,585152448.0,585.152448,579926080.0,PASS_TEACHER_FIELDS_EXTRACTED,step_final_cooling,1200.0,AC YIELD;HFL;NT11;PEEQ;RF;S;U,,1.0,1.0,0.0,3.0,0.8947368421052632,0.023497263218189467,8.0,0.631578947368421,0.2571540572324579,9.0,0.5789473684210527,0.45714285714285713,0.9210526315789473,2,True,True,True,False,False,False,RUN12_N40_C06615,1.0,0.0,1.0,2.0,0.12214021732321763,0.75,4.0,0.7819595325130001,0.25,1.0,0.0,1.0,0.8750000000000001,1,True,True
batch20_run14,40,S3B20_N40_B03_method_c_inspired,S3B20_N40_B03_method_c_inspired,J2D_S3B20_N40_B03_method_c_inspired,RUN12_N40_C06558,method_c_inspired,method_c_inspired,0.5629030228423816,643.0,0.12999538322163598,0.007692307692307693,N40_A03_greedy_maximin_distance,"[0,39,19,29,9,14,24,34,4,2,6,26,21,16,11,31,36,1,3,5,7,8,10,12,13,15,17,18,20,22,23,25,27,28,30,32,33,35,37,38]",0.0006816700476974802,0.16214661300182343,585965568.0,585.965568,579926656.0,PASS_TEACHER_FIELDS_EXTRACTED,step_final_cooling,1200.0,AC YIELD;HFL;NT11;PEEQ;RF;S;U,,8.0,0.631578947368421,0.2980919223081359,10.0,0.5263157894736843,0.17580386972381581,13.0,0.368421052631579,0.3150656833161642,13.5,0.3421052631578947,0.5857142857142857,0.5697368421052632,10,False,False,False,False,False,False,RUN12_N40_C06558,5.0,1.0,0.0,5.0,1.0,0.0,5.0,1.0,0.0,3.0,0.375,0.5,0.025,5,False,False
batch20_run14,40,S3B20_N40_B04_surrogate_top,S3B20_N40_B04_surrogate_top,J2D_S3B20_N40_B04_surrogate_top,RUN12_N40_C06588,mutation,surrogate_top,0.838407207071885,3.0,0.11608152927012619,0.007692307692307693,N40_A04_method_c_u2_first_engineering,"[0,2,10,8,6,4,12,14,16,18,20,22,24,26,28,30,32,34,36,38,19,17,15,13,11,9,7,5,3,1,21,23,25,27,29,31,33,35,37,39]",0.00018071313115797238,0.15405847132205963,582236352.0,582.236352,579926464.0,PASS_TEACHER_FIELDS_EXTRACTED,step_final_cooling,1200.0,AC YIELD;HFL;NT11;PEEQ;RF;S;U,,6.0,0.736842105263158,0.04603094942062979,2.0,0.9473684210526316,0.002306222934244358,3.0,0.8947368421052632,0.049465325955165784,11.0,0.4736842105263158,0.5428571428571428,0.7815789473684212,4,False,True,False,False,False,False,RUN12_N40_C06588,4.0,0.15441864061330673,0.25,1.0,0.0,1.0,1.0,0.0,1.0,2.0,0.25,0.75,0.5,3,True,True
batch20_run14,40,S3B20_N40_B05_surrogate_top,S3B20_N40_B05_surrogate_top,J2D_S3B20_N40_B05_surrogate_top,RUN12_N40_C06597,mutation,surrogate_top,0.838407207071885,4.0,0.11608152927012619,0.019230769230769232,N40_A04_method_c_u2_first_engineering,"[0,2,4,6,8,10,12,14,16,18,20,22,24,26,28,30,32,34,36,38,19,17,15,13,11,9,7,5,3,1,21,23,35,33,31,29,27,25,37,39]",0.00011205847840756178,0.1585296392440796,582652032.0,582.652032,579927296.0,PASS_TEACHER_FIELDS_EXTRACTED,step_final_cooling,1200.0,AC YIELD;HFL;NT11;PEEQ;RF;S;U,,3.0,0.8947368421052632,0.011486744132354013,7.0,0.6842105263157895,0.09821664878797837,4.0,0.8421052631578947,0.07907067907706053,17.0,0.1578947368421053,0.7285714285714285,0.8105263157894738,3,False,False,False,False,False,False,RUN12_N40_C06597,2.0,0.038534234820627684,0.75,3.0,0.5528053413315746,0.5,2.0,0.11146578798331874,0.75,4.0,0.7916666666666666,0.25,0.675,2,False,True
